2025-04-21 00:03:15-156 [AsyncResolver-bootstrap-executor-%d] INFO  c.n.d.s.r.aws.ConfigClusterResolver - Resolving eureka endpoints via configuration 
2025-04-21 07:19:22-469 [AsyncResolver-bootstrap-executor-%d] INFO  c.n.d.s.r.aws.ConfigClusterResolver - Resolving eureka endpoints via configuration 
2025-04-21 07:24:22-470 [AsyncResolver-bootstrap-executor-%d] INFO  c.n.d.s.r.aws.ConfigClusterResolver - Resolving eureka endpoints via configuration 
2025-04-21 07:29:22-484 [AsyncResolver-bootstrap-executor-%d] INFO  c.n.d.s.r.aws.ConfigClusterResolver - Resolving eureka endpoints via configuration 
2025-04-21 07:34:22-490 [AsyncResolver-bootstrap-executor-%d] INFO  c.n.d.s.r.aws.ConfigClusterResolver - Resolving eureka endpoints via configuration 
2025-04-21 07:39:22-503 [AsyncResolver-bootstrap-executor-%d] INFO  c.n.d.s.r.aws.ConfigClusterResolver - Resolving eureka endpoints via configuration 
2025-04-21 07:44:22-518 [AsyncResolver-bootstrap-executor-%d] INFO  c.n.d.s.r.aws.ConfigClusterResolver - Resolving eureka endpoints via configuration 
2025-04-21 07:49:22-522 [AsyncResolver-bootstrap-executor-%d] INFO  c.n.d.s.r.aws.ConfigClusterResolver - Resolving eureka endpoints via configuration 
2025-04-21 07:54:22-535 [AsyncResolver-bootstrap-executor-%d] INFO  c.n.d.s.r.aws.ConfigClusterResolver - Resolving eureka endpoints via configuration 
2025-04-21 07:59:22-550 [AsyncResolver-bootstrap-executor-%d] INFO  c.n.d.s.r.aws.ConfigClusterResolver - Resolving eureka endpoints via configuration 
2025-04-21 08:04:22-554 [AsyncResolver-bootstrap-executor-%d] INFO  c.n.d.s.r.aws.ConfigClusterResolver - Resolving eureka endpoints via configuration 
2025-04-21 08:09:22-559 [AsyncResolver-bootstrap-executor-%d] INFO  c.n.d.s.r.aws.ConfigClusterResolver - Resolving eureka endpoints via configuration 
2025-04-21 08:14:22-570 [AsyncResolver-bootstrap-executor-%d] INFO  c.n.d.s.r.aws.ConfigClusterResolver - Resolving eureka endpoints via configuration 
2025-04-21 08:19:22-580 [AsyncResolver-bootstrap-executor-%d] INFO  c.n.d.s.r.aws.ConfigClusterResolver - Resolving eureka endpoints via configuration 
2025-04-21 08:24:22-596 [AsyncResolver-bootstrap-executor-%d] INFO  c.n.d.s.r.aws.ConfigClusterResolver - Resolving eureka endpoints via configuration 
2025-04-21 08:29:22-613 [AsyncResolver-bootstrap-executor-%d] INFO  c.n.d.s.r.aws.ConfigClusterResolver - Resolving eureka endpoints via configuration 
2025-04-21 08:34:22-620 [AsyncResolver-bootstrap-executor-%d] INFO  c.n.d.s.r.aws.ConfigClusterResolver - Resolving eureka endpoints via configuration 
2025-04-21 08:39:22-627 [AsyncResolver-bootstrap-executor-%d] INFO  c.n.d.s.r.aws.ConfigClusterResolver - Resolving eureka endpoints via configuration 
2025-04-21 08:44:22-635 [AsyncResolver-bootstrap-executor-%d] INFO  c.n.d.s.r.aws.ConfigClusterResolver - Resolving eureka endpoints via configuration 
2025-04-21 08:49:22-688 [AsyncResolver-bootstrap-executor-%d] INFO  c.n.d.s.r.aws.ConfigClusterResolver - Resolving eureka endpoints via configuration 
2025-04-21 08:54:22-698 [AsyncResolver-bootstrap-executor-%d] INFO  c.n.d.s.r.aws.ConfigClusterResolver - Resolving eureka endpoints via configuration 
2025-04-21 08:59:22-705 [AsyncResolver-bootstrap-executor-%d] INFO  c.n.d.s.r.aws.ConfigClusterResolver - Resolving eureka endpoints via configuration 
2025-04-21 09:04:22-737 [AsyncResolver-bootstrap-executor-%d] INFO  c.n.d.s.r.aws.ConfigClusterResolver - Resolving eureka endpoints via configuration 
2025-04-21 09:09:22-760 [AsyncResolver-bootstrap-executor-%d] INFO  c.n.d.s.r.aws.ConfigClusterResolver - Resolving eureka endpoints via configuration 
2025-04-21 09:14:22-772 [AsyncResolver-bootstrap-executor-%d] INFO  c.n.d.s.r.aws.ConfigClusterResolver - Resolving eureka endpoints via configuration 
2025-04-21 09:19:22-776 [AsyncResolver-bootstrap-executor-%d] INFO  c.n.d.s.r.aws.ConfigClusterResolver - Resolving eureka endpoints via configuration 
2025-04-21 09:24:22-784 [AsyncResolver-bootstrap-executor-%d] INFO  c.n.d.s.r.aws.ConfigClusterResolver - Resolving eureka endpoints via configuration 
2025-04-21 09:29:22-786 [AsyncResolver-bootstrap-executor-%d] INFO  c.n.d.s.r.aws.ConfigClusterResolver - Resolving eureka endpoints via configuration 
2025-04-21 09:34:22-791 [AsyncResolver-bootstrap-executor-%d] INFO  c.n.d.s.r.aws.ConfigClusterResolver - Resolving eureka endpoints via configuration 
2025-04-21 09:39:22-796 [AsyncResolver-bootstrap-executor-%d] INFO  c.n.d.s.r.aws.ConfigClusterResolver - Resolving eureka endpoints via configuration 
2025-04-21 09:44:22-806 [AsyncResolver-bootstrap-executor-%d] INFO  c.n.d.s.r.aws.ConfigClusterResolver - Resolving eureka endpoints via configuration 
2025-04-21 09:49:22-826 [AsyncResolver-bootstrap-executor-%d] INFO  c.n.d.s.r.aws.ConfigClusterResolver - Resolving eureka endpoints via configuration 
2025-04-21 09:54:22-838 [AsyncResolver-bootstrap-executor-%d] INFO  c.n.d.s.r.aws.ConfigClusterResolver - Resolving eureka endpoints via configuration 
2025-04-21 09:59:22-845 [AsyncResolver-bootstrap-executor-%d] INFO  c.n.d.s.r.aws.ConfigClusterResolver - Resolving eureka endpoints via configuration 
2025-04-21 10:04:22-881 [AsyncResolver-bootstrap-executor-%d] INFO  c.n.d.s.r.aws.ConfigClusterResolver - Resolving eureka endpoints via configuration 
2025-04-21 10:09:22-918 [AsyncResolver-bootstrap-executor-%d] INFO  c.n.d.s.r.aws.ConfigClusterResolver - Resolving eureka endpoints via configuration 
2025-04-21 10:14:22-947 [AsyncResolver-bootstrap-executor-%d] INFO  c.n.d.s.r.aws.ConfigClusterResolver - Resolving eureka endpoints via configuration 
2025-04-21 10:19:22-948 [AsyncResolver-bootstrap-executor-%d] INFO  c.n.d.s.r.aws.ConfigClusterResolver - Resolving eureka endpoints via configuration 
2025-04-21 10:24:22-965 [AsyncResolver-bootstrap-executor-%d] INFO  c.n.d.s.r.aws.ConfigClusterResolver - Resolving eureka endpoints via configuration 
2025-04-21 10:29:22-979 [AsyncResolver-bootstrap-executor-%d] INFO  c.n.d.s.r.aws.ConfigClusterResolver - Resolving eureka endpoints via configuration 
2025-04-21 10:34:22-985 [AsyncResolver-bootstrap-executor-%d] INFO  c.n.d.s.r.aws.ConfigClusterResolver - Resolving eureka endpoints via configuration 
2025-04-21 10:39:22-987 [AsyncResolver-bootstrap-executor-%d] INFO  c.n.d.s.r.aws.ConfigClusterResolver - Resolving eureka endpoints via configuration 
2025-04-21 10:44:22-998 [AsyncResolver-bootstrap-executor-%d] INFO  c.n.d.s.r.aws.ConfigClusterResolver - Resolving eureka endpoints via configuration 
2025-04-21 10:49:23-084 [AsyncResolver-bootstrap-executor-%d] INFO  c.n.d.s.r.aws.ConfigClusterResolver - Resolving eureka endpoints via configuration 
2025-04-21 10:54:23-121 [AsyncResolver-bootstrap-executor-%d] INFO  c.n.d.s.r.aws.ConfigClusterResolver - Resolving eureka endpoints via configuration 
2025-04-21 10:59:23-126 [AsyncResolver-bootstrap-executor-%d] INFO  c.n.d.s.r.aws.ConfigClusterResolver - Resolving eureka endpoints via configuration 
2025-04-21 11:04:23-139 [AsyncResolver-bootstrap-executor-%d] INFO  c.n.d.s.r.aws.ConfigClusterResolver - Resolving eureka endpoints via configuration 
2025-04-21 11:09:23-151 [AsyncResolver-bootstrap-executor-%d] INFO  c.n.d.s.r.aws.ConfigClusterResolver - Resolving eureka endpoints via configuration 
2025-04-21 11:14:23-169 [AsyncResolver-bootstrap-executor-%d] INFO  c.n.d.s.r.aws.ConfigClusterResolver - Resolving eureka endpoints via configuration 
2025-04-21 11:19:23-211 [AsyncResolver-bootstrap-executor-%d] INFO  c.n.d.s.r.aws.ConfigClusterResolver - Resolving eureka endpoints via configuration 
2025-04-21 11:24:23-229 [AsyncResolver-bootstrap-executor-%d] INFO  c.n.d.s.r.aws.ConfigClusterResolver - Resolving eureka endpoints via configuration 
2025-04-21 11:29:23-251 [AsyncResolver-bootstrap-executor-%d] INFO  c.n.d.s.r.aws.ConfigClusterResolver - Resolving eureka endpoints via configuration 
2025-04-21 11:34:23-264 [AsyncResolver-bootstrap-executor-%d] INFO  c.n.d.s.r.aws.ConfigClusterResolver - Resolving eureka endpoints via configuration 
2025-04-21 11:39:23-280 [AsyncResolver-bootstrap-executor-%d] INFO  c.n.d.s.r.aws.ConfigClusterResolver - Resolving eureka endpoints via configuration 
2025-04-21 11:44:23-298 [AsyncResolver-bootstrap-executor-%d] INFO  c.n.d.s.r.aws.ConfigClusterResolver - Resolving eureka endpoints via configuration 
2025-04-21 11:49:23-315 [AsyncResolver-bootstrap-executor-%d] INFO  c.n.d.s.r.aws.ConfigClusterResolver - Resolving eureka endpoints via configuration 
2025-04-21 11:54:23-330 [AsyncResolver-bootstrap-executor-%d] INFO  c.n.d.s.r.aws.ConfigClusterResolver - Resolving eureka endpoints via configuration 
2025-04-21 11:59:23-343 [AsyncResolver-bootstrap-executor-%d] INFO  c.n.d.s.r.aws.ConfigClusterResolver - Resolving eureka endpoints via configuration 
2025-04-21 12:04:23-351 [AsyncResolver-bootstrap-executor-%d] INFO  c.n.d.s.r.aws.ConfigClusterResolver - Resolving eureka endpoints via configuration 
2025-04-21 12:09:23-352 [AsyncResolver-bootstrap-executor-%d] INFO  c.n.d.s.r.aws.ConfigClusterResolver - Resolving eureka endpoints via configuration 
2025-04-21 12:09:26-596 [DiscoveryClient-HeartbeatExecutor-%d] INFO  c.n.d.s.t.d.RedirectingEurekaHttpClient - Request execution error. endpoint=DefaultEndpoint{ serviceUrl='http://localhost:8761/eureka/} exception=I/O error on PUT request for "http://localhost:8761/eureka/apps/SERVICE-CUSTOMER/192.168.1.11:service-customer:8181": Connect to http://localhost:8761 [localhost/127.0.0.1, localhost/0:0:0:0:0:0:0:1] failed: Connection refused: no further information stacktrace=org.springframework.web.client.ResourceAccessException: I/O error on PUT request for "http://localhost:8761/eureka/apps/SERVICE-CUSTOMER/192.168.1.11:service-customer:8181": Connect to http://localhost:8761 [localhost/127.0.0.1, localhost/0:0:0:0:0:0:0:1] failed: Connection refused: no further information
	at org.springframework.web.client.RestTemplate.createResourceAccessException(RestTemplate.java:926)
	at org.springframework.web.client.RestTemplate.doExecute(RestTemplate.java:906)
	at org.springframework.web.client.RestTemplate.execute(RestTemplate.java:841)
	at org.springframework.web.client.RestTemplate.exchange(RestTemplate.java:702)
	at org.springframework.cloud.netflix.eureka.http.RestTemplateEurekaHttpClient.sendHeartBeat(RestTemplateEurekaHttpClient.java:119)
	at com.netflix.discovery.shared.transport.decorator.EurekaHttpClientDecorator$3.execute(EurekaHttpClientDecorator.java:92)
	at com.netflix.discovery.shared.transport.decorator.RedirectingEurekaHttpClient.execute(RedirectingEurekaHttpClient.java:91)
	at com.netflix.discovery.shared.transport.decorator.EurekaHttpClientDecorator.sendHeartBeat(EurekaHttpClientDecorator.java:89)
	at com.netflix.discovery.shared.transport.decorator.EurekaHttpClientDecorator$3.execute(EurekaHttpClientDecorator.java:92)
	at com.netflix.discovery.shared.transport.decorator.RetryableEurekaHttpClient.execute(RetryableEurekaHttpClient.java:120)
	at com.netflix.discovery.shared.transport.decorator.EurekaHttpClientDecorator.sendHeartBeat(EurekaHttpClientDecorator.java:89)
	at com.netflix.discovery.shared.transport.decorator.EurekaHttpClientDecorator$3.execute(EurekaHttpClientDecorator.java:92)
	at com.netflix.discovery.shared.transport.decorator.SessionedEurekaHttpClient.execute(SessionedEurekaHttpClient.java:76)
	at com.netflix.discovery.shared.transport.decorator.EurekaHttpClientDecorator.sendHeartBeat(EurekaHttpClientDecorator.java:89)
	at com.netflix.discovery.DiscoveryClient.renew(DiscoveryClient.java:845)
	at com.netflix.discovery.DiscoveryClient$HeartbeatThread.run(DiscoveryClient.java:1402)
	at java.base/java.util.concurrent.Executors$RunnableAdapter.call(Executors.java:539)
	at java.base/java.util.concurrent.FutureTask.run$$$capture(FutureTask.java:264)
	at java.base/java.util.concurrent.FutureTask.run(FutureTask.java)
	at --- Async.Stack.Trace --- (captured by IntelliJ IDEA debugger)
	at java.base/java.util.concurrent.FutureTask.<init>(FutureTask.java:151)
	at java.base/java.util.concurrent.AbstractExecutorService.newTaskFor(AbstractExecutorService.java:98)
	at java.base/java.util.concurrent.AbstractExecutorService.submit(AbstractExecutorService.java:122)
	at com.netflix.discovery.TimedSupervisorTask.run(TimedSupervisorTask.java:63)
	at java.base/java.util.concurrent.Executors$RunnableAdapter.call(Executors.java:539)
	at java.base/java.util.concurrent.FutureTask.run$$$capture(FutureTask.java:264)
	at java.base/java.util.concurrent.FutureTask.run(FutureTask.java)
	at --- Async.Stack.Trace --- (captured by IntelliJ IDEA debugger)
	at java.base/java.util.concurrent.FutureTask.<init>(FutureTask.java:151)
	at java.base/java.util.concurrent.ScheduledThreadPoolExecutor$ScheduledFutureTask.<init>(ScheduledThreadPoolExecutor.java:215)
	at java.base/java.util.concurrent.ScheduledThreadPoolExecutor.schedule(ScheduledThreadPoolExecutor.java:561)
	at com.netflix.discovery.TimedSupervisorTask.run(TimedSupervisorTask.java:99)
	at java.base/java.util.concurrent.Executors$RunnableAdapter.call(Executors.java:539)
	at java.base/java.util.concurrent.FutureTask.run$$$capture(FutureTask.java:264)
	at java.base/java.util.concurrent.FutureTask.run(FutureTask.java)
	at --- Async.Stack.Trace --- (captured by IntelliJ IDEA debugger)
	at java.base/java.util.concurrent.FutureTask.<init>(FutureTask.java:151)
	at java.base/java.util.concurrent.ScheduledThreadPoolExecutor$ScheduledFutureTask.<init>(ScheduledThreadPoolExecutor.java:215)
	at java.base/java.util.concurrent.ScheduledThreadPoolExecutor.schedule(ScheduledThreadPoolExecutor.java:561)
	at com.netflix.discovery.TimedSupervisorTask.run(TimedSupervisorTask.java:99)
	at java.base/java.util.concurrent.Executors$RunnableAdapter.call(Executors.java:539)
	at java.base/java.util.concurrent.FutureTask.run$$$capture(FutureTask.java:264)
	at java.base/java.util.concurrent.FutureTask.run(FutureTask.java)
	at --- Async.Stack.Trace --- (captured by IntelliJ IDEA debugger)
	at java.base/java.util.concurrent.FutureTask.<init>(FutureTask.java:151)
	at java.base/java.util.concurrent.ScheduledThreadPoolExecutor$ScheduledFutureTask.<init>(ScheduledThreadPoolExecutor.java:215)
	at java.base/java.util.concurrent.ScheduledThreadPoolExecutor.schedule(ScheduledThreadPoolExecutor.java:561)
	at com.netflix.discovery.TimedSupervisorTask.run(TimedSupervisorTask.java:99)
	at java.base/java.util.concurrent.Executors$RunnableAdapter.call(Executors.java:539)
	at java.base/java.util.concurrent.FutureTask.run$$$capture(FutureTask.java:264)
	at java.base/java.util.concurrent.FutureTask.run(FutureTask.java)
	at --- Async.Stack.Trace --- (captured by IntelliJ IDEA debugger)
	at java.base/java.util.concurrent.FutureTask.<init>(FutureTask.java:151)
	at java.base/java.util.concurrent.ScheduledThreadPoolExecutor$ScheduledFutureTask.<init>(ScheduledThreadPoolExecutor.java:215)
	at java.base/java.util.concurrent.ScheduledThreadPoolExecutor.schedule(ScheduledThreadPoolExecutor.java:561)
	at com.netflix.discovery.TimedSupervisorTask.run(TimedSupervisorTask.java:99)
	at java.base/java.util.concurrent.Executors$RunnableAdapter.call(Executors.java:539)
	at java.base/java.util.concurrent.FutureTask.run$$$capture(FutureTask.java:264)
	at java.base/java.util.concurrent.FutureTask.run(FutureTask.java)
	at --- Async.Stack.Trace --- (captured by IntelliJ IDEA debugger)
	at java.base/java.util.concurrent.FutureTask.<init>(FutureTask.java:151)
	at java.base/java.util.concurrent.ScheduledThreadPoolExecutor$ScheduledFutureTask.<init>(ScheduledThreadPoolExecutor.java:215)
	at java.base/java.util.concurrent.ScheduledThreadPoolExecutor.schedule(ScheduledThreadPoolExecutor.java:561)
	at com.netflix.discovery.TimedSupervisorTask.run(TimedSupervisorTask.java:99)
	at java.base/java.util.concurrent.Executors$RunnableAdapter.call(Executors.java:539)
	at java.base/java.util.concurrent.FutureTask.run$$$capture(FutureTask.java:264)
	at java.base/java.util.concurrent.FutureTask.run(FutureTask.java)
	at --- Async.Stack.Trace --- (captured by IntelliJ IDEA debugger)
	at java.base/java.util.concurrent.FutureTask.<init>(FutureTask.java:151)
	at java.base/java.util.concurrent.ScheduledThreadPoolExecutor$ScheduledFutureTask.<init>(ScheduledThreadPoolExecutor.java:215)
	at java.base/java.util.concurrent.ScheduledThreadPoolExecutor.schedule(ScheduledThreadPoolExecutor.java:561)
	at com.netflix.discovery.TimedSupervisorTask.run(TimedSupervisorTask.java:99)
	at java.base/java.util.concurrent.Executors$RunnableAdapter.call(Executors.java:539)
	at java.base/java.util.concurrent.FutureTask.run$$$capture(FutureTask.java:264)
	at java.base/java.util.concurrent.FutureTask.run(FutureTask.java)
	at --- Async.Stack.Trace --- (captured by IntelliJ IDEA debugger)
	at java.base/java.util.concurrent.FutureTask.<init>(FutureTask.java:151)
	at java.base/java.util.concurrent.ScheduledThreadPoolExecutor$ScheduledFutureTask.<init>(ScheduledThreadPoolExecutor.java:215)
	at java.base/java.util.concurrent.ScheduledThreadPoolExecutor.schedule(ScheduledThreadPoolExecutor.java:561)
	at com.netflix.discovery.TimedSupervisorTask.run(TimedSupervisorTask.java:99)
	at java.base/java.util.concurrent.Executors$RunnableAdapter.call(Executors.java:539)
	at java.base/java.util.concurrent.FutureTask.run$$$capture(FutureTask.java:264)
	at java.base/java.util.concurrent.FutureTask.run(FutureTask.java)
	at --- Async.Stack.Trace --- (captured by IntelliJ IDEA debugger)
	at java.base/java.util.concurrent.FutureTask.<init>(FutureTask.java:151)
	at java.base/java.util.concurrent.ScheduledThreadPoolExecutor$ScheduledFutureTask.<init>(ScheduledThreadPoolExecutor.java:215)
	at java.base/java.util.concurrent.ScheduledThreadPoolExecutor.schedule(ScheduledThreadPoolExecutor.java:561)
	at com.netflix.discovery.TimedSupervisorTask.run(TimedSupervisorTask.java:99)
	at java.base/java.util.concurrent.Executors$RunnableAdapter.call(Executors.java:539)
	at java.base/java.util.concurrent.FutureTask.run$$$capture(FutureTask.java:264)
	at java.base/java.util.concurrent.FutureTask.run(FutureTask.java)
	at --- Async.Stack.Trace --- (captured by IntelliJ IDEA debugger)
	at java.base/java.util.concurrent.FutureTask.<init>(FutureTask.java:151)
	at java.base/java.util.concurrent.ScheduledThreadPoolExecutor$ScheduledFutureTask.<init>(ScheduledThreadPoolExecutor.java:215)
	at java.base/java.util.concurrent.ScheduledThreadPoolExecutor.schedule(ScheduledThreadPoolExecutor.java:561)
	at com.netflix.discovery.TimedSupervisorTask.run(TimedSupervisorTask.java:99)
	at java.base/java.util.concurrent.Executors$RunnableAdapter.call(Executors.java:539)
	at java.base/java.util.concurrent.FutureTask.run$$$capture(FutureTask.java:264)
	at java.base/java.util.concurrent.FutureTask.run(FutureTask.java)
	at --- Async.Stack.Trace --- (captured by IntelliJ IDEA debugger)
	at java.base/java.util.concurrent.FutureTask.<init>(FutureTask.java:151)
	at java.base/java.util.concurrent.ScheduledThreadPoolExecutor$ScheduledFutureTask.<init>(ScheduledThreadPoolExecutor.java:215)
	at java.base/java.util.concurrent.ScheduledThreadPoolExecutor.schedule(ScheduledThreadPoolExecutor.java:561)
	at com.netflix.discovery.TimedSupervisorTask.run(TimedSupervisorTask.java:99)
	at java.base/java.util.concurrent.Executors$RunnableAdapter.call(Executors.java:539)
	at java.base/java.util.concurrent.FutureTask.run$$$capture(FutureTask.java:264)
	at java.base/java.util.concurrent.FutureTask.run(FutureTask.java)
	at --- Async.Stack.Trace --- (captured by IntelliJ IDEA debugger)
	at java.base/java.util.concurrent.FutureTask.<init>(FutureTask.java:151)
	at java.base/java.util.concurrent.ScheduledThreadPoolExecutor$ScheduledFutureTask.<init>(ScheduledThreadPoolExecutor.java:215)
	at java.base/java.util.concurrent.ScheduledThreadPoolExecutor.schedule(ScheduledThreadPoolExecutor.java:561)
	at com.netflix.discovery.TimedSupervisorTask.run(TimedSupervisorTask.java:99)
	at java.base/java.util.concurrent.Executors$RunnableAdapter.call(Executors.java:539)
	at java.base/java.util.concurrent.FutureTask.run$$$capture(FutureTask.java:264)
	at java.base/java.util.concurrent.FutureTask.run(FutureTask.java)
	at --- Async.Stack.Trace --- (captured by IntelliJ IDEA debugger)
	at java.base/java.util.concurrent.FutureTask.<init>(FutureTask.java:151)
	at java.base/java.util.concurrent.ScheduledThreadPoolExecutor$ScheduledFutureTask.<init>(ScheduledThreadPoolExecutor.java:215)
	at java.base/java.util.concurrent.ScheduledThreadPoolExecutor.schedule(ScheduledThreadPoolExecutor.java:561)
	at com.netflix.discovery.TimedSupervisorTask.run(TimedSupervisorTask.java:99)
	at java.base/java.util.concurrent.Executors$RunnableAdapter.call(Executors.java:539)
	at java.base/java.util.concurrent.FutureTask.run$$$capture(FutureTask.java:264)
	at java.base/java.util.concurrent.FutureTask.run(FutureTask.java)
	at --- Async.Stack.Trace --- (captured by IntelliJ IDEA debugger)
	at java.base/java.util.concurrent.FutureTask.<init>(FutureTask.java:151)
	at java.base/java.util.concurrent.ScheduledThreadPoolExecutor$ScheduledFutureTask.<init>(ScheduledThreadPoolExecutor.java:215)
	at java.base/java.util.concurrent.ScheduledThreadPoolExecutor.schedule(ScheduledThreadPoolExecutor.java:561)
	at com.netflix.discovery.TimedSupervisorTask.run(TimedSupervisorTask.java:99)
	at java.base/java.util.concurrent.Executors$RunnableAdapter.call(Executors.java:539)
	at java.base/java.util.concurrent.FutureTask.run$$$capture(FutureTask.java:264)
	at java.base/java.util.concurrent.FutureTask.run(FutureTask.java)
	at --- Async.Stack.Trace --- (captured by IntelliJ IDEA debugger)
	at java.base/java.util.concurrent.FutureTask.<init>(FutureTask.java:151)
	at java.base/java.util.concurrent.ScheduledThreadPoolExecutor$ScheduledFutureTask.<init>(ScheduledThreadPoolExecutor.java:215)
	at java.base/java.util.concurrent.ScheduledThreadPoolExecutor.schedule(ScheduledThreadPoolExecutor.java:561)
	at com.netflix.discovery.TimedSupervisorTask.run(TimedSupervisorTask.java:99)
	at java.base/java.util.concurrent.Executors$RunnableAdapter.call(Executors.java:539)
	at java.base/java.util.concurrent.FutureTask.run$$$capture(FutureTask.java:264)
	at java.base/java.util.concurrent.FutureTask.run(FutureTask.java)
	at --- Async.Stack.Trace --- (captured by IntelliJ IDEA debugger)
	at java.base/java.util.concurrent.FutureTask.<init>(FutureTask.java:151)
	at java.base/java.util.concurrent.ScheduledThreadPoolExecutor$ScheduledFutureTask.<init>(ScheduledThreadPoolExecutor.java:215)
	at java.base/java.util.concurrent.ScheduledThreadPoolExecutor.schedule(ScheduledThreadPoolExecutor.java:561)
	at com.netflix.discovery.TimedSupervisorTask.run(TimedSupervisorTask.java:99)
	at java.base/java.util.concurrent.Executors$RunnableAdapter.call(Executors.java:539)
	at java.base/java.util.concurrent.FutureTask.run$$$capture(FutureTask.java:264)
	at java.base/java.util.concurrent.FutureTask.run(FutureTask.java)
	at --- Async.Stack.Trace --- (captured by IntelliJ IDEA debugger)
	at java.base/java.util.concurrent.FutureTask.<init>(FutureTask.java:151)
	at java.base/java.util.concurrent.ScheduledThreadPoolExecutor$ScheduledFutureTask.<init>(ScheduledThreadPoolExecutor.java:215)
	at java.base/java.util.concurrent.ScheduledThreadPoolExecutor.schedule(ScheduledThreadPoolExecutor.java:561)
	at com.netflix.discovery.TimedSupervisorTask.run(TimedSupervisorTask.java:99)
	at java.base/java.util.concurrent.Executors$RunnableAdapter.call(Executors.java:539)
	at java.base/java.util.concurrent.FutureTask.run$$$capture(FutureTask.java:264)
	at java.base/java.util.concurrent.FutureTask.run(FutureTask.java)
	at --- Async.Stack.Trace --- (captured by IntelliJ IDEA debugger)
	at java.base/java.util.concurrent.FutureTask.<init>(FutureTask.java:151)
	at java.base/java.util.concurrent.ScheduledThreadPoolExecutor$ScheduledFutureTask.<init>(ScheduledThreadPoolExecutor.java:215)
	at java.base/java.util.concurrent.ScheduledThreadPoolExecutor.schedule(ScheduledThreadPoolExecutor.java:561)
	at com.netflix.discovery.TimedSupervisorTask.run(TimedSupervisorTask.java:99)
	at java.base/java.util.concurrent.Executors$RunnableAdapter.call(Executors.java:539)
	at java.base/java.util.concurrent.FutureTask.run$$$capture(FutureTask.java:264)
	at java.base/java.util.concurrent.FutureTask.run(FutureTask.java)
	at --- Async.Stack.Trace --- (captured by IntelliJ IDEA debugger)
	at java.base/java.util.concurrent.FutureTask.<init>(FutureTask.java:151)
	at java.base/java.util.concurrent.ScheduledThreadPoolExecutor$ScheduledFutureTask.<init>(ScheduledThreadPoolExecutor.java:215)
	at java.base/java.util.concurrent.ScheduledThreadPoolExecutor.schedule(ScheduledThreadPoolExecutor.java:561)
	at com.netflix.discovery.TimedSupervisorTask.run(TimedSupervisorTask.java:99)
	at java.base/java.util.concurrent.Executors$RunnableAdapter.call(Executors.java:539)
	at java.base/java.util.concurrent.FutureTask.run$$$capture(FutureTask.java:264)
	at java.base/java.util.concurrent.FutureTask.run(FutureTask.java)
	at --- Async.Stack.Trace --- (captured by IntelliJ IDEA debugger)
	at java.base/java.util.concurrent.FutureTask.<init>(FutureTask.java:151)
	at java.base/java.util.concurrent.ScheduledThreadPoolExecutor$ScheduledFutureTask.<init>(ScheduledThreadPoolExecutor.java:215)
	at java.base/java.util.concurrent.ScheduledThreadPoolExecutor.schedule(ScheduledThreadPoolExecutor.java:561)
	at com.netflix.discovery.TimedSupervisorTask.run(TimedSupervisorTask.java:99)
	at java.base/java.util.concurrent.Executors$RunnableAdapter.call(Executors.java:539)
	at java.base/java.util.concurrent.FutureTask.run$$$capture(FutureTask.java:264)
	at java.base/java.util.concurrent.FutureTask.run(FutureTask.java)
	at --- Async.Stack.Trace --- (captured by IntelliJ IDEA debugger)
	at java.base/java.util.concurrent.FutureTask.<init>(FutureTask.java:151)
	at java.base/java.util.concurrent.ScheduledThreadPoolExecutor$ScheduledFutureTask.<init>(ScheduledThreadPoolExecutor.java:215)
	at java.base/java.util.concurrent.ScheduledThreadPoolExecutor.schedule(ScheduledThreadPoolExecutor.java:561)
	at com.netflix.discovery.TimedSupervisorTask.run(TimedSupervisorTask.java:99)
	at java.base/java.util.concurrent.Executors$RunnableAdapter.call(Executors.java:539)
	at java.base/java.util.concurrent.FutureTask.run$$$capture(FutureTask.java:264)
	at java.base/java.util.concurrent.FutureTask.run(FutureTask.java)
	at --- Async.Stack.Trace --- (captured by IntelliJ IDEA debugger)
	at java.base/java.util.concurrent.FutureTask.<init>(FutureTask.java:151)
	at java.base/java.util.concurrent.ScheduledThreadPoolExecutor$ScheduledFutureTask.<init>(ScheduledThreadPoolExecutor.java:215)
	at java.base/java.util.concurrent.ScheduledThreadPoolExecutor.schedule(ScheduledThreadPoolExecutor.java:561)
	at com.netflix.discovery.TimedSupervisorTask.run(TimedSupervisorTask.java:99)
	at java.base/java.util.concurrent.Executors$RunnableAdapter.call(Executors.java:539)
	at java.base/java.util.concurrent.FutureTask.run$$$capture(FutureTask.java:264)
	at java.base/java.util.concurrent.FutureTask.run(FutureTask.java)
	at --- Async.Stack.Trace --- (captured by IntelliJ IDEA debugger)
	at java.base/java.util.concurrent.FutureTask.<init>(FutureTask.java:151)
	at java.base/java.util.concurrent.ScheduledThreadPoolExecutor$ScheduledFutureTask.<init>(ScheduledThreadPoolExecutor.java:215)
	at java.base/java.util.concurrent.ScheduledThreadPoolExecutor.schedule(ScheduledThreadPoolExecutor.java:561)
	at com.netflix.discovery.TimedSupervisorTask.run(TimedSupervisorTask.java:99)
	at java.base/java.util.concurrent.Executors$RunnableAdapter.call(Executors.java:539)
	at java.base/java.util.concurrent.FutureTask.run$$$capture(FutureTask.java:264)
	at java.base/java.util.concurrent.FutureTask.run(FutureTask.java)
	at --- Async.Stack.Trace --- (captured by IntelliJ IDEA debugger)
	at java.base/java.util.concurrent.FutureTask.<init>(FutureTask.java:151)
	at java.base/java.util.concurrent.ScheduledThreadPoolExecutor$ScheduledFutureTask.<init>(ScheduledThreadPoolExecutor.java:215)
	at java.base/java.util.concurrent.ScheduledThreadPoolExecutor.schedule(ScheduledThreadPoolExecutor.java:561)
	at com.netflix.discovery.TimedSupervisorTask.run(TimedSupervisorTask.java:99)
	at java.base/java.util.concurrent.Executors$RunnableAdapter.call(Executors.java:539)
	at java.base/java.util.concurrent.FutureTask.run$$$capture(FutureTask.java:264)
	at java.base/java.util.concurrent.FutureTask.run(FutureTask.java)
	at --- Async.Stack.Trace --- (captured by IntelliJ IDEA debugger)
	at java.base/java.util.concurrent.FutureTask.<init>(FutureTask.java:151)
	at java.base/java.util.concurrent.ScheduledThreadPoolExecutor$ScheduledFutureTask.<init>(ScheduledThreadPoolExecutor.java:215)
	at java.base/java.util.concurrent.ScheduledThreadPoolExecutor.schedule(ScheduledThreadPoolExecutor.java:561)
	at com.netflix.discovery.TimedSupervisorTask.run(TimedSupervisorTask.java:99)
	at java.base/java.util.concurrent.Executors$RunnableAdapter.call(Executors.java:539)
	at java.base/java.util.concurrent.FutureTask.run$$$capture(FutureTask.java:264)
	at java.base/java.util.concurrent.FutureTask.run(FutureTask.java)
	at --- Async.Stack.Trace --- (captured by IntelliJ IDEA debugger)
	at java.base/java.util.concurrent.FutureTask.<init>(FutureTask.java:151)
	at java.base/java.util.concurrent.ScheduledThreadPoolExecutor$ScheduledFutureTask.<init>(ScheduledThreadPoolExecutor.java:215)
	at java.base/java.util.concurrent.ScheduledThreadPoolExecutor.schedule(ScheduledThreadPoolExecutor.java:561)
	at com.netflix.discovery.TimedSupervisorTask.run(TimedSupervisorTask.java:99)
	at java.base/java.util.concurrent.Executors$RunnableAdapter.call(Executors.java:539)
	at java.base/java.util.concurrent.FutureTask.run$$$capture(FutureTask.java:264)
	at java.base/java.util.concurrent.FutureTask.run(FutureTask.java)
	at --- Async.Stack.Trace --- (captured by IntelliJ IDEA debugger)
	at java.base/java.util.concurrent.FutureTask.<init>(FutureTask.java:151)
	at java.base/java.util.concurrent.ScheduledThreadPoolExecutor$ScheduledFutureTask.<init>(ScheduledThreadPoolExecutor.java:215)
	at java.base/java.util.concurrent.ScheduledThreadPoolExecutor.schedule(ScheduledThreadPoolExecutor.java:561)
	at com.netflix.discovery.TimedSupervisorTask.run(TimedSupervisorTask.java:99)
	at java.base/java.util.concurrent.Executors$RunnableAdapter.call(Executors.java:539)
	at java.base/java.util.concurrent.FutureTask.run$$$capture(FutureTask.java:264)
	at java.base/java.util.concurrent.FutureTask.run(FutureTask.java)
	at --- Async.Stack.Trace --- (captured by IntelliJ IDEA debugger)
	at java.base/java.util.concurrent.FutureTask.<init>(FutureTask.java:151)
	at java.base/java.util.concurrent.ScheduledThreadPoolExecutor$ScheduledFutureTask.<init>(ScheduledThreadPoolExecutor.java:215)
	at java.base/java.util.concurrent.ScheduledThreadPoolExecutor.schedule(ScheduledThreadPoolExecutor.java:561)
	at com.netflix.discovery.TimedSupervisorTask.run(TimedSupervisorTask.java:99)
	at java.base/java.util.concurrent.Executors$RunnableAdapter.call(Executors.java:539)
	at java.base/java.util.concurrent.FutureTask.run$$$capture(FutureTask.java:264)
	at java.base/java.util.concurrent.FutureTask.run(FutureTask.java)
	at --- Async.Stack.Trace --- (captured by IntelliJ IDEA debugger)
	at java.base/java.util.concurrent.FutureTask.<init>(FutureTask.java:151)
	at java.base/java.util.concurrent.ScheduledThreadPoolExecutor$ScheduledFutureTask.<init>(ScheduledThreadPoolExecutor.java:215)
	at java.base/java.util.concurrent.ScheduledThreadPoolExecutor.schedule(ScheduledThreadPoolExecutor.java:561)
	at com.netflix.discovery.TimedSupervisorTask.run(TimedSupervisorTask.java:99)
	at java.base/java.util.concurrent.Executors$RunnableAdapter.call(Executors.java:539)
	at java.base/java.util.concurrent.FutureTask.run$$$capture(FutureTask.java:264)
	at java.base/java.util.concurrent.FutureTask.run(FutureTask.java)
	at --- Async.Stack.Trace --- (captured by IntelliJ IDEA debugger)
	at java.base/java.util.concurrent.FutureTask.<init>(FutureTask.java:151)
	at java.base/java.util.concurrent.ScheduledThreadPoolExecutor$ScheduledFutureTask.<init>(ScheduledThreadPoolExecutor.java:215)
	at java.base/java.util.concurrent.ScheduledThreadPoolExecutor.schedule(ScheduledThreadPoolExecutor.java:561)
	at com.netflix.discovery.TimedSupervisorTask.run(TimedSupervisorTask.java:99)
	at java.base/java.util.concurrent.Executors$RunnableAdapter.call(Executors.java:539)
	at java.base/java.util.concurrent.FutureTask.run$$$capture(FutureTask.java:264)
	at java.base/java.util.concurrent.FutureTask.run(FutureTask.java)
	at --- Async.Stack.Trace --- (captured by IntelliJ IDEA debugger)
	at java.base/java.util.concurrent.FutureTask.<init>(FutureTask.java:151)
	at java.base/java.util.concurrent.ScheduledThreadPoolExecutor$ScheduledFutureTask.<init>(ScheduledThreadPoolExecutor.java:215)
	at java.base/java.util.concurrent.ScheduledThreadPoolExecutor.schedule(ScheduledThreadPoolExecutor.java:561)
	at com.netflix.discovery.TimedSupervisorTask.run(TimedSupervisorTask.java:99)
	at java.base/java.util.concurrent.Executors$RunnableAdapter.call(Executors.java:539)
	at java.base/java.util.concurrent.FutureTask.run$$$capture(FutureTask.java:264)
	at java.base/java.util.concurrent.FutureTask.run(FutureTask.java)
	at --- Async.Stack.Trace --- (captured by IntelliJ IDEA debugger)
	at java.base/java.util.concurrent.FutureTask.<init>(FutureTask.java:151)
	at java.base/java.util.concurrent.ScheduledThreadPoolExecutor$ScheduledFutureTask.<init>(ScheduledThreadPoolExecutor.java:215)
	at java.base/java.util.concurrent.ScheduledThreadPoolExecutor.schedule(ScheduledThreadPoolExecutor.java:561)
	at com.netflix.discovery.TimedSupervisorTask.run(TimedSupervisorTask.java:99)
	at java.base/java.util.concurrent.Executors$RunnableAdapter.call(Executors.java:539)
	at java.base/java.util.concurrent.FutureTask.run$$$capture(FutureTask.java:264)
	at java.base/java.util.concurrent.FutureTask.run(FutureTask.java)
	at --- Async.Stack.Trace --- (captured by IntelliJ IDEA debugger)
	at java.base/java.util.concurrent.FutureTask.<init>(FutureTask.java:151)
	at java.base/java.util.concurrent.ScheduledThreadPoolExecutor$ScheduledFutureTask.<init>(ScheduledThreadPoolExecutor.java:215)
	at java.base/java.util.concurrent.ScheduledThreadPoolExecutor.schedule(ScheduledThreadPoolExecutor.java:561)
	at com.netflix.discovery.TimedSupervisorTask.run(TimedSupervisorTask.java:99)
	at java.base/java.util.concurrent.Executors$RunnableAdapter.call(Executors.java:539)
	at java.base/java.util.concurrent.FutureTask.run$$$capture(FutureTask.java:264)
	at java.base/java.util.concurrent.FutureTask.run(FutureTask.java)
	at --- Async.Stack.Trace --- (captured by IntelliJ IDEA debugger)
	at java.base/java.util.concurrent.FutureTask.<init>(FutureTask.java:151)
	at java.base/java.util.concurrent.ScheduledThreadPoolExecutor$ScheduledFutureTask.<init>(ScheduledThreadPoolExecutor.java:215)
	at java.base/java.util.concurrent.ScheduledThreadPoolExecutor.schedule(ScheduledThreadPoolExecutor.java:561)
	at com.netflix.discovery.TimedSupervisorTask.run(TimedSupervisorTask.java:99)
	at java.base/java.util.concurrent.Executors$RunnableAdapter.call(Executors.java:539)
	at java.base/java.util.concurrent.FutureTask.run$$$capture(FutureTask.java:264)
	at java.base/java.util.concurrent.FutureTask.run(FutureTask.java)
	at --- Async.Stack.Trace --- (captured by IntelliJ IDEA debugger)
	at java.base/java.util.concurrent.FutureTask.<init>(FutureTask.java:151)
	at java.base/java.util.concurrent.ScheduledThreadPoolExecutor$ScheduledFutureTask.<init>(ScheduledThreadPoolExecutor.java:215)
	at java.base/java.util.concurrent.ScheduledThreadPoolExecutor.schedule(ScheduledThreadPoolExecutor.java:561)
	at com.netflix.discovery.TimedSupervisorTask.run(TimedSupervisorTask.java:99)
	at java.base/java.util.concurrent.Executors$RunnableAdapter.call(Executors.java:539)
	at java.base/java.util.concurrent.FutureTask.run$$$capture(FutureTask.java:264)
	at java.base/java.util.concurrent.FutureTask.run(FutureTask.java)
	at --- Async.Stack.Trace --- (captured by IntelliJ IDEA debugger)
	at java.base/java.util.concurrent.FutureTask.<init>(FutureTask.java:151)
	at java.base/java.util.concurrent.ScheduledThreadPoolExecutor$ScheduledFutureTask.<init>(ScheduledThreadPoolExecutor.java:215)
	at java.base/java.util.concurrent.ScheduledThreadPoolExecutor.schedule(ScheduledThreadPoolExecutor.java:561)
	at com.netflix.discovery.TimedSupervisorTask.run(TimedSupervisorTask.java:99)
	at java.base/java.util.concurrent.Executors$RunnableAdapter.call(Executors.java:539)
	at java.base/java.util.concurrent.FutureTask.run$$$capture(FutureTask.java:264)
	at java.base/java.util.concurrent.FutureTask.run(FutureTask.java)
	at --- Async.Stack.Trace --- (captured by IntelliJ IDEA debugger)
	at java.base/java.util.concurrent.FutureTask.<init>(FutureTask.java:151)
	at java.base/java.util.concurrent.ScheduledThreadPoolExecutor$ScheduledFutureTask.<init>(ScheduledThreadPoolExecutor.java:215)
	at java.base/java.util.concurrent.ScheduledThreadPoolExecutor.schedule(ScheduledThreadPoolExecutor.java:561)
	at com.netflix.discovery.TimedSupervisorTask.run(TimedSupervisorTask.java:99)
	at java.base/java.util.concurrent.Executors$RunnableAdapter.call(Executors.java:539)
	at java.base/java.util.concurrent.FutureTask.run$$$capture(FutureTask.java:264)
	at java.base/java.util.concurrent.FutureTask.run(FutureTask.java)
	at --- Async.Stack.Trace --- (captured by IntelliJ IDEA debugger)
	at java.base/java.util.concurrent.FutureTask.<init>(FutureTask.java:151)
	at java.base/java.util.concurrent.ScheduledThreadPoolExecutor$ScheduledFutureTask.<init>(ScheduledThreadPoolExecutor.java:215)
	at java.base/java.util.concurrent.ScheduledThreadPoolExecutor.schedule(ScheduledThreadPoolExecutor.java:561)
	at com.netflix.discovery.TimedSupervisorTask.run(TimedSupervisorTask.java:99)
	at java.base/java.util.concurrent.Executors$RunnableAdapter.call(Executors.java:539)
	at java.base/java.util.concurrent.FutureTask.run$$$capture(FutureTask.java:264)
	at java.base/java.util.concurrent.FutureTask.run(FutureTask.java)
	at --- Async.Stack.Trace --- (captured by IntelliJ IDEA debugger)
	at java.base/java.util.concurrent.FutureTask.<init>(FutureTask.java:151)
	at java.base/java.util.concurrent.ScheduledThreadPoolExecutor$ScheduledFutureTask.<init>(ScheduledThreadPoolExecutor.java:215)
	at java.base/java.util.concurrent.ScheduledThreadPoolExecutor.schedule(ScheduledThreadPoolExecutor.java:561)
	at com.netflix.discovery.TimedSupervisorTask.run(TimedSupervisorTask.java:99)
	at java.base/java.util.concurrent.Executors$RunnableAdapter.call(Executors.java:539)
	at java.base/java.util.concurrent.FutureTask.run$$$capture(FutureTask.java:264)
	at java.base/java.util.concurrent.FutureTask.run(FutureTask.java)
	at --- Async.Stack.Trace --- (captured by IntelliJ IDEA debugger)
	at java.base/java.util.concurrent.FutureTask.<init>(FutureTask.java:151)
	at java.base/java.util.concurrent.ScheduledThreadPoolExecutor$ScheduledFutureTask.<init>(ScheduledThreadPoolExecutor.java:215)
	at java.base/java.util.concurrent.ScheduledThreadPoolExecutor.schedule(ScheduledThreadPoolExecutor.java:561)
	at com.netflix.discovery.TimedSupervisorTask.run(TimedSupervisorTask.java:99)
	at java.base/java.util.concurrent.Executors$RunnableAdapter.call(Executors.java:539)
	at java.base/java.util.concurrent.FutureTask.run$$$capture(FutureTask.java:264)
	at java.base/java.util.concurrent.FutureTask.run(FutureTask.java)
	at --- Async.Stack.Trace --- (captured by IntelliJ IDEA debugger)
	at java.base/java.util.concurrent.FutureTask.<init>(FutureTask.java:151)
	at java.base/java.util.concurrent.ScheduledThreadPoolExecutor$ScheduledFutureTask.<init>(ScheduledThreadPoolExecutor.java:215)
	at java.base/java.util.concurrent.ScheduledThreadPoolExecutor.schedule(ScheduledThreadPoolExecutor.java:561)
	at com.netflix.discovery.TimedSupervisorTask.run(TimedSupervisorTask.java:99)
	at java.base/java.util.concurrent.Executors$RunnableAdapter.call(Executors.java:539)
	at java.base/java.util.concurrent.FutureTask.run$$$capture(FutureTask.java:264)
	at java.base/java.util.concurrent.FutureTask.run(FutureTask.java)
	at --- Async.Stack.Trace --- (captured by IntelliJ IDEA debugger)
	at java.base/java.util.concurrent.FutureTask.<init>(FutureTask.java:151)
	at java.base/java.util.concurrent.ScheduledThreadPoolExecutor$ScheduledFutureTask.<init>(ScheduledThreadPoolExecutor.java:215)
	at java.base/java.util.concurrent.ScheduledThreadPoolExecutor.schedule(ScheduledThreadPoolExecutor.java:561)
	at com.netflix.discovery.TimedSupervisorTask.run(TimedSupervisorTask.java:99)
	at java.base/java.util.concurrent.Executors$RunnableAdapter.call(Executors.java:539)
	at java.base/java.util.concurrent.FutureTask.run$$$capture(FutureTask.java:264)
	at java.base/java.util.concurrent.FutureTask.run(FutureTask.java)
	at --- Async.Stack.Trace --- (captured by IntelliJ IDEA debugger)
	at java.base/java.util.concurrent.FutureTask.<init>(FutureTask.java:151)
	at java.base/java.util.concurrent.ScheduledThreadPoolExecutor$ScheduledFutureTask.<init>(ScheduledThreadPoolExecutor.java:215)
	at java.base/java.util.concurrent.ScheduledThreadPoolExecutor.schedule(ScheduledThreadPoolExecutor.java:561)
	at com.netflix.discovery.TimedSupervisorTask.run(TimedSupervisorTask.java:99)
	at java.base/java.util.concurrent.Executors$RunnableAdapter.call(Executors.java:539)
	at java.base/java.util.concurrent.FutureTask.run$$$capture(FutureTask.java:264)
	at java.base/java.util.concurrent.FutureTask.run(FutureTask.java)
	at --- Async.Stack.Trace --- (captured by IntelliJ IDEA debugger)
	at java.base/java.util.concurrent.FutureTask.<init>(FutureTask.java:151)
	at java.base/java.util.concurrent.ScheduledThreadPoolExecutor$ScheduledFutureTask.<init>(ScheduledThreadPoolExecutor.java:215)
	at java.base/java.util.concurrent.ScheduledThreadPoolExecutor.schedule(ScheduledThreadPoolExecutor.java:561)
	at com.netflix.discovery.TimedSupervisorTask.run(TimedSupervisorTask.java:99)
	at java.base/java.util.concurrent.Executors$RunnableAdapter.call(Executors.java:539)
	at java.base/java.util.concurrent.FutureTask.run$$$capture(FutureTask.java:264)
	at java.base/java.util.concurrent.FutureTask.run(FutureTask.java)
	at --- Async.Stack.Trace --- (captured by IntelliJ IDEA debugger)
	at java.base/java.util.concurrent.FutureTask.<init>(FutureTask.java:151)
	at java.base/java.util.concurrent.ScheduledThreadPoolExecutor$ScheduledFutureTask.<init>(ScheduledThreadPoolExecutor.java:215)
	at java.base/java.util.concurrent.ScheduledThreadPoolExecutor.schedule(ScheduledThreadPoolExecutor.java:561)
	at com.netflix.discovery.TimedSupervisorTask.run(TimedSupervisorTask.java:99)
	at java.base/java.util.concurrent.Executors$RunnableAdapter.call(Executors.java:539)
	at java.base/java.util.concurrent.FutureTask.run$$$capture(FutureTask.java:264)
	at java.base/java.util.concurrent.FutureTask.run(FutureTask.java)
	at --- Async.Stack.Trace --- (captured by IntelliJ IDEA debugger)
	at java.base/java.util.concurrent.FutureTask.<init>(FutureTask.java:151)
	at java.base/java.util.concurrent.ScheduledThreadPoolExecutor$ScheduledFutureTask.<init>(ScheduledThreadPoolExecutor.java:215)
	at java.base/java.util.concurrent.ScheduledThreadPoolExecutor.schedule(ScheduledThreadPoolExecutor.java:561)
	at com.netflix.discovery.TimedSupervisorTask.run(TimedSupervisorTask.java:99)
	at java.base/java.util.concurrent.Executors$RunnableAdapter.call(Executors.java:539)
	at java.base/java.util.concurrent.FutureTask.run$$$capture(FutureTask.java:264)
	at java.base/java.util.concurrent.FutureTask.run(FutureTask.java)
	at --- Async.Stack.Trace --- (captured by IntelliJ IDEA debugger)
	at java.base/java.util.concurrent.FutureTask.<init>(FutureTask.java:151)
	at java.base/java.util.concurrent.ScheduledThreadPoolExecutor$ScheduledFutureTask.<init>(ScheduledThreadPoolExecutor.java:215)
	at java.base/java.util.concurrent.ScheduledThreadPoolExecutor.schedule(ScheduledThreadPoolExecutor.java:561)
	at com.netflix.discovery.TimedSupervisorTask.run(TimedSupervisorTask.java:99)
	at java.base/java.util.concurrent.Executors$RunnableAdapter.call(Executors.java:539)
	at java.base/java.util.concurrent.FutureTask.run$$$capture(FutureTask.java:264)
	at java.base/java.util.concurrent.FutureTask.run(FutureTask.java)
	at --- Async.Stack.Trace --- (captured by IntelliJ IDEA debugger)
	at java.base/java.util.concurrent.FutureTask.<init>(FutureTask.java:151)
	at java.base/java.util.concurrent.ScheduledThreadPoolExecutor$ScheduledFutureTask.<init>(ScheduledThreadPoolExecutor.java:215)
	at java.base/java.util.concurrent.ScheduledThreadPoolExecutor.schedule(ScheduledThreadPoolExecutor.java:561)
	at com.netflix.discovery.TimedSupervisorTask.run(TimedSupervisorTask.java:99)
	at java.base/java.util.concurrent.Executors$RunnableAdapter.call(Executors.java:539)
	at java.base/java.util.concurrent.FutureTask.run$$$capture(FutureTask.java:264)
	at java.base/java.util.concurrent.FutureTask.run(FutureTask.java)
	at --- Async.Stack.Trace --- (captured by IntelliJ IDEA debugger)
	at java.base/java.util.concurrent.FutureTask.<init>(FutureTask.java:151)
	at java.base/java.util.concurrent.ScheduledThreadPoolExecutor$ScheduledFutureTask.<init>(ScheduledThreadPoolExecutor.java:215)
	at java.base/java.util.concurrent.ScheduledThreadPoolExecutor.schedule(ScheduledThreadPoolExecutor.java:561)
	at com.netflix.discovery.TimedSupervisorTask.run(TimedSupervisorTask.java:99)
	at java.base/java.util.concurrent.Executors$RunnableAdapter.call(Executors.java:539)
	at java.base/java.util.concurrent.FutureTask.run$$$capture(FutureTask.java:264)
	at java.base/java.util.concurrent.FutureTask.run(FutureTask.java)
	at --- Async.Stack.Trace --- (captured by IntelliJ IDEA debugger)
	at java.base/java.util.concurrent.FutureTask.<init>(FutureTask.java:151)
	at java.base/java.util.concurrent.ScheduledThreadPoolExecutor$ScheduledFutureTask.<init>(ScheduledThreadPoolExecutor.java:215)
	at java.base/java.util.concurrent.ScheduledThreadPoolExecutor.schedule(ScheduledThreadPoolExecutor.java:561)
	at com.netflix.discovery.TimedSupervisorTask.run(TimedSupervisorTask.java:99)
	at java.base/java.util.concurrent.Executors$RunnableAdapter.call(Executors.java:539)
	at java.base/java.util.concurrent.FutureTask.run$$$capture(FutureTask.java:264)
	at java.base/java.util.concurrent.FutureTask.run(FutureTask.java)
	at --- Async.Stack.Trace --- (captured by IntelliJ IDEA debugger)
	at java.base/java.util.concurrent.FutureTask.<init>(FutureTask.java:151)
	at java.base/java.util.concurrent.ScheduledThreadPoolExecutor$ScheduledFutureTask.<init>(ScheduledThreadPoolExecutor.java:215)
	at java.base/java.util.concurrent.ScheduledThreadPoolExecutor.schedule(ScheduledThreadPoolExecutor.java:561)
	at com.netflix.discovery.TimedSupervisorTask.run(TimedSupervisorTask.java:99)
	at java.base/java.util.concurrent.Executors$RunnableAdapter.call(Executors.java:539)
	at java.base/java.util.concurrent.FutureTask.run$$$capture(FutureTask.java:264)
	at java.base/java.util.concurrent.FutureTask.run(FutureTask.java)
	at --- Async.Stack.Trace --- (captured by IntelliJ IDEA debugger)
	at java.base/java.util.concurrent.FutureTask.<init>(FutureTask.java:151)
	at java.base/java.util.concurrent.ScheduledThreadPoolExecutor$ScheduledFutureTask.<init>(ScheduledThreadPoolExecutor.java:215)
	at java.base/java.util.concurrent.ScheduledThreadPoolExecutor.schedule(ScheduledThreadPoolExecutor.java:561)
	at com.netflix.discovery.TimedSupervisorTask.run(TimedSupervisorTask.java:99)
	at java.base/java.util.concurrent.Executors$RunnableAdapter.call(Executors.java:539)
	at java.base/java.util.concurrent.FutureTask.run$$$capture(FutureTask.java:264)
	at java.base/java.util.concurrent.FutureTask.run(FutureTask.java)
	at --- Async.Stack.Trace --- (captured by IntelliJ IDEA debugger)
	at java.base/java.util.concurrent.FutureTask.<init>(FutureTask.java:151)
	at java.base/java.util.concurrent.ScheduledThreadPoolExecutor$ScheduledFutureTask.<init>(ScheduledThreadPoolExecutor.java:215)
	at java.base/java.util.concurrent.ScheduledThreadPoolExecutor.schedule(ScheduledThreadPoolExecutor.java:561)
	at com.netflix.discovery.TimedSupervisorTask.run(TimedSupervisorTask.java:99)
	at java.base/java.util.concurrent.Executors$RunnableAdapter.call(Executors.java:539)
	at java.base/java.util.concurrent.FutureTask.run$$$capture(FutureTask.java:264)
	at java.base/java.util.concurrent.FutureTask.run(FutureTask.java)
	at --- Async.Stack.Trace --- (captured by IntelliJ IDEA debugger)
	at java.base/java.util.concurrent.FutureTask.<init>(FutureTask.java:151)
	at java.base/java.util.concurrent.ScheduledThreadPoolExecutor$ScheduledFutureTask.<init>(ScheduledThreadPoolExecutor.java:215)
	at java.base/java.util.concurrent.ScheduledThreadPoolExecutor.schedule(ScheduledThreadPoolExecutor.java:561)
	at com.netflix.discovery.TimedSupervisorTask.run(TimedSupervisorTask.java:99)
	at java.base/java.util.concurrent.Executors$RunnableAdapter.call(Executors.java:539)
	at java.base/java.util.concurrent.FutureTask.run$$$capture(FutureTask.java:264)
	at java.base/java.util.concurrent.FutureTask.run(FutureTask.java)
	at --- Async.Stack.Trace --- (captured by IntelliJ IDEA debugger)
	at java.base/java.util.concurrent.FutureTask.<init>(FutureTask.java:151)
	at java.base/java.util.concurrent.ScheduledThreadPoolExecutor$ScheduledFutureTask.<init>(ScheduledThreadPoolExecutor.java:215)
	at java.base/java.util.concurrent.ScheduledThreadPoolExecutor.schedule(ScheduledThreadPoolExecutor.java:561)
	at com.netflix.discovery.TimedSupervisorTask.run(TimedSupervisorTask.java:99)
	at java.base/java.util.concurrent.Executors$RunnableAdapter.call(Executors.java:539)
	at java.base/java.util.concurrent.FutureTask.run$$$capture(FutureTask.java:264)
	at java.base/java.util.concurrent.FutureTask.run(FutureTask.java)
	at --- Async.Stack.Trace --- (captured by IntelliJ IDEA debugger)
	at java.base/java.util.concurrent.FutureTask.<init>(FutureTask.java:151)
	at java.base/java.util.concurrent.ScheduledThreadPoolExecutor$ScheduledFutureTask.<init>(ScheduledThreadPoolExecutor.java:215)
	at java.base/java.util.concurrent.ScheduledThreadPoolExecutor.schedule(ScheduledThreadPoolExecutor.java:561)
	at com.netflix.discovery.TimedSupervisorTask.run(TimedSupervisorTask.java:99)
	at java.base/java.util.concurrent.Executors$RunnableAdapter.call(Executors.java:539)
	at java.base/java.util.concurrent.FutureTask.run$$$capture(FutureTask.java:264)
	at java.base/java.util.concurrent.FutureTask.run(FutureTask.java)
	at --- Async.Stack.Trace --- (captured by IntelliJ IDEA debugger)
	at java.base/java.util.concurrent.FutureTask.<init>(FutureTask.java:151)
	at java.base/java.util.concurrent.ScheduledThreadPoolExecutor$ScheduledFutureTask.<init>(ScheduledThreadPoolExecutor.java:215)
	at java.base/java.util.concurrent.ScheduledThreadPoolExecutor.schedule(ScheduledThreadPoolExecutor.java:561)
	at com.netflix.discovery.TimedSupervisorTask.run(TimedSupervisorTask.java:99)
	at java.base/java.util.concurrent.Executors$RunnableAdapter.call(Executors.java:539)
	at java.base/java.util.concurrent.FutureTask.run$$$capture(FutureTask.java:264)
	at java.base/java.util.concurrent.FutureTask.run(FutureTask.java)
	at --- Async.Stack.Trace --- (captured by IntelliJ IDEA debugger)
	at java.base/java.util.concurrent.FutureTask.<init>(FutureTask.java:151)
	at java.base/java.util.concurrent.ScheduledThreadPoolExecutor$ScheduledFutureTask.<init>(ScheduledThreadPoolExecutor.java:215)
	at java.base/java.util.concurrent.ScheduledThreadPoolExecutor.schedule(ScheduledThreadPoolExecutor.java:561)
	at com.netflix.discovery.TimedSupervisorTask.run(TimedSupervisorTask.java:99)
	at java.base/java.util.concurrent.Executors$RunnableAdapter.call(Executors.java:539)
	at java.base/java.util.concurrent.FutureTask.run$$$capture(FutureTask.java:264)
	at java.base/java.util.concurrent.FutureTask.run(FutureTask.java)
	at --- Async.Stack.Trace --- (captured by IntelliJ IDEA debugger)
	at java.base/java.util.concurrent.FutureTask.<init>(FutureTask.java:151)
	at java.base/java.util.concurrent.ScheduledThreadPoolExecutor$ScheduledFutureTask.<init>(ScheduledThreadPoolExecutor.java:215)
	at java.base/java.util.concurrent.ScheduledThreadPoolExecutor.schedule(ScheduledThreadPoolExecutor.java:561)
	at com.netflix.discovery.TimedSupervisorTask.run(TimedSupervisorTask.java:99)
	at java.base/java.util.concurrent.Executors$RunnableAdapter.call(Executors.java:539)
	at java.base/java.util.concurrent.FutureTask.run$$$capture(FutureTask.java:264)
	at java.base/java.util.concurrent.FutureTask.run(FutureTask.java)
	at --- Async.Stack.Trace --- (captured by IntelliJ IDEA debugger)
	at java.base/java.util.concurrent.FutureTask.<init>(FutureTask.java:151)
	at java.base/java.util.concurrent.ScheduledThreadPoolExecutor$ScheduledFutureTask.<init>(ScheduledThreadPoolExecutor.java:215)
	at java.base/java.util.concurrent.ScheduledThreadPoolExecutor.schedule(ScheduledThreadPoolExecutor.java:561)
	at com.netflix.discovery.TimedSupervisorTask.run(TimedSupervisorTask.java:99)
	at java.base/java.util.concurrent.Executors$RunnableAdapter.call(Executors.java:539)
	at java.base/java.util.concurrent.FutureTask.run$$$capture(FutureTask.java:264)
	at java.base/java.util.concurrent.FutureTask.run(FutureTask.java)
	at --- Async.Stack.Trace --- (captured by IntelliJ IDEA debugger)
	at java.base/java.util.concurrent.FutureTask.<init>(FutureTask.java:151)
	at java.base/java.util.concurrent.ScheduledThreadPoolExecutor$ScheduledFutureTask.<init>(ScheduledThreadPoolExecutor.java:215)
	at java.base/java.util.concurrent.ScheduledThreadPoolExecutor.schedule(ScheduledThreadPoolExecutor.java:561)
	at com.netflix.discovery.TimedSupervisorTask.run(TimedSupervisorTask.java:99)
	at java.base/java.util.concurrent.Executors$RunnableAdapter.call(Executors.java:539)
	at java.base/java.util.concurrent.FutureTask.run$$$capture(FutureTask.java:264)
	at java.base/java.util.concurrent.FutureTask.run(FutureTask.java)
	at --- Async.Stack.Trace --- (captured by IntelliJ IDEA debugger)
	at java.base/java.util.concurrent.FutureTask.<init>(FutureTask.java:151)
	at java.base/java.util.concurrent.ScheduledThreadPoolExecutor$ScheduledFutureTask.<init>(ScheduledThreadPoolExecutor.java:215)
	at java.base/java.util.concurrent.ScheduledThreadPoolExecutor.schedule(ScheduledThreadPoolExecutor.java:561)
	at com.netflix.discovery.TimedSupervisorTask.run(TimedSupervisorTask.java:99)
	at java.base/java.util.concurrent.Executors$RunnableAdapter.call(Executors.java:539)
	at java.base/java.util.concurrent.FutureTask.run$$$capture(FutureTask.java:264)
	at java.base/java.util.concurrent.FutureTask.run(FutureTask.java)
	at --- Async.Stack.Trace --- (captured by IntelliJ IDEA debugger)
	at java.base/java.util.concurrent.FutureTask.<init>(FutureTask.java:151)
	at java.base/java.util.concurrent.ScheduledThreadPoolExecutor$ScheduledFutureTask.<init>(ScheduledThreadPoolExecutor.java:215)
	at java.base/java.util.concurrent.ScheduledThreadPoolExecutor.schedule(ScheduledThreadPoolExecutor.java:561)
	at com.netflix.discovery.TimedSupervisorTask.run(TimedSupervisorTask.java:99)
	at java.base/java.util.concurrent.Executors$RunnableAdapter.call(Executors.java:539)
	at java.base/java.util.concurrent.FutureTask.run$$$capture(FutureTask.java:264)
	at java.base/java.util.concurrent.FutureTask.run(FutureTask.java)
	at --- Async.Stack.Trace --- (captured by IntelliJ IDEA debugger)
	at java.base/java.util.concurrent.FutureTask.<init>(FutureTask.java:151)
	at java.base/java.util.concurrent.ScheduledThreadPoolExecutor$ScheduledFutureTask.<init>(ScheduledThreadPoolExecutor.java:215)
	at java.base/java.util.concurrent.ScheduledThreadPoolExecutor.schedule(ScheduledThreadPoolExecutor.java:561)
	at com.netflix.discovery.TimedSupervisorTask.run(TimedSupervisorTask.java:99)
	at java.base/java.util.concurrent.Executors$RunnableAdapter.call(Executors.java:539)
	at java.base/java.util.concurrent.FutureTask.run$$$capture(FutureTask.java:264)
	at java.base/java.util.concurrent.FutureTask.run(FutureTask.java)
	at --- Async.Stack.Trace --- (captured by IntelliJ IDEA debugger)
	at java.base/java.util.concurrent.FutureTask.<init>(FutureTask.java:151)
	at java.base/java.util.concurrent.ScheduledThreadPoolExecutor$ScheduledFutureTask.<init>(ScheduledThreadPoolExecutor.java:215)
	at java.base/java.util.concurrent.ScheduledThreadPoolExecutor.schedule(ScheduledThreadPoolExecutor.java:561)
	at com.netflix.discovery.TimedSupervisorTask.run(TimedSupervisorTask.java:99)
	at java.base/java.util.concurrent.Executors$RunnableAdapter.call(Executors.java:539)
	at java.base/java.util.concurrent.FutureTask.run$$$capture(FutureTask.java:264)
	at java.base/java.util.concurrent.FutureTask.run(FutureTask.java)
	at --- Async.Stack.Trace --- (captured by IntelliJ IDEA debugger)
	at java.base/java.util.concurrent.FutureTask.<init>(FutureTask.java:151)
	at java.base/java.util.concurrent.ScheduledThreadPoolExecutor$ScheduledFutureTask.<init>(ScheduledThreadPoolExecutor.java:215)
	at java.base/java.util.concurrent.ScheduledThreadPoolExecutor.schedule(ScheduledThreadPoolExecutor.java:561)
	at com.netflix.discovery.TimedSupervisorTask.run(TimedSupervisorTask.java:99)
	at java.base/java.util.concurrent.Executors$RunnableAdapter.call(Executors.java:539)
	at java.base/java.util.concurrent.FutureTask.run$$$capture(FutureTask.java:264)
	at java.base/java.util.concurrent.FutureTask.run(FutureTask.java)
	at --- Async.Stack.Trace --- (captured by IntelliJ IDEA debugger)
	at java.base/java.util.concurrent.FutureTask.<init>(FutureTask.java:151)
	at java.base/java.util.concurrent.ScheduledThreadPoolExecutor$ScheduledFutureTask.<init>(ScheduledThreadPoolExecutor.java:215)
	at java.base/java.util.concurrent.ScheduledThreadPoolExecutor.schedule(ScheduledThreadPoolExecutor.java:561)
	at com.netflix.discovery.TimedSupervisorTask.run(TimedSupervisorTask.java:99)
	at java.base/java.util.concurrent.Executors$RunnableAdapter.call(Executors.java:539)
	at java.base/java.util.concurrent.FutureTask.run$$$capture(FutureTask.java:264)
	at java.base/java.util.concurrent.FutureTask.run(FutureTask.java)
	at --- Async.Stack.Trace --- (captured by IntelliJ IDEA debugger)
	at java.base/java.util.concurrent.FutureTask.<init>(FutureTask.java:151)
	at java.base/java.util.concurrent.ScheduledThreadPoolExecutor$ScheduledFutureTask.<init>(ScheduledThreadPoolExecutor.java:215)
	at java.base/java.util.concurrent.ScheduledThreadPoolExecutor.schedule(ScheduledThreadPoolExecutor.java:561)
	at com.netflix.discovery.TimedSupervisorTask.run(TimedSupervisorTask.java:99)
	at java.base/java.util.concurrent.Executors$RunnableAdapter.call(Executors.java:539)
	at java.base/java.util.concurrent.FutureTask.run$$$capture(FutureTask.java:264)
	at java.base/java.util.concurrent.FutureTask.run(FutureTask.java)
	at --- Async.Stack.Trace --- (captured by IntelliJ IDEA debugger)
	at java.base/java.util.concurrent.FutureTask.<init>(FutureTask.java:151)
	at java.base/java.util.concurrent.ScheduledThreadPoolExecutor$ScheduledFutureTask.<init>(ScheduledThreadPoolExecutor.java:215)
	at java.base/java.util.concurrent.ScheduledThreadPoolExecutor.schedule(ScheduledThreadPoolExecutor.java:561)
	at com.netflix.discovery.TimedSupervisorTask.run(TimedSupervisorTask.java:99)
	at java.base/java.util.concurrent.Executors$RunnableAdapter.call(Executors.java:539)
	at java.base/java.util.concurrent.FutureTask.run$$$capture(FutureTask.java:264)
	at java.base/java.util.concurrent.FutureTask.run(FutureTask.java)
	at --- Async.Stack.Trace --- (captured by IntelliJ IDEA debugger)
	at java.base/java.util.concurrent.FutureTask.<init>(FutureTask.java:151)
	at java.base/java.util.concurrent.ScheduledThreadPoolExecutor$ScheduledFutureTask.<init>(ScheduledThreadPoolExecutor.java:215)
	at java.base/java.util.concurrent.ScheduledThreadPoolExecutor.schedule(ScheduledThreadPoolExecutor.java:561)
	at com.netflix.discovery.TimedSupervisorTask.run(TimedSupervisorTask.java:99)
	at java.base/java.util.concurrent.Executors$RunnableAdapter.call(Executors.java:539)
	at java.base/java.util.concurrent.FutureTask.run$$$capture(FutureTask.java:264)
	at java.base/java.util.concurrent.FutureTask.run(FutureTask.java)
	at --- Async.Stack.Trace --- (captured by IntelliJ IDEA debugger)
	at java.base/java.util.concurrent.FutureTask.<init>(FutureTask.java:151)
	at java.base/java.util.concurrent.ScheduledThreadPoolExecutor$ScheduledFutureTask.<init>(ScheduledThreadPoolExecutor.java:215)
	at java.base/java.util.concurrent.ScheduledThreadPoolExecutor.schedule(ScheduledThreadPoolExecutor.java:561)
	at com.netflix.discovery.TimedSupervisorTask.run(TimedSupervisorTask.java:99)
	at java.base/java.util.concurrent.Executors$RunnableAdapter.call(Executors.java:539)
	at java.base/java.util.concurrent.FutureTask.run$$$capture(FutureTask.java:264)
	at java.base/java.util.concurrent.FutureTask.run(FutureTask.java)
	at --- Async.Stack.Trace --- (captured by IntelliJ IDEA debugger)
	at java.base/java.util.concurrent.FutureTask.<init>(FutureTask.java:151)
	at java.base/java.util.concurrent.ScheduledThreadPoolExecutor$ScheduledFutureTask.<init>(ScheduledThreadPoolExecutor.java:215)
	at java.base/java.util.concurrent.ScheduledThreadPoolExecutor.schedule(ScheduledThreadPoolExecutor.java:561)
	at com.netflix.discovery.TimedSupervisorTask.run(TimedSupervisorTask.java:99)
	at java.base/java.util.concurrent.Executors$RunnableAdapter.call(Executors.java:539)
	at java.base/java.util.concurrent.FutureTask.run$$$capture(FutureTask.java:264)
	at java.base/java.util.concurrent.FutureTask.run(FutureTask.java)
	at --- Async.Stack.Trace --- (captured by IntelliJ IDEA debugger)
	at java.base/java.util.concurrent.FutureTask.<init>(FutureTask.java:151)
	at java.base/java.util.concurrent.ScheduledThreadPoolExecutor$ScheduledFutureTask.<init>(ScheduledThreadPoolExecutor.java:215)
	at java.base/java.util.concurrent.ScheduledThreadPoolExecutor.schedule(ScheduledThreadPoolExecutor.java:561)
	at com.netflix.discovery.TimedSupervisorTask.run(TimedSupervisorTask.java:99)
	at java.base/java.util.concurrent.Executors$RunnableAdapter.call(Executors.java:539)
	at java.base/java.util.concurrent.FutureTask.run$$$capture(FutureTask.java:264)
	at java.base/java.util.concurrent.FutureTask.run(FutureTask.java)
	at --- Async.Stack.Trace --- (captured by IntelliJ IDEA debugger)
	at java.base/java.util.concurrent.FutureTask.<init>(FutureTask.java:151)
	at java.base/java.util.concurrent.ScheduledThreadPoolExecutor$ScheduledFutureTask.<init>(ScheduledThreadPoolExecutor.java:215)
	at java.base/java.util.concurrent.ScheduledThreadPoolExecutor.schedule(ScheduledThreadPoolExecutor.java:561)
	at com.netflix.discovery.TimedSupervisorTask.run(TimedSupervisorTask.java:99)
	at java.base/java.util.concurrent.Executors$RunnableAdapter.call(Executors.java:539)
	at java.base/java.util.concurrent.FutureTask.run$$$capture(FutureTask.java:264)
	at java.base/java.util.concurrent.FutureTask.run(FutureTask.java)
	at --- Async.Stack.Trace --- (captured by IntelliJ IDEA debugger)
	at java.base/java.util.concurrent.FutureTask.<init>(FutureTask.java:151)
	at java.base/java.util.concurrent.ScheduledThreadPoolExecutor$ScheduledFutureTask.<init>(ScheduledThreadPoolExecutor.java:215)
	at java.base/java.util.concurrent.ScheduledThreadPoolExecutor.schedule(ScheduledThreadPoolExecutor.java:561)
	at com.netflix.discovery.TimedSupervisorTask.run(TimedSupervisorTask.java:99)
	at java.base/java.util.concurrent.Executors$RunnableAdapter.call(Executors.java:539)
	at java.base/java.util.concurrent.FutureTask.run$$$capture(FutureTask.java:264)
	at java.base/java.util.concurrent.FutureTask.run(FutureTask.java)
	at --- Async.Stack.Trace --- (captured by IntelliJ IDEA debugger)
	at java.base/java.util.concurrent.FutureTask.<init>(FutureTask.java:151)
	at java.base/java.util.concurrent.ScheduledThreadPoolExecutor$ScheduledFutureTask.<init>(ScheduledThreadPoolExecutor.java:215)
	at java.base/java.util.concurrent.ScheduledThreadPoolExecutor.schedule(ScheduledThreadPoolExecutor.java:561)
	at com.netflix.discovery.TimedSupervisorTask.run(TimedSupervisorTask.java:99)
	at java.base/java.util.concurrent.Executors$RunnableAdapter.call(Executors.java:539)
	at java.base/java.util.concurrent.FutureTask.run$$$capture(FutureTask.java:264)
	at java.base/java.util.concurrent.FutureTask.run(FutureTask.java)
	at --- Async.Stack.Trace --- (captured by IntelliJ IDEA debugger)
	at java.base/java.util.concurrent.FutureTask.<init>(FutureTask.java:151)
	at java.base/java.util.concurrent.ScheduledThreadPoolExecutor$ScheduledFutureTask.<init>(ScheduledThreadPoolExecutor.java:215)
	at java.base/java.util.concurrent.ScheduledThreadPoolExecutor.schedule(ScheduledThreadPoolExecutor.java:561)
	at com.netflix.discovery.TimedSupervisorTask.run(TimedSupervisorTask.java:99)
	at java.base/java.util.concurrent.Executors$RunnableAdapter.call(Executors.java:539)
	at java.base/java.util.concurrent.FutureTask.run$$$capture(FutureTask.java:264)
	at java.base/java.util.concurrent.FutureTask.run(FutureTask.java)
	at --- Async.Stack.Trace --- (captured by IntelliJ IDEA debugger)
	at java.base/java.util.concurrent.FutureTask.<init>(FutureTask.java:151)
	at java.base/java.util.concurrent.ScheduledThreadPoolExecutor$ScheduledFutureTask.<init>(ScheduledThreadPoolExecutor.java:215)
	at java.base/java.util.concurrent.ScheduledThreadPoolExecutor.schedule(ScheduledThreadPoolExecutor.java:561)
	at com.netflix.discovery.TimedSupervisorTask.run(TimedSupervisorTask.java:99)
	at java.base/java.util.concurrent.Executors$RunnableAdapter.call(Executors.java:539)
	at java.base/java.util.concurrent.FutureTask.run$$$capture(FutureTask.java:264)
	at java.base/java.util.concurrent.FutureTask.run(FutureTask.java)
	at --- Async.Stack.Trace --- (captured by IntelliJ IDEA debugger)
	at java.base/java.util.concurrent.FutureTask.<init>(FutureTask.java:151)
	at java.base/java.util.concurrent.ScheduledThreadPoolExecutor$ScheduledFutureTask.<init>(ScheduledThreadPoolExecutor.java:215)
	at java.base/java.util.concurrent.ScheduledThreadPoolExecutor.schedule(ScheduledThreadPoolExecutor.java:561)
	at com.netflix.discovery.TimedSupervisorTask.run(TimedSupervisorTask.java:99)
	at java.base/java.util.concurrent.Executors$RunnableAdapter.call(Executors.java:539)
	at java.base/java.util.concurrent.FutureTask.run$$$capture(FutureTask.java:264)
	at java.base/java.util.concurrent.FutureTask.run(FutureTask.java)
	at --- Async.Stack.Trace --- (captured by IntelliJ IDEA debugger)
	at java.base/java.util.concurrent.FutureTask.<init>(FutureTask.java:151)
	at java.base/java.util.concurrent.ScheduledThreadPoolExecutor$ScheduledFutureTask.<init>(ScheduledThreadPoolExecutor.java:215)
	at java.base/java.util.concurrent.ScheduledThreadPoolExecutor.schedule(ScheduledThreadPoolExecutor.java:561)
	at com.netflix.discovery.TimedSupervisorTask.run(TimedSupervisorTask.java:99)
	at java.base/java.util.concurrent.Executors$RunnableAdapter.call(Executors.java:539)
	at java.base/java.util.concurrent.FutureTask.run$$$capture(FutureTask.java:264)
	at java.base/java.util.concurrent.FutureTask.run(FutureTask.java)
	at --- Async.Stack.Trace --- (captured by IntelliJ IDEA debugger)
	at java.base/java.util.concurrent.FutureTask.<init>(FutureTask.java:151)
	at java.base/java.util.concurrent.ScheduledThreadPoolExecutor$ScheduledFutureTask.<init>(ScheduledThreadPoolExecutor.java:215)
	at java.base/java.util.concurrent.ScheduledThreadPoolExecutor.schedule(ScheduledThreadPoolExecutor.java:561)
	at com.netflix.discovery.TimedSupervisorTask.run(TimedSupervisorTask.java:99)
	at java.base/java.util.concurrent.Executors$RunnableAdapter.call(Executors.java:539)
	at java.base/java.util.concurrent.FutureTask.run$$$capture(FutureTask.java:264)
	at java.base/java.util.concurrent.FutureTask.run(FutureTask.java)
	at --- Async.Stack.Trace --- (captured by IntelliJ IDEA debugger)
	at java.base/java.util.concurrent.FutureTask.<init>(FutureTask.java:151)
	at java.base/java.util.concurrent.ScheduledThreadPoolExecutor$ScheduledFutureTask.<init>(ScheduledThreadPoolExecutor.java:215)
	at java.base/java.util.concurrent.ScheduledThreadPoolExecutor.schedule(ScheduledThreadPoolExecutor.java:561)
	at com.netflix.discovery.TimedSupervisorTask.run(TimedSupervisorTask.java:99)
	at java.base/java.util.concurrent.Executors$RunnableAdapter.call(Executors.java:539)
	at java.base/java.util.concurrent.FutureTask.run$$$capture(FutureTask.java:264)
	at java.base/java.util.concurrent.FutureTask.run(FutureTask.java)
	at --- Async.Stack.Trace --- (captured by IntelliJ IDEA debugger)
	at java.base/java.util.concurrent.FutureTask.<init>(FutureTask.java:151)
	at java.base/java.util.concurrent.ScheduledThreadPoolExecutor$ScheduledFutureTask.<init>(ScheduledThreadPoolExecutor.java:215)
	at java.base/java.util.concurrent.ScheduledThreadPoolExecutor.schedule(ScheduledThreadPoolExecutor.java:561)
	at com.netflix.discovery.TimedSupervisorTask.run(TimedSupervisorTask.java:99)
	at java.base/java.util.concurrent.Executors$RunnableAdapter.call(Executors.java:539)
	at java.base/java.util.concurrent.FutureTask.run$$$capture(FutureTask.java:264)
	at java.base/java.util.concurrent.FutureTask.run(FutureTask.java)
	at --- Async.Stack.Trace --- (captured by IntelliJ IDEA debugger)
	at java.base/java.util.concurrent.FutureTask.<init>(FutureTask.java:151)
	at java.base/java.util.concurrent.ScheduledThreadPoolExecutor$ScheduledFutureTask.<init>(ScheduledThreadPoolExecutor.java:215)
	at java.base/java.util.concurrent.ScheduledThreadPoolExecutor.schedule(ScheduledThreadPoolExecutor.java:561)
	at com.netflix.discovery.TimedSupervisorTask.run(TimedSupervisorTask.java:99)
	at java.base/java.util.concurrent.Executors$RunnableAdapter.call(Executors.java:539)
	at java.base/java.util.concurrent.FutureTask.run$$$capture(FutureTask.java:264)
	at java.base/java.util.concurrent.FutureTask.run(FutureTask.java)
	at --- Async.Stack.Trace --- (captured by IntelliJ IDEA debugger)
	at java.base/java.util.concurrent.FutureTask.<init>(FutureTask.java:151)
	at java.base/java.util.concurrent.ScheduledThreadPoolExecutor$ScheduledFutureTask.<init>(ScheduledThreadPoolExecutor.java:215)
	at java.base/java.util.concurrent.ScheduledThreadPoolExecutor.schedule(ScheduledThreadPoolExecutor.java:561)
	at com.netflix.discovery.TimedSupervisorTask.run(TimedSupervisorTask.java:99)
	at java.base/java.util.concurrent.Executors$RunnableAdapter.call(Executors.java:539)
	at java.base/java.util.concurrent.FutureTask.run$$$capture(FutureTask.java:264)
	at java.base/java.util.concurrent.FutureTask.run(FutureTask.java)
	at --- Async.Stack.Trace --- (captured by IntelliJ IDEA debugger)
	at java.base/java.util.concurrent.FutureTask.<init>(FutureTask.java:151)
	at java.base/java.util.concurrent.ScheduledThreadPoolExecutor$ScheduledFutureTask.<init>(ScheduledThreadPoolExecutor.java:215)
	at java.base/java.util.concurrent.ScheduledThreadPoolExecutor.schedule(ScheduledThreadPoolExecutor.java:561)
	at com.netflix.discovery.TimedSupervisorTask.run(TimedSupervisorTask.java:99)
	at java.base/java.util.concurrent.Executors$RunnableAdapter.call(Executors.java:539)
	at java.base/java.util.concurrent.FutureTask.run$$$capture(FutureTask.java:264)
	at java.base/java.util.concurrent.FutureTask.run(FutureTask.java)
	at --- Async.Stack.Trace --- (captured by IntelliJ IDEA debugger)
	at java.base/java.util.concurrent.FutureTask.<init>(FutureTask.java:151)
	at java.base/java.util.concurrent.ScheduledThreadPoolExecutor$ScheduledFutureTask.<init>(ScheduledThreadPoolExecutor.java:215)
	at java.base/java.util.concurrent.ScheduledThreadPoolExecutor.schedule(ScheduledThreadPoolExecutor.java:561)
	at com.netflix.discovery.TimedSupervisorTask.run(TimedSupervisorTask.java:99)
	at java.base/java.util.concurrent.Executors$RunnableAdapter.call(Executors.java:539)
	at java.base/java.util.concurrent.FutureTask.run$$$capture(FutureTask.java:264)
	at java.base/java.util.concurrent.FutureTask.run(FutureTask.java)
	at --- Async.Stack.Trace --- (captured by IntelliJ IDEA debugger)
	at java.base/java.util.concurrent.FutureTask.<init>(FutureTask.java:151)
	at java.base/java.util.concurrent.ScheduledThreadPoolExecutor$ScheduledFutureTask.<init>(ScheduledThreadPoolExecutor.java:215)
	at java.base/java.util.concurrent.ScheduledThreadPoolExecutor.schedule(ScheduledThreadPoolExecutor.java:561)
	at com.netflix.discovery.TimedSupervisorTask.run(TimedSupervisorTask.java:99)
	at java.base/java.util.concurrent.Executors$RunnableAdapter.call(Executors.java:539)
	at java.base/java.util.concurrent.FutureTask.run$$$capture(FutureTask.java:264)
	at java.base/java.util.concurrent.FutureTask.run(FutureTask.java)
	at --- Async.Stack.Trace --- (captured by IntelliJ IDEA debugger)
	at java.base/java.util.concurrent.FutureTask.<init>(FutureTask.java:151)
	at java.base/java.util.concurrent.ScheduledThreadPoolExecutor$ScheduledFutureTask.<init>(ScheduledThreadPoolExecutor.java:215)
	at java.base/java.util.concurrent.ScheduledThreadPoolExecutor.schedule(ScheduledThreadPoolExecutor.java:561)
	at com.netflix.discovery.TimedSupervisorTask.run(TimedSupervisorTask.java:99)
	at java.base/java.util.concurrent.Executors$RunnableAdapter.call(Executors.java:539)
	at java.base/java.util.concurrent.FutureTask.run$$$capture(FutureTask.java:264)
	at java.base/java.util.concurrent.FutureTask.run(FutureTask.java)
	at --- Async.Stack.Trace --- (captured by IntelliJ IDEA debugger)
	at java.base/java.util.concurrent.FutureTask.<init>(FutureTask.java:151)
	at java.base/java.util.concurrent.ScheduledThreadPoolExecutor$ScheduledFutureTask.<init>(ScheduledThreadPoolExecutor.java:215)
	at java.base/java.util.concurrent.ScheduledThreadPoolExecutor.schedule(ScheduledThreadPoolExecutor.java:561)
	at com.netflix.discovery.TimedSupervisorTask.run(TimedSupervisorTask.java:99)
	at java.base/java.util.concurrent.Executors$RunnableAdapter.call(Executors.java:539)
	at java.base/java.util.concurrent.FutureTask.run$$$capture(FutureTask.java:264)
	at java.base/java.util.concurrent.FutureTask.run(FutureTask.java)
	at --- Async.Stack.Trace --- (captured by IntelliJ IDEA debugger)
	at java.base/java.util.concurrent.FutureTask.<init>(FutureTask.java:151)
	at java.base/java.util.concurrent.ScheduledThreadPoolExecutor$ScheduledFutureTask.<init>(ScheduledThreadPoolExecutor.java:215)
	at java.base/java.util.concurrent.ScheduledThreadPoolExecutor.schedule(ScheduledThreadPoolExecutor.java:561)
	at com.netflix.discovery.TimedSupervisorTask.run(TimedSupervisorTask.java:99)
	at java.base/java.util.concurrent.Executors$RunnableAdapter.call(Executors.java:539)
	at java.base/java.util.concurrent.FutureTask.run$$$capture(FutureTask.java:264)
	at java.base/java.util.concurrent.FutureTask.run(FutureTask.java)
	at --- Async.Stack.Trace --- (captured by IntelliJ IDEA debugger)
	at java.base/java.util.concurrent.FutureTask.<init>(FutureTask.java:151)
	at java.base/java.util.concurrent.ScheduledThreadPoolExecutor$ScheduledFutureTask.<init>(ScheduledThreadPoolExecutor.java:215)
	at java.base/java.util.concurrent.ScheduledThreadPoolExecutor.schedule(ScheduledThreadPoolExecutor.java:561)
	at com.netflix.discovery.TimedSupervisorTask.run(TimedSupervisorTask.java:99)
	at java.base/java.util.concurrent.Executors$RunnableAdapter.call(Executors.java:539)
	at java.base/java.util.concurrent.FutureTask.run$$$capture(FutureTask.java:264)
	at java.base/java.util.concurrent.FutureTask.run(FutureTask.java)
	at --- Async.Stack.Trace --- (captured by IntelliJ IDEA debugger)
	at java.base/java.util.concurrent.FutureTask.<init>(FutureTask.java:151)
	at java.base/java.util.concurrent.ScheduledThreadPoolExecutor$ScheduledFutureTask.<init>(ScheduledThreadPoolExecutor.java:215)
	at java.base/java.util.concurrent.ScheduledThreadPoolExecutor.schedule(ScheduledThreadPoolExecutor.java:561)
	at com.netflix.discovery.TimedSupervisorTask.run(TimedSupervisorTask.java:99)
	at java.base/java.util.concurrent.Executors$RunnableAdapter.call(Executors.java:539)
	at java.base/java.util.concurrent.FutureTask.run$$$capture(FutureTask.java:264)
	at java.base/java.util.concurrent.FutureTask.run(FutureTask.java)
	at --- Async.Stack.Trace --- (captured by IntelliJ IDEA debugger)
	at java.base/java.util.concurrent.FutureTask.<init>(FutureTask.java:151)
	at java.base/java.util.concurrent.ScheduledThreadPoolExecutor$ScheduledFutureTask.<init>(ScheduledThreadPoolExecutor.java:215)
	at java.base/java.util.concurrent.ScheduledThreadPoolExecutor.schedule(ScheduledThreadPoolExecutor.java:561)
	at com.netflix.discovery.TimedSupervisorTask.run(TimedSupervisorTask.java:99)
	at java.base/java.util.concurrent.Executors$RunnableAdapter.call(Executors.java:539)
	at java.base/java.util.concurrent.FutureTask.run$$$capture(FutureTask.java:264)
	at java.base/java.util.concurrent.FutureTask.run(FutureTask.java)
	at --- Async.Stack.Trace --- (captured by IntelliJ IDEA debugger)
	at java.base/java.util.concurrent.FutureTask.<init>(FutureTask.java:151)
	at java.base/java.util.concurrent.ScheduledThreadPoolExecutor$ScheduledFutureTask.<init>(ScheduledThreadPoolExecutor.java:215)
	at java.base/java.util.concurrent.ScheduledThreadPoolExecutor.schedule(ScheduledThreadPoolExecutor.java:561)
	at com.netflix.discovery.TimedSupervisorTask.run(TimedSupervisorTask.java:99)
	at java.base/java.util.concurrent.Executors$RunnableAdapter.call(Executors.java:539)
	at java.base/java.util.concurrent.FutureTask.run$$$capture(FutureTask.java:264)
	at java.base/java.util.concurrent.FutureTask.run(FutureTask.java)
	at --- Async.Stack.Trace --- (captured by IntelliJ IDEA debugger)
	at java.base/java.util.concurrent.FutureTask.<init>(FutureTask.java:151)
	at java.base/java.util.concurrent.ScheduledThreadPoolExecutor$ScheduledFutureTask.<init>(ScheduledThreadPoolExecutor.java:215)
	at java.base/java.util.concurrent.ScheduledThreadPoolExecutor.schedule(ScheduledThreadPoolExecutor.java:561)
	at com.netflix.discovery.TimedSupervisorTask.run(TimedSupervisorTask.java:99)
	at java.base/java.util.concurrent.Executors$RunnableAdapter.call(Executors.java:539)
	at java.base/java.util.concurrent.FutureTask.run$$$capture(FutureTask.java:264)
	at java.base/java.util.concurrent.FutureTask.run(FutureTask.java)
	at --- Async.Stack.Trace --- (captured by IntelliJ IDEA debugger)
	at java.base/java.util.concurrent.FutureTask.<init>(FutureTask.java:151)
	at java.base/java.util.concurrent.ScheduledThreadPoolExecutor$ScheduledFutureTask.<init>(ScheduledThreadPoolExecutor.java:215)
	at java.base/java.util.concurrent.ScheduledThreadPoolExecutor.schedule(ScheduledThreadPoolExecutor.java:561)
	at com.netflix.discovery.TimedSupervisorTask.run(TimedSupervisorTask.java:99)
	at java.base/java.util.concurrent.Executors$RunnableAdapter.call(Executors.java:539)
	at java.base/java.util.concurrent.FutureTask.run$$$capture(FutureTask.java:264)
	at java.base/java.util.concurrent.FutureTask.run(FutureTask.java)
	at --- Async.Stack.Trace --- (captured by IntelliJ IDEA debugger)
	at java.base/java.util.concurrent.FutureTask.<init>(FutureTask.java:151)
	at java.base/java.util.concurrent.ScheduledThreadPoolExecutor$ScheduledFutureTask.<init>(ScheduledThreadPoolExecutor.java:215)
	at java.base/java.util.concurrent.ScheduledThreadPoolExecutor.schedule(ScheduledThreadPoolExecutor.java:561)
	at com.netflix.discovery.TimedSupervisorTask.run(TimedSupervisorTask.java:99)
	at java.base/java.util.concurrent.Executors$RunnableAdapter.call(Executors.java:539)
	at java.base/java.util.concurrent.FutureTask.run$$$capture(FutureTask.java:264)
	at java.base/java.util.concurrent.FutureTask.run(FutureTask.java)
	at --- Async.Stack.Trace --- (captured by IntelliJ IDEA debugger)
	at java.base/java.util.concurrent.FutureTask.<init>(FutureTask.java:151)
	at java.base/java.util.concurrent.ScheduledThreadPoolExecutor$ScheduledFutureTask.<init>(ScheduledThreadPoolExecutor.java:215)
	at java.base/java.util.concurrent.ScheduledThreadPoolExecutor.schedule(ScheduledThreadPoolExecutor.java:561)
	at com.netflix.discovery.TimedSupervisorTask.run(TimedSupervisorTask.java:99)
	at java.base/java.util.concurrent.Executors$RunnableAdapter.call(Executors.java:539)
	at java.base/java.util.concurrent.FutureTask.run$$$capture(FutureTask.java:264)
	at java.base/java.util.concurrent.FutureTask.run(FutureTask.java)
	at --- Async.Stack.Trace --- (captured by IntelliJ IDEA debugger)
	at java.base/java.util.concurrent.FutureTask.<init>(FutureTask.java:151)
	at java.base/java.util.concurrent.ScheduledThreadPoolExecutor$ScheduledFutureTask.<init>(ScheduledThreadPoolExecutor.java:215)
	at java.base/java.util.concurrent.ScheduledThreadPoolExecutor.schedule(ScheduledThreadPoolExecutor.java:561)
	at com.netflix.discovery.TimedSupervisorTask.run(TimedSupervisorTask.java:99)
	at java.base/java.util.concurrent.Executors$RunnableAdapter.call(Executors.java:539)
	at java.base/java.util.concurrent.FutureTask.run$$$capture(FutureTask.java:264)
	at java.base/java.util.concurrent.FutureTask.run(FutureTask.java)
	at --- Async.Stack.Trace --- (captured by IntelliJ IDEA debugger)
	at java.base/java.util.concurrent.FutureTask.<init>(FutureTask.java:151)
	at java.base/java.util.concurrent.ScheduledThreadPoolExecutor$ScheduledFutureTask.<init>(ScheduledThreadPoolExecutor.java:215)
	at java.base/java.util.concurrent.ScheduledThreadPoolExecutor.schedule(ScheduledThreadPoolExecutor.java:561)
	at com.netflix.discovery.TimedSupervisorTask.run(TimedSupervisorTask.java:99)
	at java.base/java.util.concurrent.Executors$RunnableAdapter.call(Executors.java:539)
	at java.base/java.util.concurrent.FutureTask.run$$$capture(FutureTask.java:264)
	at java.base/java.util.concurrent.FutureTask.run(FutureTask.java)
	at --- Async.Stack.Trace --- (captured by IntelliJ IDEA debugger)
	at java.base/java.util.concurrent.FutureTask.<init>(FutureTask.java:151)
	at java.base/java.util.concurrent.ScheduledThreadPoolExecutor$ScheduledFutureTask.<init>(ScheduledThreadPoolExecutor.java:215)
	at java.base/java.util.concurrent.ScheduledThreadPoolExecutor.schedule(ScheduledThreadPoolExecutor.java:561)
	at com.netflix.discovery.TimedSupervisorTask.run(TimedSupervisorTask.java:99)
	at java.base/java.util.concurrent.Executors$RunnableAdapter.call(Executors.java:539)
	at java.base/java.util.concurrent.FutureTask.run$$$capture(FutureTask.java:264)
	at java.base/java.util.concurrent.FutureTask.run(FutureTask.java)
	at --- Async.Stack.Trace --- (captured by IntelliJ IDEA debugger)
	at java.base/java.util.concurrent.FutureTask.<init>(FutureTask.java:151)
	at java.base/java.util.concurrent.ScheduledThreadPoolExecutor$ScheduledFutureTask.<init>(ScheduledThreadPoolExecutor.java:215)
	at java.base/java.util.concurrent.ScheduledThreadPoolExecutor.schedule(ScheduledThreadPoolExecutor.java:561)
	at com.netflix.discovery.TimedSupervisorTask.run(TimedSupervisorTask.java:99)
	at java.base/java.util.concurrent.Executors$RunnableAdapter.call(Executors.java:539)
	at java.base/java.util.concurrent.FutureTask.run$$$capture(FutureTask.java:264)
	at java.base/java.util.concurrent.FutureTask.run(FutureTask.java)
	at --- Async.Stack.Trace --- (captured by IntelliJ IDEA debugger)
	at java.base/java.util.concurrent.FutureTask.<init>(FutureTask.java:151)
	at java.base/java.util.concurrent.ScheduledThreadPoolExecutor$ScheduledFutureTask.<init>(ScheduledThreadPoolExecutor.java:215)
	at java.base/java.util.concurrent.ScheduledThreadPoolExecutor.schedule(ScheduledThreadPoolExecutor.java:561)
	at com.netflix.discovery.TimedSupervisorTask.run(TimedSupervisorTask.java:99)
	at java.base/java.util.concurrent.Executors$RunnableAdapter.call(Executors.java:539)
	at java.base/java.util.concurrent.FutureTask.run$$$capture(FutureTask.java:264)
	at java.base/java.util.concurrent.FutureTask.run(FutureTask.java)
	at --- Async.Stack.Trace --- (captured by IntelliJ IDEA debugger)
	at java.base/java.util.concurrent.FutureTask.<init>(FutureTask.java:151)
	at java.base/java.util.concurrent.ScheduledThreadPoolExecutor$ScheduledFutureTask.<init>(ScheduledThreadPoolExecutor.java:215)
	at java.base/java.util.concurrent.ScheduledThreadPoolExecutor.schedule(ScheduledThreadPoolExecutor.java:561)
	at com.netflix.discovery.TimedSupervisorTask.run(TimedSupervisorTask.java:99)
	at java.base/java.util.concurrent.Executors$RunnableAdapter.call(Executors.java:539)
	at java.base/java.util.concurrent.FutureTask.run$$$capture(FutureTask.java:264)
	at java.base/java.util.concurrent.FutureTask.run(FutureTask.java)
	at --- Async.Stack.Trace --- (captured by IntelliJ IDEA debugger)
	at java.base/java.util.concurrent.FutureTask.<init>(FutureTask.java:151)
	at java.base/java.util.concurrent.ScheduledThreadPoolExecutor$ScheduledFutureTask.<init>(ScheduledThreadPoolExecutor.java:215)
	at java.base/java.util.concurrent.ScheduledThreadPoolExecutor.schedule(ScheduledThreadPoolExecutor.java:561)
	at com.netflix.discovery.TimedSupervisorTask.run(TimedSupervisorTask.java:99)
	at java.base/java.util.concurrent.Executors$RunnableAdapter.call(Executors.java:539)
	at java.base/java.util.concurrent.FutureTask.run$$$capture(FutureTask.java:264)
	at java.base/java.util.concurrent.FutureTask.run(FutureTask.java)
	at --- Async.Stack.Trace --- (captured by IntelliJ IDEA debugger)
	at java.base/java.util.concurrent.FutureTask.<init>(FutureTask.java:151)
	at java.base/java.util.concurrent.ScheduledThreadPoolExecutor$ScheduledFutureTask.<init>(ScheduledThreadPoolExecutor.java:215)
	at java.base/java.util.concurrent.ScheduledThreadPoolExecutor.schedule(ScheduledThreadPoolExecutor.java:561)
	at com.netflix.discovery.TimedSupervisorTask.run(TimedSupervisorTask.java:99)
	at java.base/java.util.concurrent.Executors$RunnableAdapter.call(Executors.java:539)
	at java.base/java.util.concurrent.FutureTask.run$$$capture(FutureTask.java:264)
	at java.base/java.util.concurrent.FutureTask.run(FutureTask.java)
	at --- Async.Stack.Trace --- (captured by IntelliJ IDEA debugger)
	at java.base/java.util.concurrent.FutureTask.<init>(FutureTask.java:151)
	at java.base/java.util.concurrent.ScheduledThreadPoolExecutor$ScheduledFutureTask.<init>(ScheduledThreadPoolExecutor.java:215)
	at java.base/java.util.concurrent.ScheduledThreadPoolExecutor.schedule(ScheduledThreadPoolExecutor.java:561)
	at com.netflix.discovery.TimedSupervisorTask.run(TimedSupervisorTask.java:99)
	at java.base/java.util.concurrent.Executors$RunnableAdapter.call(Executors.java:539)
	at java.base/java.util.concurrent.FutureTask.run$$$capture(FutureTask.java:264)
	at java.base/java.util.concurrent.FutureTask.run(FutureTask.java)
	at --- Async.Stack.Trace --- (captured by IntelliJ IDEA debugger)
	at java.base/java.util.concurrent.FutureTask.<init>(FutureTask.java:151)
	at java.base/java.util.concurrent.ScheduledThreadPoolExecutor$ScheduledFutureTask.<init>(ScheduledThreadPoolExecutor.java:215)
	at java.base/java.util.concurrent.ScheduledThreadPoolExecutor.schedule(ScheduledThreadPoolExecutor.java:561)
	at com.netflix.discovery.TimedSupervisorTask.run(TimedSupervisorTask.java:99)
	at java.base/java.util.concurrent.Executors$RunnableAdapter.call(Executors.java:539)
	at java.base/java.util.concurrent.FutureTask.run$$$capture(FutureTask.java:264)
	at java.base/java.util.concurrent.FutureTask.run(FutureTask.java)
	at --- Async.Stack.Trace --- (captured by IntelliJ IDEA debugger)
	at java.base/java.util.concurrent.FutureTask.<init>(FutureTask.java:151)
	at java.base/java.util.concurrent.ScheduledThreadPoolExecutor$ScheduledFutureTask.<init>(ScheduledThreadPoolExecutor.java:215)
	at java.base/java.util.concurrent.ScheduledThreadPoolExecutor.schedule(ScheduledThreadPoolExecutor.java:561)
	at com.netflix.discovery.TimedSupervisorTask.run(TimedSupervisorTask.java:99)
	at java.base/java.util.concurrent.Executors$RunnableAdapter.call(Executors.java:539)
	at java.base/java.util.concurrent.FutureTask.run$$$capture(FutureTask.java:264)
	at java.base/java.util.concurrent.FutureTask.run(FutureTask.java)
	at --- Async.Stack.Trace --- (captured by IntelliJ IDEA debugger)
	at java.base/java.util.concurrent.FutureTask.<init>(FutureTask.java:151)
	at java.base/java.util.concurrent.ScheduledThreadPoolExecutor$ScheduledFutureTask.<init>(ScheduledThreadPoolExecutor.java:215)
	at java.base/java.util.concurrent.ScheduledThreadPoolExecutor.schedule(ScheduledThreadPoolExecutor.java:561)
	at com.netflix.discovery.TimedSupervisorTask.run(TimedSupervisorTask.java:99)
	at java.base/java.util.concurrent.Executors$RunnableAdapter.call(Executors.java:539)
	at java.base/java.util.concurrent.FutureTask.run$$$capture(FutureTask.java:264)
	at java.base/java.util.concurrent.FutureTask.run(FutureTask.java)
	at --- Async.Stack.Trace --- (captured by IntelliJ IDEA debugger)
	at java.base/java.util.concurrent.FutureTask.<init>(FutureTask.java:151)
	at java.base/java.util.concurrent.ScheduledThreadPoolExecutor$ScheduledFutureTask.<init>(ScheduledThreadPoolExecutor.java:215)
	at java.base/java.util.concurrent.ScheduledThreadPoolExecutor.schedule(ScheduledThreadPoolExecutor.java:561)
	at com.netflix.discovery.TimedSupervisorTask.run(TimedSupervisorTask.java:99)
	at java.base/java.util.concurrent.Executors$RunnableAdapter.call(Executors.java:539)
	at java.base/java.util.concurrent.FutureTask.run$$$capture(FutureTask.java:264)
	at java.base/java.util.concurrent.FutureTask.run(FutureTask.java)
	at --- Async.Stack.Trace --- (captured by IntelliJ IDEA debugger)
	at java.base/java.util.concurrent.FutureTask.<init>(FutureTask.java:151)
	at java.base/java.util.concurrent.ScheduledThreadPoolExecutor$ScheduledFutureTask.<init>(ScheduledThreadPoolExecutor.java:215)
	at java.base/java.util.concurrent.ScheduledThreadPoolExecutor.schedule(ScheduledThreadPoolExecutor.java:561)
	at com.netflix.discovery.TimedSupervisorTask.run(TimedSupervisorTask.java:99)
	at java.base/java.util.concurrent.Executors$RunnableAdapter.call(Executors.java:539)
	at java.base/java.util.concurrent.FutureTask.run$$$capture(FutureTask.java:264)
	at java.base/java.util.concurrent.FutureTask.run(FutureTask.java)
	at --- Async.Stack.Trace --- (captured by IntelliJ IDEA debugger)
	at java.base/java.util.concurrent.FutureTask.<init>(FutureTask.java:151)
	at java.base/java.util.concurrent.ScheduledThreadPoolExecutor$ScheduledFutureTask.<init>(ScheduledThreadPoolExecutor.java:215)
	at java.base/java.util.concurrent.ScheduledThreadPoolExecutor.schedule(ScheduledThreadPoolExecutor.java:561)
	at com.netflix.discovery.TimedSupervisorTask.run(TimedSupervisorTask.java:99)
	at java.base/java.util.concurrent.Executors$RunnableAdapter.call(Executors.java:539)
	at java.base/java.util.concurrent.FutureTask.run$$$capture(FutureTask.java:264)
	at java.base/java.util.concurrent.FutureTask.run(FutureTask.java)
	at --- Async.Stack.Trace --- (captured by IntelliJ IDEA debugger)
	at java.base/java.util.concurrent.FutureTask.<init>(FutureTask.java:151)
	at java.base/java.util.concurrent.ScheduledThreadPoolExecutor$ScheduledFutureTask.<init>(ScheduledThreadPoolExecutor.java:215)
	at java.base/java.util.concurrent.ScheduledThreadPoolExecutor.schedule(ScheduledThreadPoolExecutor.java:561)
	at com.netflix.discovery.TimedSupervisorTask.run(TimedSupervisorTask.java:99)
	at java.base/java.util.concurrent.Executors$RunnableAdapter.call(Executors.java:539)
	at java.base/java.util.concurrent.FutureTask.run$$$capture(FutureTask.java:264)
	at java.base/java.util.concurrent.FutureTask.run(FutureTask.java)
	at --- Async.Stack.Trace --- (captured by IntelliJ IDEA debugger)
	at java.base/java.util.concurrent.FutureTask.<init>(FutureTask.java:151)
	at java.base/java.util.concurrent.ScheduledThreadPoolExecutor$ScheduledFutureTask.<init>(ScheduledThreadPoolExecutor.java:215)
	at java.base/java.util.concurrent.ScheduledThreadPoolExecutor.schedule(ScheduledThreadPoolExecutor.java:561)
	at com.netflix.discovery.TimedSupervisorTask.run(TimedSupervisorTask.java:99)
	at java.base/java.util.concurrent.Executors$RunnableAdapter.call(Executors.java:539)
	at java.base/java.util.concurrent.FutureTask.run$$$capture(FutureTask.java:264)
	at java.base/java.util.concurrent.FutureTask.run(FutureTask.java)
	at --- Async.Stack.Trace --- (captured by IntelliJ IDEA debugger)
	at java.base/java.util.concurrent.FutureTask.<init>(FutureTask.java:151)
	at java.base/java.util.concurrent.ScheduledThreadPoolExecutor$ScheduledFutureTask.<init>(ScheduledThreadPoolExecutor.java:215)
	at java.base/java.util.concurrent.ScheduledThreadPoolExecutor.schedule(ScheduledThreadPoolExecutor.java:561)
	at com.netflix.discovery.TimedSupervisorTask.run(TimedSupervisorTask.java:99)
	at java.base/java.util.concurrent.Executors$RunnableAdapter.call(Executors.java:539)
	at java.base/java.util.concurrent.FutureTask.run$$$capture(FutureTask.java:264)
	at java.base/java.util.concurrent.FutureTask.run(FutureTask.java)
	at --- Async.Stack.Trace --- (captured by IntelliJ IDEA debugger)
	at java.base/java.util.concurrent.FutureTask.<init>(FutureTask.java:151)
	at java.base/java.util.concurrent.ScheduledThreadPoolExecutor$ScheduledFutureTask.<init>(ScheduledThreadPoolExecutor.java:215)
	at java.base/java.util.concurrent.ScheduledThreadPoolExecutor.schedule(ScheduledThreadPoolExecutor.java:561)
	at com.netflix.discovery.TimedSupervisorTask.run(TimedSupervisorTask.java:99)
	at java.base/java.util.concurrent.Executors$RunnableAdapter.call(Executors.java:539)
	at java.base/java.util.concurrent.FutureTask.run$$$capture(FutureTask.java:264)
	at java.base/java.util.concurrent.FutureTask.run(FutureTask.java)
	at --- Async.Stack.Trace --- (captured by IntelliJ IDEA debugger)
	at java.base/java.util.concurrent.FutureTask.<init>(FutureTask.java:151)
	at java.base/java.util.concurrent.ScheduledThreadPoolExecutor$ScheduledFutureTask.<init>(ScheduledThreadPoolExecutor.java:215)
	at java.base/java.util.concurrent.ScheduledThreadPoolExecutor.schedule(ScheduledThreadPoolExecutor.java:561)
	at com.netflix.discovery.TimedSupervisorTask.run(TimedSupervisorTask.java:99)
	at java.base/java.util.concurrent.Executors$RunnableAdapter.call(Executors.java:539)
	at java.base/java.util.concurrent.FutureTask.run$$$capture(FutureTask.java:264)
	at java.base/java.util.concurrent.FutureTask.run(FutureTask.java)
	at --- Async.Stack.Trace --- (captured by IntelliJ IDEA debugger)
	at java.base/java.util.concurrent.FutureTask.<init>(FutureTask.java:151)
	at java.base/java.util.concurrent.ScheduledThreadPoolExecutor$ScheduledFutureTask.<init>(ScheduledThreadPoolExecutor.java:215)
	at java.base/java.util.concurrent.ScheduledThreadPoolExecutor.schedule(ScheduledThreadPoolExecutor.java:561)
	at com.netflix.discovery.TimedSupervisorTask.run(TimedSupervisorTask.java:99)
	at java.base/java.util.concurrent.Executors$RunnableAdapter.call(Executors.java:539)
	at java.base/java.util.concurrent.FutureTask.run$$$capture(FutureTask.java:264)
	at java.base/java.util.concurrent.FutureTask.run(FutureTask.java)
	at --- Async.Stack.Trace --- (captured by IntelliJ IDEA debugger)
	at java.base/java.util.concurrent.FutureTask.<init>(FutureTask.java:151)
	at java.base/java.util.concurrent.ScheduledThreadPoolExecutor$ScheduledFutureTask.<init>(ScheduledThreadPoolExecutor.java:215)
	at java.base/java.util.concurrent.ScheduledThreadPoolExecutor.schedule(ScheduledThreadPoolExecutor.java:561)
	at com.netflix.discovery.TimedSupervisorTask.run(TimedSupervisorTask.java:99)
	at java.base/java.util.concurrent.Executors$RunnableAdapter.call(Executors.java:539)
	at java.base/java.util.concurrent.FutureTask.run$$$capture(FutureTask.java:264)
	at java.base/java.util.concurrent.FutureTask.run(FutureTask.java)
	at --- Async.Stack.Trace --- (captured by IntelliJ IDEA debugger)
	at java.base/java.util.concurrent.FutureTask.<init>(FutureTask.java:151)
	at java.base/java.util.concurrent.ScheduledThreadPoolExecutor$ScheduledFutureTask.<init>(ScheduledThreadPoolExecutor.java:215)
	at java.base/java.util.concurrent.ScheduledThreadPoolExecutor.schedule(ScheduledThreadPoolExecutor.java:561)
	at com.netflix.discovery.TimedSupervisorTask.run(TimedSupervisorTask.java:99)
	at java.base/java.util.concurrent.Executors$RunnableAdapter.call(Executors.java:539)
	at java.base/java.util.concurrent.FutureTask.run$$$capture(FutureTask.java:264)
	at java.base/java.util.concurrent.FutureTask.run(FutureTask.java)
	at --- Async.Stack.Trace --- (captured by IntelliJ IDEA debugger)
	at java.base/java.util.concurrent.FutureTask.<init>(FutureTask.java:151)
	at java.base/java.util.concurrent.ScheduledThreadPoolExecutor$ScheduledFutureTask.<init>(ScheduledThreadPoolExecutor.java:215)
	at java.base/java.util.concurrent.ScheduledThreadPoolExecutor.schedule(ScheduledThreadPoolExecutor.java:561)
	at com.netflix.discovery.TimedSupervisorTask.run(TimedSupervisorTask.java:99)
	at java.base/java.util.concurrent.Executors$RunnableAdapter.call(Executors.java:539)
	at java.base/java.util.concurrent.FutureTask.run$$$capture(FutureTask.java:264)
	at java.base/java.util.concurrent.FutureTask.run(FutureTask.java)
	at --- Async.Stack.Trace --- (captured by IntelliJ IDEA debugger)
	at java.base/java.util.concurrent.FutureTask.<init>(FutureTask.java:151)
	at java.base/java.util.concurrent.ScheduledThreadPoolExecutor$ScheduledFutureTask.<init>(ScheduledThreadPoolExecutor.java:215)
	at java.base/java.util.concurrent.ScheduledThreadPoolExecutor.schedule(ScheduledThreadPoolExecutor.java:561)
	at com.netflix.discovery.TimedSupervisorTask.run(TimedSupervisorTask.java:99)
	at java.base/java.util.concurrent.Executors$RunnableAdapter.call(Executors.java:539)
	at java.base/java.util.concurrent.FutureTask.run$$$capture(FutureTask.java:264)
	at java.base/java.util.concurrent.FutureTask.run(FutureTask.java)
	at --- Async.Stack.Trace --- (captured by IntelliJ IDEA debugger)
	at java.base/java.util.concurrent.FutureTask.<init>(FutureTask.java:151)
	at java.base/java.util.concurrent.ScheduledThreadPoolExecutor$ScheduledFutureTask.<init>(ScheduledThreadPoolExecutor.java:215)
	at java.base/java.util.concurrent.ScheduledThreadPoolExecutor.schedule(ScheduledThreadPoolExecutor.java:561)
	at com.netflix.discovery.TimedSupervisorTask.run(TimedSupervisorTask.java:99)
	at java.base/java.util.concurrent.Executors$RunnableAdapter.call(Executors.java:539)
	at java.base/java.util.concurrent.FutureTask.run$$$capture(FutureTask.java:264)
	at java.base/java.util.concurrent.FutureTask.run(FutureTask.java)
	at --- Async.Stack.Trace --- (captured by IntelliJ IDEA debugger)
	at java.base/java.util.concurrent.FutureTask.<init>(FutureTask.java:151)
	at java.base/java.util.concurrent.ScheduledThreadPoolExecutor$ScheduledFutureTask.<init>(ScheduledThreadPoolExecutor.java:215)
	at java.base/java.util.concurrent.ScheduledThreadPoolExecutor.schedule(ScheduledThreadPoolExecutor.java:561)
	at com.netflix.discovery.TimedSupervisorTask.run(TimedSupervisorTask.java:99)
	at java.base/java.util.concurrent.Executors$RunnableAdapter.call(Executors.java:539)
	at java.base/java.util.concurrent.FutureTask.run$$$capture(FutureTask.java:264)
	at java.base/java.util.concurrent.FutureTask.run(FutureTask.java)
	at --- Async.Stack.Trace --- (captured by IntelliJ IDEA debugger)
	at java.base/java.util.concurrent.FutureTask.<init>(FutureTask.java:151)
	at java.base/java.util.concurrent.ScheduledThreadPoolExecutor$ScheduledFutureTask.<init>(ScheduledThreadPoolExecutor.java:215)
	at java.base/java.util.concurrent.ScheduledThreadPoolExecutor.schedule(ScheduledThreadPoolExecutor.java:561)
	at com.netflix.discovery.TimedSupervisorTask.run(TimedSupervisorTask.java:99)
	at java.base/java.util.concurrent.Executors$RunnableAdapter.call(Executors.java:539)
	at java.base/java.util.concurrent.FutureTask.run$$$capture(FutureTask.java:264)
	at java.base/java.util.concurrent.FutureTask.run(FutureTask.java)
	at --- Async.Stack.Trace --- (captured by IntelliJ IDEA debugger)
	at java.base/java.util.concurrent.FutureTask.<init>(FutureTask.java:151)
	at java.base/java.util.concurrent.ScheduledThreadPoolExecutor$ScheduledFutureTask.<init>(ScheduledThreadPoolExecutor.java:215)
	at java.base/java.util.concurrent.ScheduledThreadPoolExecutor.schedule(ScheduledThreadPoolExecutor.java:561)
	at com.netflix.discovery.TimedSupervisorTask.run(TimedSupervisorTask.java:99)
	at java.base/java.util.concurrent.Executors$RunnableAdapter.call(Executors.java:539)
	at java.base/java.util.concurrent.FutureTask.run$$$capture(FutureTask.java:264)
	at java.base/java.util.concurrent.FutureTask.run(FutureTask.java)
	at --- Async.Stack.Trace --- (captured by IntelliJ IDEA debugger)
	at java.base/java.util.concurrent.FutureTask.<init>(FutureTask.java:151)
	at java.base/java.util.concurrent.ScheduledThreadPoolExecutor$ScheduledFutureTask.<init>(ScheduledThreadPoolExecutor.java:215)
	at java.base/java.util.concurrent.ScheduledThreadPoolExecutor.schedule(ScheduledThreadPoolExecutor.java:561)
	at com.netflix.discovery.TimedSupervisorTask.run(TimedSupervisorTask.java:99)
	at java.base/java.util.concurrent.Executors$RunnableAdapter.call(Executors.java:539)
	at java.base/java.util.concurrent.FutureTask.run$$$capture(FutureTask.java:264)
	at java.base/java.util.concurrent.FutureTask.run(FutureTask.java)
	at --- Async.Stack.Trace --- (captured by IntelliJ IDEA debugger)
	at java.base/java.util.concurrent.FutureTask.<init>(FutureTask.java:151)
	at java.base/java.util.concurrent.ScheduledThreadPoolExecutor$ScheduledFutureTask.<init>(ScheduledThreadPoolExecutor.java:215)
	at java.base/java.util.concurrent.ScheduledThreadPoolExecutor.schedule(ScheduledThreadPoolExecutor.java:561)
	at com.netflix.discovery.TimedSupervisorTask.run(TimedSupervisorTask.java:99)
	at java.base/java.util.concurrent.Executors$RunnableAdapter.call(Executors.java:539)
	at java.base/java.util.concurrent.FutureTask.run$$$capture(FutureTask.java:264)
	at java.base/java.util.concurrent.FutureTask.run(FutureTask.java)
	at --- Async.Stack.Trace --- (captured by IntelliJ IDEA debugger)
	at java.base/java.util.concurrent.FutureTask.<init>(FutureTask.java:151)
	at java.base/java.util.concurrent.ScheduledThreadPoolExecutor$ScheduledFutureTask.<init>(ScheduledThreadPoolExecutor.java:215)
	at java.base/java.util.concurrent.ScheduledThreadPoolExecutor.schedule(ScheduledThreadPoolExecutor.java:561)
	at com.netflix.discovery.TimedSupervisorTask.run(TimedSupervisorTask.java:99)
	at java.base/java.util.concurrent.Executors$RunnableAdapter.call(Executors.java:539)
	at java.base/java.util.concurrent.FutureTask.run$$$capture(FutureTask.java:264)
	at java.base/java.util.concurrent.FutureTask.run(FutureTask.java)
	at --- Async.Stack.Trace --- (captured by IntelliJ IDEA debugger)
	at java.base/java.util.concurrent.FutureTask.<init>(FutureTask.java:151)
	at java.base/java.util.concurrent.ScheduledThreadPoolExecutor$ScheduledFutureTask.<init>(ScheduledThreadPoolExecutor.java:215)
	at java.base/java.util.concurrent.ScheduledThreadPoolExecutor.schedule(ScheduledThreadPoolExecutor.java:561)
	at com.netflix.discovery.TimedSupervisorTask.run(TimedSupervisorTask.java:99)
	at java.base/java.util.concurrent.Executors$RunnableAdapter.call(Executors.java:539)
	at java.base/java.util.concurrent.FutureTask.run$$$capture(FutureTask.java:264)
	at java.base/java.util.concurrent.FutureTask.run(FutureTask.java)
	at --- Async.Stack.Trace --- (captured by IntelliJ IDEA debugger)
	at java.base/java.util.concurrent.FutureTask.<init>(FutureTask.java:151)
	at java.base/java.util.concurrent.ScheduledThreadPoolExecutor$ScheduledFutureTask.<init>(ScheduledThreadPoolExecutor.java:215)
	at java.base/java.util.concurrent.ScheduledThreadPoolExecutor.schedule(ScheduledThreadPoolExecutor.java:561)
	at com.netflix.discovery.TimedSupervisorTask.run(TimedSupervisorTask.java:99)
	at java.base/java.util.concurrent.Executors$RunnableAdapter.call(Executors.java:539)
	at java.base/java.util.concurrent.FutureTask.run$$$capture(FutureTask.java:264)
	at java.base/java.util.concurrent.FutureTask.run(FutureTask.java)
	at --- Async.Stack.Trace --- (captured by IntelliJ IDEA debugger)
	at java.base/java.util.concurrent.FutureTask.<init>(FutureTask.java:151)
	at java.base/java.util.concurrent.ScheduledThreadPoolExecutor$ScheduledFutureTask.<init>(ScheduledThreadPoolExecutor.java:215)
	at java.base/java.util.concurrent.ScheduledThreadPoolExecutor.schedule(ScheduledThreadPoolExecutor.java:561)
	at com.netflix.discovery.TimedSupervisorTask.run(TimedSupervisorTask.java:99)
	at java.base/java.util.concurrent.Executors$RunnableAdapter.call(Executors.java:539)
	at java.base/java.util.concurrent.FutureTask.run$$$capture(FutureTask.java:264)
	at java.base/java.util.concurrent.FutureTask.run(FutureTask.java)
	at --- Async.Stack.Trace --- (captured by IntelliJ IDEA debugger)
	at java.base/java.util.concurrent.FutureTask.<init>(FutureTask.java:151)
	at java.base/java.util.concurrent.ScheduledThreadPoolExecutor$ScheduledFutureTask.<init>(ScheduledThreadPoolExecutor.java:215)
	at java.base/java.util.concurrent.ScheduledThreadPoolExecutor.schedule(ScheduledThreadPoolExecutor.java:561)
	at com.netflix.discovery.TimedSupervisorTask.run(TimedSupervisorTask.java:99)
	at java.base/java.util.concurrent.Executors$RunnableAdapter.call(Executors.java:539)
	at java.base/java.util.concurrent.FutureTask.run$$$capture(FutureTask.java:264)
	at java.base/java.util.concurrent.FutureTask.run(FutureTask.java)
	at --- Async.Stack.Trace --- (captured by IntelliJ IDEA debugger)
	at java.base/java.util.concurrent.FutureTask.<init>(FutureTask.java:151)
	at java.base/java.util.concurrent.ScheduledThreadPoolExecutor$ScheduledFutureTask.<init>(ScheduledThreadPoolExecutor.java:215)
	at java.base/java.util.concurrent.ScheduledThreadPoolExecutor.schedule(ScheduledThreadPoolExecutor.java:561)
	at com.netflix.discovery.TimedSupervisorTask.run(TimedSupervisorTask.java:99)
	at java.base/java.util.concurrent.Executors$RunnableAdapter.call(Executors.java:539)
	at java.base/java.util.concurrent.FutureTask.run$$$capture(FutureTask.java:264)
	at java.base/java.util.concurrent.FutureTask.run(FutureTask.java)
	at --- Async.Stack.Trace --- (captured by IntelliJ IDEA debugger)
	at java.base/java.util.concurrent.FutureTask.<init>(FutureTask.java:151)
	at java.base/java.util.concurrent.ScheduledThreadPoolExecutor$ScheduledFutureTask.<init>(ScheduledThreadPoolExecutor.java:215)
	at java.base/java.util.concurrent.ScheduledThreadPoolExecutor.schedule(ScheduledThreadPoolExecutor.java:561)
	at com.netflix.discovery.TimedSupervisorTask.run(TimedSupervisorTask.java:99)
	at java.base/java.util.concurrent.Executors$RunnableAdapter.call(Executors.java:539)
	at java.base/java.util.concurrent.FutureTask.run$$$capture(FutureTask.java:264)
	at java.base/java.util.concurrent.FutureTask.run(FutureTask.java)
	at --- Async.Stack.Trace --- (captured by IntelliJ IDEA debugger)
	at java.base/java.util.concurrent.FutureTask.<init>(FutureTask.java:151)
	at java.base/java.util.concurrent.ScheduledThreadPoolExecutor$ScheduledFutureTask.<init>(ScheduledThreadPoolExecutor.java:215)
	at java.base/java.util.concurrent.ScheduledThreadPoolExecutor.schedule(ScheduledThreadPoolExecutor.java:561)
	at com.netflix.discovery.TimedSupervisorTask.run(TimedSupervisorTask.java:99)
	at java.base/java.util.concurrent.Executors$RunnableAdapter.call(Executors.java:539)
	at java.base/java.util.concurrent.FutureTask.run$$$capture(FutureTask.java:264)
	at java.base/java.util.concurrent.FutureTask.run(FutureTask.java)
	at --- Async.Stack.Trace --- (captured by IntelliJ IDEA debugger)
	at java.base/java.util.concurrent.FutureTask.<init>(FutureTask.java:151)
	at java.base/java.util.concurrent.ScheduledThreadPoolExecutor$ScheduledFutureTask.<init>(ScheduledThreadPoolExecutor.java:215)
	at java.base/java.util.concurrent.ScheduledThreadPoolExecutor.schedule(ScheduledThreadPoolExecutor.java:561)
	at com.netflix.discovery.TimedSupervisorTask.run(TimedSupervisorTask.java:99)
	at java.base/java.util.concurrent.Executors$RunnableAdapter.call(Executors.java:539)
	at java.base/java.util.concurrent.FutureTask.run$$$capture(FutureTask.java:264)
	at java.base/java.util.concurrent.FutureTask.run(FutureTask.java)
	at --- Async.Stack.Trace --- (captured by IntelliJ IDEA debugger)
	at java.base/java.util.concurrent.FutureTask.<init>(FutureTask.java:151)
	at java.base/java.util.concurrent.ScheduledThreadPoolExecutor$ScheduledFutureTask.<init>(ScheduledThreadPoolExecutor.java:215)
	at java.base/java.util.concurrent.ScheduledThreadPoolExecutor.schedule(ScheduledThreadPoolExecutor.java:561)
	at com.netflix.discovery.TimedSupervisorTask.run(TimedSupervisorTask.java:99)
	at java.base/java.util.concurrent.Executors$RunnableAdapter.call(Executors.java:539)
	at java.base/java.util.concurrent.FutureTask.run$$$capture(FutureTask.java:264)
	at java.base/java.util.concurrent.FutureTask.run(FutureTask.java)
	at --- Async.Stack.Trace --- (captured by IntelliJ IDEA debugger)
	at java.base/java.util.concurrent.FutureTask.<init>(FutureTask.java:151)
	at java.base/java.util.concurrent.ScheduledThreadPoolExecutor$ScheduledFutureTask.<init>(ScheduledThreadPoolExecutor.java:215)
	at java.base/java.util.concurrent.ScheduledThreadPoolExecutor.schedule(ScheduledThreadPoolExecutor.java:561)
	at com.netflix.discovery.TimedSupervisorTask.run(TimedSupervisorTask.java:99)
	at java.base/java.util.concurrent.Executors$RunnableAdapter.call(Executors.java:539)
	at java.base/java.util.concurrent.FutureTask.run$$$capture(FutureTask.java:264)
	at java.base/java.util.concurrent.FutureTask.run(FutureTask.java)
	at --- Async.Stack.Trace --- (captured by IntelliJ IDEA debugger)
	at java.base/java.util.concurrent.FutureTask.<init>(FutureTask.java:151)
	at java.base/java.util.concurrent.ScheduledThreadPoolExecutor$ScheduledFutureTask.<init>(ScheduledThreadPoolExecutor.java:215)
	at java.base/java.util.concurrent.ScheduledThreadPoolExecutor.schedule(ScheduledThreadPoolExecutor.java:561)
	at com.netflix.discovery.TimedSupervisorTask.run(TimedSupervisorTask.java:99)
	at java.base/java.util.concurrent.Executors$RunnableAdapter.call(Executors.java:539)
	at java.base/java.util.concurrent.FutureTask.run$$$capture(FutureTask.java:264)
	at java.base/java.util.concurrent.FutureTask.run(FutureTask.java)
	at --- Async.Stack.Trace --- (captured by IntelliJ IDEA debugger)
Caused by: org.apache.hc.client5.http.HttpHostConnectException: Connect to http://localhost:8761 [localhost/127.0.0.1, localhost/0:0:0:0:0:0:0:1] failed: Connection refused: no further information
	at java.base/sun.nio.ch.Net.pollConnect(Native Method)
	at java.base/sun.nio.ch.Net.pollConnectNow(Net.java:672)
	at java.base/sun.nio.ch.NioSocketImpl.timedFinishConnect(NioSocketImpl.java:547)
	at java.base/sun.nio.ch.NioSocketImpl.connect(NioSocketImpl.java:602)
	at java.base/java.net.SocksSocketImpl.connect(SocksSocketImpl.java:327)
	at java.base/java.net.Socket.connect(Socket.java:633)
	at org.apache.hc.client5.http.impl.io.DefaultHttpClientConnectionOperator.connect(DefaultHttpClientConnectionOperator.java:216)
	at org.apache.hc.client5.http.impl.io.PoolingHttpClientConnectionManager.connect(PoolingHttpClientConnectionManager.java:490)
	at org.apache.hc.client5.http.impl.classic.InternalExecRuntime.connectEndpoint(InternalExecRuntime.java:164)
	at org.apache.hc.client5.http.impl.classic.InternalExecRuntime.connectEndpoint(InternalExecRuntime.java:174)
	at org.apache.hc.client5.http.impl.classic.ConnectExec.execute(ConnectExec.java:144)
	at org.apache.hc.client5.http.impl.classic.ExecChainElement.execute(ExecChainElement.java:51)
	at org.apache.hc.client5.http.impl.classic.ProtocolExec.execute(ProtocolExec.java:192)
	at org.apache.hc.client5.http.impl.classic.ExecChainElement.execute(ExecChainElement.java:51)
	at org.apache.hc.client5.http.impl.classic.ContentCompressionExec.execute(ContentCompressionExec.java:150)
	at org.apache.hc.client5.http.impl.classic.ExecChainElement.execute(ExecChainElement.java:51)
	at org.apache.hc.client5.http.impl.classic.HttpRequestRetryExec.execute(HttpRequestRetryExec.java:113)
	at org.apache.hc.client5.http.impl.classic.ExecChainElement.execute(ExecChainElement.java:51)
	at org.apache.hc.client5.http.impl.classic.RedirectExec.execute(RedirectExec.java:110)
	at org.apache.hc.client5.http.impl.classic.ExecChainElement.execute(ExecChainElement.java:51)
	at org.apache.hc.client5.http.impl.classic.InternalHttpClient.doExecute(InternalHttpClient.java:174)
	at org.apache.hc.client5.http.impl.classic.CloseableHttpClient.execute(CloseableHttpClient.java:87)
	at org.apache.hc.client5.http.impl.classic.CloseableHttpClient.execute(CloseableHttpClient.java:55)
	at org.apache.hc.client5.http.classic.HttpClient.executeOpen(HttpClient.java:183)
	at org.springframework.http.client.HttpComponentsClientHttpRequest.executeInternal(HttpComponentsClientHttpRequest.java:99)
	at org.springframework.http.client.AbstractStreamingClientHttpRequest.executeInternal(AbstractStreamingClientHttpRequest.java:71)
	at org.springframework.http.client.AbstractClientHttpRequest.execute(AbstractClientHttpRequest.java:81)
	at org.springframework.http.client.InterceptingClientHttpRequest$InterceptingRequestExecution.execute(InterceptingClientHttpRequest.java:117)
	at org.springframework.cloud.netflix.eureka.http.RestTemplateTransportClientFactory.lambda$restTemplate$2(RestTemplateTransportClientFactory.java:145)
	at org.springframework.http.client.InterceptingClientHttpRequest$InterceptingRequestExecution.execute(InterceptingClientHttpRequest.java:88)
	at org.springframework.http.client.InterceptingClientHttpRequest.executeInternal(InterceptingClientHttpRequest.java:72)
	at org.springframework.http.client.AbstractBufferingClientHttpRequest.executeInternal(AbstractBufferingClientHttpRequest.java:48)
	at org.springframework.http.client.AbstractClientHttpRequest.execute(AbstractClientHttpRequest.java:81)
	at org.springframework.web.client.RestTemplate.doExecute(RestTemplate.java:900)
	... 1154 more
 
2025-04-21 12:09:26-605 [DiscoveryClient-HeartbeatExecutor-%d] WARN  c.n.d.s.t.d.RetryableEurekaHttpClient - Request execution failed with message: I/O error on PUT request for "http://localhost:8761/eureka/apps/SERVICE-CUSTOMER/192.168.1.11:service-customer:8181": Connect to http://localhost:8761 [localhost/127.0.0.1, localhost/0:0:0:0:0:0:0:1] failed: Connection refused: no further information 
2025-04-21 12:09:26-608 [DiscoveryClient-CacheRefreshExecutor-%d] INFO  c.n.d.s.t.d.RedirectingEurekaHttpClient - Request execution error. endpoint=DefaultEndpoint{ serviceUrl='http://localhost:8761/eureka/}, exception=I/O error on GET request for "http://localhost:8761/eureka/apps/delta": Connect to http://localhost:8761 [localhost/127.0.0.1, localhost/0:0:0:0:0:0:0:1] failed: Connection refused: no further information stacktrace=org.springframework.web.client.ResourceAccessException: I/O error on GET request for "http://localhost:8761/eureka/apps/delta": Connect to http://localhost:8761 [localhost/127.0.0.1, localhost/0:0:0:0:0:0:0:1] failed: Connection refused: no further information
	at org.springframework.web.client.RestTemplate.createResourceAccessException(RestTemplate.java:926)
	at org.springframework.web.client.RestTemplate.doExecute(RestTemplate.java:906)
	at org.springframework.web.client.RestTemplate.execute(RestTemplate.java:841)
	at org.springframework.web.client.RestTemplate.exchange(RestTemplate.java:702)
	at org.springframework.cloud.netflix.eureka.http.RestTemplateEurekaHttpClient.getApplicationsInternal(RestTemplateEurekaHttpClient.java:174)
	at org.springframework.cloud.netflix.eureka.http.RestTemplateEurekaHttpClient.getDelta(RestTemplateEurekaHttpClient.java:186)
	at com.netflix.discovery.shared.transport.decorator.EurekaHttpClientDecorator$7.execute(EurekaHttpClientDecorator.java:152)
	at com.netflix.discovery.shared.transport.decorator.RedirectingEurekaHttpClient.executeOnNewServer(RedirectingEurekaHttpClient.java:121)
	at com.netflix.discovery.shared.transport.decorator.RedirectingEurekaHttpClient.execute(RedirectingEurekaHttpClient.java:80)
	at com.netflix.discovery.shared.transport.decorator.EurekaHttpClientDecorator.getDelta(EurekaHttpClientDecorator.java:149)
	at com.netflix.discovery.shared.transport.decorator.EurekaHttpClientDecorator$7.execute(EurekaHttpClientDecorator.java:152)
	at com.netflix.discovery.shared.transport.decorator.RetryableEurekaHttpClient.execute(RetryableEurekaHttpClient.java:120)
	at com.netflix.discovery.shared.transport.decorator.EurekaHttpClientDecorator.getDelta(EurekaHttpClientDecorator.java:149)
	at com.netflix.discovery.shared.transport.decorator.EurekaHttpClientDecorator$7.execute(EurekaHttpClientDecorator.java:152)
	at com.netflix.discovery.shared.transport.decorator.SessionedEurekaHttpClient.execute(SessionedEurekaHttpClient.java:76)
	at com.netflix.discovery.shared.transport.decorator.EurekaHttpClientDecorator.getDelta(EurekaHttpClientDecorator.java:149)
	at com.netflix.discovery.DiscoveryClient.getAndUpdateDelta(DiscoveryClient.java:1080)
	at com.netflix.discovery.DiscoveryClient.fetchRegistry(DiscoveryClient.java:963)
	at com.netflix.discovery.DiscoveryClient.refreshRegistry(DiscoveryClient.java:1473)
	at com.netflix.discovery.DiscoveryClient$CacheRefreshThread.run(DiscoveryClient.java:1441)
	at java.base/java.util.concurrent.Executors$RunnableAdapter.call(Executors.java:539)
	at java.base/java.util.concurrent.FutureTask.run$$$capture(FutureTask.java:264)
	at java.base/java.util.concurrent.FutureTask.run(FutureTask.java)
	at --- Async.Stack.Trace --- (captured by IntelliJ IDEA debugger)
	at java.base/java.util.concurrent.FutureTask.<init>(FutureTask.java:151)
	at java.base/java.util.concurrent.AbstractExecutorService.newTaskFor(AbstractExecutorService.java:98)
	at java.base/java.util.concurrent.AbstractExecutorService.submit(AbstractExecutorService.java:122)
	at com.netflix.discovery.TimedSupervisorTask.run(TimedSupervisorTask.java:63)
	at java.base/java.util.concurrent.Executors$RunnableAdapter.call(Executors.java:539)
	at java.base/java.util.concurrent.FutureTask.run$$$capture(FutureTask.java:264)
	at java.base/java.util.concurrent.FutureTask.run(FutureTask.java)
	at --- Async.Stack.Trace --- (captured by IntelliJ IDEA debugger)
	at java.base/java.util.concurrent.FutureTask.<init>(FutureTask.java:151)
	at java.base/java.util.concurrent.ScheduledThreadPoolExecutor$ScheduledFutureTask.<init>(ScheduledThreadPoolExecutor.java:215)
	at java.base/java.util.concurrent.ScheduledThreadPoolExecutor.schedule(ScheduledThreadPoolExecutor.java:561)
	at com.netflix.discovery.TimedSupervisorTask.run(TimedSupervisorTask.java:99)
	at java.base/java.util.concurrent.Executors$RunnableAdapter.call(Executors.java:539)
	at java.base/java.util.concurrent.FutureTask.run$$$capture(FutureTask.java:264)
	at java.base/java.util.concurrent.FutureTask.run(FutureTask.java)
	at --- Async.Stack.Trace --- (captured by IntelliJ IDEA debugger)
	at java.base/java.util.concurrent.FutureTask.<init>(FutureTask.java:151)
	at java.base/java.util.concurrent.ScheduledThreadPoolExecutor$ScheduledFutureTask.<init>(ScheduledThreadPoolExecutor.java:215)
	at java.base/java.util.concurrent.ScheduledThreadPoolExecutor.schedule(ScheduledThreadPoolExecutor.java:561)
	at com.netflix.discovery.TimedSupervisorTask.run(TimedSupervisorTask.java:99)
	at java.base/java.util.concurrent.Executors$RunnableAdapter.call(Executors.java:539)
	at java.base/java.util.concurrent.FutureTask.run$$$capture(FutureTask.java:264)
	at java.base/java.util.concurrent.FutureTask.run(FutureTask.java)
	at --- Async.Stack.Trace --- (captured by IntelliJ IDEA debugger)
	at java.base/java.util.concurrent.FutureTask.<init>(FutureTask.java:151)
	at java.base/java.util.concurrent.ScheduledThreadPoolExecutor$ScheduledFutureTask.<init>(ScheduledThreadPoolExecutor.java:215)
	at java.base/java.util.concurrent.ScheduledThreadPoolExecutor.schedule(ScheduledThreadPoolExecutor.java:561)
	at com.netflix.discovery.TimedSupervisorTask.run(TimedSupervisorTask.java:99)
	at java.base/java.util.concurrent.Executors$RunnableAdapter.call(Executors.java:539)
	at java.base/java.util.concurrent.FutureTask.run$$$capture(FutureTask.java:264)
	at java.base/java.util.concurrent.FutureTask.run(FutureTask.java)
	at --- Async.Stack.Trace --- (captured by IntelliJ IDEA debugger)
	at java.base/java.util.concurrent.FutureTask.<init>(FutureTask.java:151)
	at java.base/java.util.concurrent.ScheduledThreadPoolExecutor$ScheduledFutureTask.<init>(ScheduledThreadPoolExecutor.java:215)
	at java.base/java.util.concurrent.ScheduledThreadPoolExecutor.schedule(ScheduledThreadPoolExecutor.java:561)
	at com.netflix.discovery.TimedSupervisorTask.run(TimedSupervisorTask.java:99)
	at java.base/java.util.concurrent.Executors$RunnableAdapter.call(Executors.java:539)
	at java.base/java.util.concurrent.FutureTask.run$$$capture(FutureTask.java:264)
	at java.base/java.util.concurrent.FutureTask.run(FutureTask.java)
	at --- Async.Stack.Trace --- (captured by IntelliJ IDEA debugger)
	at java.base/java.util.concurrent.FutureTask.<init>(FutureTask.java:151)
	at java.base/java.util.concurrent.ScheduledThreadPoolExecutor$ScheduledFutureTask.<init>(ScheduledThreadPoolExecutor.java:215)
	at java.base/java.util.concurrent.ScheduledThreadPoolExecutor.schedule(ScheduledThreadPoolExecutor.java:561)
	at com.netflix.discovery.TimedSupervisorTask.run(TimedSupervisorTask.java:99)
	at java.base/java.util.concurrent.Executors$RunnableAdapter.call(Executors.java:539)
	at java.base/java.util.concurrent.FutureTask.run$$$capture(FutureTask.java:264)
	at java.base/java.util.concurrent.FutureTask.run(FutureTask.java)
	at --- Async.Stack.Trace --- (captured by IntelliJ IDEA debugger)
	at java.base/java.util.concurrent.FutureTask.<init>(FutureTask.java:151)
	at java.base/java.util.concurrent.ScheduledThreadPoolExecutor$ScheduledFutureTask.<init>(ScheduledThreadPoolExecutor.java:215)
	at java.base/java.util.concurrent.ScheduledThreadPoolExecutor.schedule(ScheduledThreadPoolExecutor.java:561)
	at com.netflix.discovery.TimedSupervisorTask.run(TimedSupervisorTask.java:99)
	at java.base/java.util.concurrent.Executors$RunnableAdapter.call(Executors.java:539)
	at java.base/java.util.concurrent.FutureTask.run$$$capture(FutureTask.java:264)
	at java.base/java.util.concurrent.FutureTask.run(FutureTask.java)
	at --- Async.Stack.Trace --- (captured by IntelliJ IDEA debugger)
	at java.base/java.util.concurrent.FutureTask.<init>(FutureTask.java:151)
	at java.base/java.util.concurrent.ScheduledThreadPoolExecutor$ScheduledFutureTask.<init>(ScheduledThreadPoolExecutor.java:215)
	at java.base/java.util.concurrent.ScheduledThreadPoolExecutor.schedule(ScheduledThreadPoolExecutor.java:561)
	at com.netflix.discovery.TimedSupervisorTask.run(TimedSupervisorTask.java:99)
	at java.base/java.util.concurrent.Executors$RunnableAdapter.call(Executors.java:539)
	at java.base/java.util.concurrent.FutureTask.run$$$capture(FutureTask.java:264)
	at java.base/java.util.concurrent.FutureTask.run(FutureTask.java)
	at --- Async.Stack.Trace --- (captured by IntelliJ IDEA debugger)
	at java.base/java.util.concurrent.FutureTask.<init>(FutureTask.java:151)
	at java.base/java.util.concurrent.ScheduledThreadPoolExecutor$ScheduledFutureTask.<init>(ScheduledThreadPoolExecutor.java:215)
	at java.base/java.util.concurrent.ScheduledThreadPoolExecutor.schedule(ScheduledThreadPoolExecutor.java:561)
	at com.netflix.discovery.TimedSupervisorTask.run(TimedSupervisorTask.java:99)
	at java.base/java.util.concurrent.Executors$RunnableAdapter.call(Executors.java:539)
	at java.base/java.util.concurrent.FutureTask.run$$$capture(FutureTask.java:264)
	at java.base/java.util.concurrent.FutureTask.run(FutureTask.java)
	at --- Async.Stack.Trace --- (captured by IntelliJ IDEA debugger)
	at java.base/java.util.concurrent.FutureTask.<init>(FutureTask.java:151)
	at java.base/java.util.concurrent.ScheduledThreadPoolExecutor$ScheduledFutureTask.<init>(ScheduledThreadPoolExecutor.java:215)
	at java.base/java.util.concurrent.ScheduledThreadPoolExecutor.schedule(ScheduledThreadPoolExecutor.java:561)
	at com.netflix.discovery.TimedSupervisorTask.run(TimedSupervisorTask.java:99)
	at java.base/java.util.concurrent.Executors$RunnableAdapter.call(Executors.java:539)
	at java.base/java.util.concurrent.FutureTask.run$$$capture(FutureTask.java:264)
	at java.base/java.util.concurrent.FutureTask.run(FutureTask.java)
	at --- Async.Stack.Trace --- (captured by IntelliJ IDEA debugger)
	at java.base/java.util.concurrent.FutureTask.<init>(FutureTask.java:151)
	at java.base/java.util.concurrent.ScheduledThreadPoolExecutor$ScheduledFutureTask.<init>(ScheduledThreadPoolExecutor.java:215)
	at java.base/java.util.concurrent.ScheduledThreadPoolExecutor.schedule(ScheduledThreadPoolExecutor.java:561)
	at com.netflix.discovery.TimedSupervisorTask.run(TimedSupervisorTask.java:99)
	at java.base/java.util.concurrent.Executors$RunnableAdapter.call(Executors.java:539)
	at java.base/java.util.concurrent.FutureTask.run$$$capture(FutureTask.java:264)
	at java.base/java.util.concurrent.FutureTask.run(FutureTask.java)
	at --- Async.Stack.Trace --- (captured by IntelliJ IDEA debugger)
	at java.base/java.util.concurrent.FutureTask.<init>(FutureTask.java:151)
	at java.base/java.util.concurrent.ScheduledThreadPoolExecutor$ScheduledFutureTask.<init>(ScheduledThreadPoolExecutor.java:215)
	at java.base/java.util.concurrent.ScheduledThreadPoolExecutor.schedule(ScheduledThreadPoolExecutor.java:561)
	at com.netflix.discovery.TimedSupervisorTask.run(TimedSupervisorTask.java:99)
	at java.base/java.util.concurrent.Executors$RunnableAdapter.call(Executors.java:539)
	at java.base/java.util.concurrent.FutureTask.run$$$capture(FutureTask.java:264)
	at java.base/java.util.concurrent.FutureTask.run(FutureTask.java)
	at --- Async.Stack.Trace --- (captured by IntelliJ IDEA debugger)
	at java.base/java.util.concurrent.FutureTask.<init>(FutureTask.java:151)
	at java.base/java.util.concurrent.ScheduledThreadPoolExecutor$ScheduledFutureTask.<init>(ScheduledThreadPoolExecutor.java:215)
	at java.base/java.util.concurrent.ScheduledThreadPoolExecutor.schedule(ScheduledThreadPoolExecutor.java:561)
	at com.netflix.discovery.TimedSupervisorTask.run(TimedSupervisorTask.java:99)
	at java.base/java.util.concurrent.Executors$RunnableAdapter.call(Executors.java:539)
	at java.base/java.util.concurrent.FutureTask.run$$$capture(FutureTask.java:264)
	at java.base/java.util.concurrent.FutureTask.run(FutureTask.java)
	at --- Async.Stack.Trace --- (captured by IntelliJ IDEA debugger)
	at java.base/java.util.concurrent.FutureTask.<init>(FutureTask.java:151)
	at java.base/java.util.concurrent.ScheduledThreadPoolExecutor$ScheduledFutureTask.<init>(ScheduledThreadPoolExecutor.java:215)
	at java.base/java.util.concurrent.ScheduledThreadPoolExecutor.schedule(ScheduledThreadPoolExecutor.java:561)
	at com.netflix.discovery.TimedSupervisorTask.run(TimedSupervisorTask.java:99)
	at java.base/java.util.concurrent.Executors$RunnableAdapter.call(Executors.java:539)
	at java.base/java.util.concurrent.FutureTask.run$$$capture(FutureTask.java:264)
	at java.base/java.util.concurrent.FutureTask.run(FutureTask.java)
	at --- Async.Stack.Trace --- (captured by IntelliJ IDEA debugger)
	at java.base/java.util.concurrent.FutureTask.<init>(FutureTask.java:151)
	at java.base/java.util.concurrent.ScheduledThreadPoolExecutor$ScheduledFutureTask.<init>(ScheduledThreadPoolExecutor.java:215)
	at java.base/java.util.concurrent.ScheduledThreadPoolExecutor.schedule(ScheduledThreadPoolExecutor.java:561)
	at com.netflix.discovery.TimedSupervisorTask.run(TimedSupervisorTask.java:99)
	at java.base/java.util.concurrent.Executors$RunnableAdapter.call(Executors.java:539)
	at java.base/java.util.concurrent.FutureTask.run$$$capture(FutureTask.java:264)
	at java.base/java.util.concurrent.FutureTask.run(FutureTask.java)
	at --- Async.Stack.Trace --- (captured by IntelliJ IDEA debugger)
	at java.base/java.util.concurrent.FutureTask.<init>(FutureTask.java:151)
	at java.base/java.util.concurrent.ScheduledThreadPoolExecutor$ScheduledFutureTask.<init>(ScheduledThreadPoolExecutor.java:215)
	at java.base/java.util.concurrent.ScheduledThreadPoolExecutor.schedule(ScheduledThreadPoolExecutor.java:561)
	at com.netflix.discovery.TimedSupervisorTask.run(TimedSupervisorTask.java:99)
	at java.base/java.util.concurrent.Executors$RunnableAdapter.call(Executors.java:539)
	at java.base/java.util.concurrent.FutureTask.run$$$capture(FutureTask.java:264)
	at java.base/java.util.concurrent.FutureTask.run(FutureTask.java)
	at --- Async.Stack.Trace --- (captured by IntelliJ IDEA debugger)
	at java.base/java.util.concurrent.FutureTask.<init>(FutureTask.java:151)
	at java.base/java.util.concurrent.ScheduledThreadPoolExecutor$ScheduledFutureTask.<init>(ScheduledThreadPoolExecutor.java:215)
	at java.base/java.util.concurrent.ScheduledThreadPoolExecutor.schedule(ScheduledThreadPoolExecutor.java:561)
	at com.netflix.discovery.TimedSupervisorTask.run(TimedSupervisorTask.java:99)
	at java.base/java.util.concurrent.Executors$RunnableAdapter.call(Executors.java:539)
	at java.base/java.util.concurrent.FutureTask.run$$$capture(FutureTask.java:264)
	at java.base/java.util.concurrent.FutureTask.run(FutureTask.java)
	at --- Async.Stack.Trace --- (captured by IntelliJ IDEA debugger)
	at java.base/java.util.concurrent.FutureTask.<init>(FutureTask.java:151)
	at java.base/java.util.concurrent.ScheduledThreadPoolExecutor$ScheduledFutureTask.<init>(ScheduledThreadPoolExecutor.java:215)
	at java.base/java.util.concurrent.ScheduledThreadPoolExecutor.schedule(ScheduledThreadPoolExecutor.java:561)
	at com.netflix.discovery.TimedSupervisorTask.run(TimedSupervisorTask.java:99)
	at java.base/java.util.concurrent.Executors$RunnableAdapter.call(Executors.java:539)
	at java.base/java.util.concurrent.FutureTask.run$$$capture(FutureTask.java:264)
	at java.base/java.util.concurrent.FutureTask.run(FutureTask.java)
	at --- Async.Stack.Trace --- (captured by IntelliJ IDEA debugger)
	at java.base/java.util.concurrent.FutureTask.<init>(FutureTask.java:151)
	at java.base/java.util.concurrent.ScheduledThreadPoolExecutor$ScheduledFutureTask.<init>(ScheduledThreadPoolExecutor.java:215)
	at java.base/java.util.concurrent.ScheduledThreadPoolExecutor.schedule(ScheduledThreadPoolExecutor.java:561)
	at com.netflix.discovery.TimedSupervisorTask.run(TimedSupervisorTask.java:99)
	at java.base/java.util.concurrent.Executors$RunnableAdapter.call(Executors.java:539)
	at java.base/java.util.concurrent.FutureTask.run$$$capture(FutureTask.java:264)
	at java.base/java.util.concurrent.FutureTask.run(FutureTask.java)
	at --- Async.Stack.Trace --- (captured by IntelliJ IDEA debugger)
	at java.base/java.util.concurrent.FutureTask.<init>(FutureTask.java:151)
	at java.base/java.util.concurrent.ScheduledThreadPoolExecutor$ScheduledFutureTask.<init>(ScheduledThreadPoolExecutor.java:215)
	at java.base/java.util.concurrent.ScheduledThreadPoolExecutor.schedule(ScheduledThreadPoolExecutor.java:561)
	at com.netflix.discovery.TimedSupervisorTask.run(TimedSupervisorTask.java:99)
	at java.base/java.util.concurrent.Executors$RunnableAdapter.call(Executors.java:539)
	at java.base/java.util.concurrent.FutureTask.run$$$capture(FutureTask.java:264)
	at java.base/java.util.concurrent.FutureTask.run(FutureTask.java)
	at --- Async.Stack.Trace --- (captured by IntelliJ IDEA debugger)
	at java.base/java.util.concurrent.FutureTask.<init>(FutureTask.java:151)
	at java.base/java.util.concurrent.ScheduledThreadPoolExecutor$ScheduledFutureTask.<init>(ScheduledThreadPoolExecutor.java:215)
	at java.base/java.util.concurrent.ScheduledThreadPoolExecutor.schedule(ScheduledThreadPoolExecutor.java:561)
	at com.netflix.discovery.TimedSupervisorTask.run(TimedSupervisorTask.java:99)
	at java.base/java.util.concurrent.Executors$RunnableAdapter.call(Executors.java:539)
	at java.base/java.util.concurrent.FutureTask.run$$$capture(FutureTask.java:264)
	at java.base/java.util.concurrent.FutureTask.run(FutureTask.java)
	at --- Async.Stack.Trace --- (captured by IntelliJ IDEA debugger)
	at java.base/java.util.concurrent.FutureTask.<init>(FutureTask.java:151)
	at java.base/java.util.concurrent.ScheduledThreadPoolExecutor$ScheduledFutureTask.<init>(ScheduledThreadPoolExecutor.java:215)
	at java.base/java.util.concurrent.ScheduledThreadPoolExecutor.schedule(ScheduledThreadPoolExecutor.java:561)
	at com.netflix.discovery.TimedSupervisorTask.run(TimedSupervisorTask.java:99)
	at java.base/java.util.concurrent.Executors$RunnableAdapter.call(Executors.java:539)
	at java.base/java.util.concurrent.FutureTask.run$$$capture(FutureTask.java:264)
	at java.base/java.util.concurrent.FutureTask.run(FutureTask.java)
	at --- Async.Stack.Trace --- (captured by IntelliJ IDEA debugger)
	at java.base/java.util.concurrent.FutureTask.<init>(FutureTask.java:151)
	at java.base/java.util.concurrent.ScheduledThreadPoolExecutor$ScheduledFutureTask.<init>(ScheduledThreadPoolExecutor.java:215)
	at java.base/java.util.concurrent.ScheduledThreadPoolExecutor.schedule(ScheduledThreadPoolExecutor.java:561)
	at com.netflix.discovery.TimedSupervisorTask.run(TimedSupervisorTask.java:99)
	at java.base/java.util.concurrent.Executors$RunnableAdapter.call(Executors.java:539)
	at java.base/java.util.concurrent.FutureTask.run$$$capture(FutureTask.java:264)
	at java.base/java.util.concurrent.FutureTask.run(FutureTask.java)
	at --- Async.Stack.Trace --- (captured by IntelliJ IDEA debugger)
	at java.base/java.util.concurrent.FutureTask.<init>(FutureTask.java:151)
	at java.base/java.util.concurrent.ScheduledThreadPoolExecutor$ScheduledFutureTask.<init>(ScheduledThreadPoolExecutor.java:215)
	at java.base/java.util.concurrent.ScheduledThreadPoolExecutor.schedule(ScheduledThreadPoolExecutor.java:561)
	at com.netflix.discovery.TimedSupervisorTask.run(TimedSupervisorTask.java:99)
	at java.base/java.util.concurrent.Executors$RunnableAdapter.call(Executors.java:539)
	at java.base/java.util.concurrent.FutureTask.run$$$capture(FutureTask.java:264)
	at java.base/java.util.concurrent.FutureTask.run(FutureTask.java)
	at --- Async.Stack.Trace --- (captured by IntelliJ IDEA debugger)
	at java.base/java.util.concurrent.FutureTask.<init>(FutureTask.java:151)
	at java.base/java.util.concurrent.ScheduledThreadPoolExecutor$ScheduledFutureTask.<init>(ScheduledThreadPoolExecutor.java:215)
	at java.base/java.util.concurrent.ScheduledThreadPoolExecutor.schedule(ScheduledThreadPoolExecutor.java:561)
	at com.netflix.discovery.TimedSupervisorTask.run(TimedSupervisorTask.java:99)
	at java.base/java.util.concurrent.Executors$RunnableAdapter.call(Executors.java:539)
	at java.base/java.util.concurrent.FutureTask.run$$$capture(FutureTask.java:264)
	at java.base/java.util.concurrent.FutureTask.run(FutureTask.java)
	at --- Async.Stack.Trace --- (captured by IntelliJ IDEA debugger)
	at java.base/java.util.concurrent.FutureTask.<init>(FutureTask.java:151)
	at java.base/java.util.concurrent.ScheduledThreadPoolExecutor$ScheduledFutureTask.<init>(ScheduledThreadPoolExecutor.java:215)
	at java.base/java.util.concurrent.ScheduledThreadPoolExecutor.schedule(ScheduledThreadPoolExecutor.java:561)
	at com.netflix.discovery.TimedSupervisorTask.run(TimedSupervisorTask.java:99)
	at java.base/java.util.concurrent.Executors$RunnableAdapter.call(Executors.java:539)
	at java.base/java.util.concurrent.FutureTask.run$$$capture(FutureTask.java:264)
	at java.base/java.util.concurrent.FutureTask.run(FutureTask.java)
	at --- Async.Stack.Trace --- (captured by IntelliJ IDEA debugger)
	at java.base/java.util.concurrent.FutureTask.<init>(FutureTask.java:151)
	at java.base/java.util.concurrent.ScheduledThreadPoolExecutor$ScheduledFutureTask.<init>(ScheduledThreadPoolExecutor.java:215)
	at java.base/java.util.concurrent.ScheduledThreadPoolExecutor.schedule(ScheduledThreadPoolExecutor.java:561)
	at com.netflix.discovery.TimedSupervisorTask.run(TimedSupervisorTask.java:99)
	at java.base/java.util.concurrent.Executors$RunnableAdapter.call(Executors.java:539)
	at java.base/java.util.concurrent.FutureTask.run$$$capture(FutureTask.java:264)
	at java.base/java.util.concurrent.FutureTask.run(FutureTask.java)
	at --- Async.Stack.Trace --- (captured by IntelliJ IDEA debugger)
	at java.base/java.util.concurrent.FutureTask.<init>(FutureTask.java:151)
	at java.base/java.util.concurrent.ScheduledThreadPoolExecutor$ScheduledFutureTask.<init>(ScheduledThreadPoolExecutor.java:215)
	at java.base/java.util.concurrent.ScheduledThreadPoolExecutor.schedule(ScheduledThreadPoolExecutor.java:561)
	at com.netflix.discovery.TimedSupervisorTask.run(TimedSupervisorTask.java:99)
	at java.base/java.util.concurrent.Executors$RunnableAdapter.call(Executors.java:539)
	at java.base/java.util.concurrent.FutureTask.run$$$capture(FutureTask.java:264)
	at java.base/java.util.concurrent.FutureTask.run(FutureTask.java)
	at --- Async.Stack.Trace --- (captured by IntelliJ IDEA debugger)
	at java.base/java.util.concurrent.FutureTask.<init>(FutureTask.java:151)
	at java.base/java.util.concurrent.ScheduledThreadPoolExecutor$ScheduledFutureTask.<init>(ScheduledThreadPoolExecutor.java:215)
	at java.base/java.util.concurrent.ScheduledThreadPoolExecutor.schedule(ScheduledThreadPoolExecutor.java:561)
	at com.netflix.discovery.TimedSupervisorTask.run(TimedSupervisorTask.java:99)
	at java.base/java.util.concurrent.Executors$RunnableAdapter.call(Executors.java:539)
	at java.base/java.util.concurrent.FutureTask.run$$$capture(FutureTask.java:264)
	at java.base/java.util.concurrent.FutureTask.run(FutureTask.java)
	at --- Async.Stack.Trace --- (captured by IntelliJ IDEA debugger)
	at java.base/java.util.concurrent.FutureTask.<init>(FutureTask.java:151)
	at java.base/java.util.concurrent.ScheduledThreadPoolExecutor$ScheduledFutureTask.<init>(ScheduledThreadPoolExecutor.java:215)
	at java.base/java.util.concurrent.ScheduledThreadPoolExecutor.schedule(ScheduledThreadPoolExecutor.java:561)
	at com.netflix.discovery.TimedSupervisorTask.run(TimedSupervisorTask.java:99)
	at java.base/java.util.concurrent.Executors$RunnableAdapter.call(Executors.java:539)
	at java.base/java.util.concurrent.FutureTask.run$$$capture(FutureTask.java:264)
	at java.base/java.util.concurrent.FutureTask.run(FutureTask.java)
	at --- Async.Stack.Trace --- (captured by IntelliJ IDEA debugger)
	at java.base/java.util.concurrent.FutureTask.<init>(FutureTask.java:151)
	at java.base/java.util.concurrent.ScheduledThreadPoolExecutor$ScheduledFutureTask.<init>(ScheduledThreadPoolExecutor.java:215)
	at java.base/java.util.concurrent.ScheduledThreadPoolExecutor.schedule(ScheduledThreadPoolExecutor.java:561)
	at com.netflix.discovery.TimedSupervisorTask.run(TimedSupervisorTask.java:99)
	at java.base/java.util.concurrent.Executors$RunnableAdapter.call(Executors.java:539)
	at java.base/java.util.concurrent.FutureTask.run$$$capture(FutureTask.java:264)
	at java.base/java.util.concurrent.FutureTask.run(FutureTask.java)
	at --- Async.Stack.Trace --- (captured by IntelliJ IDEA debugger)
	at java.base/java.util.concurrent.FutureTask.<init>(FutureTask.java:151)
	at java.base/java.util.concurrent.ScheduledThreadPoolExecutor$ScheduledFutureTask.<init>(ScheduledThreadPoolExecutor.java:215)
	at java.base/java.util.concurrent.ScheduledThreadPoolExecutor.schedule(ScheduledThreadPoolExecutor.java:561)
	at com.netflix.discovery.TimedSupervisorTask.run(TimedSupervisorTask.java:99)
	at java.base/java.util.concurrent.Executors$RunnableAdapter.call(Executors.java:539)
	at java.base/java.util.concurrent.FutureTask.run$$$capture(FutureTask.java:264)
	at java.base/java.util.concurrent.FutureTask.run(FutureTask.java)
	at --- Async.Stack.Trace --- (captured by IntelliJ IDEA debugger)
	at java.base/java.util.concurrent.FutureTask.<init>(FutureTask.java:151)
	at java.base/java.util.concurrent.ScheduledThreadPoolExecutor$ScheduledFutureTask.<init>(ScheduledThreadPoolExecutor.java:215)
	at java.base/java.util.concurrent.ScheduledThreadPoolExecutor.schedule(ScheduledThreadPoolExecutor.java:561)
	at com.netflix.discovery.TimedSupervisorTask.run(TimedSupervisorTask.java:99)
	at java.base/java.util.concurrent.Executors$RunnableAdapter.call(Executors.java:539)
	at java.base/java.util.concurrent.FutureTask.run$$$capture(FutureTask.java:264)
	at java.base/java.util.concurrent.FutureTask.run(FutureTask.java)
	at --- Async.Stack.Trace --- (captured by IntelliJ IDEA debugger)
	at java.base/java.util.concurrent.FutureTask.<init>(FutureTask.java:151)
	at java.base/java.util.concurrent.ScheduledThreadPoolExecutor$ScheduledFutureTask.<init>(ScheduledThreadPoolExecutor.java:215)
	at java.base/java.util.concurrent.ScheduledThreadPoolExecutor.schedule(ScheduledThreadPoolExecutor.java:561)
	at com.netflix.discovery.TimedSupervisorTask.run(TimedSupervisorTask.java:99)
	at java.base/java.util.concurrent.Executors$RunnableAdapter.call(Executors.java:539)
	at java.base/java.util.concurrent.FutureTask.run$$$capture(FutureTask.java:264)
	at java.base/java.util.concurrent.FutureTask.run(FutureTask.java)
	at --- Async.Stack.Trace --- (captured by IntelliJ IDEA debugger)
	at java.base/java.util.concurrent.FutureTask.<init>(FutureTask.java:151)
	at java.base/java.util.concurrent.ScheduledThreadPoolExecutor$ScheduledFutureTask.<init>(ScheduledThreadPoolExecutor.java:215)
	at java.base/java.util.concurrent.ScheduledThreadPoolExecutor.schedule(ScheduledThreadPoolExecutor.java:561)
	at com.netflix.discovery.TimedSupervisorTask.run(TimedSupervisorTask.java:99)
	at java.base/java.util.concurrent.Executors$RunnableAdapter.call(Executors.java:539)
	at java.base/java.util.concurrent.FutureTask.run$$$capture(FutureTask.java:264)
	at java.base/java.util.concurrent.FutureTask.run(FutureTask.java)
	at --- Async.Stack.Trace --- (captured by IntelliJ IDEA debugger)
	at java.base/java.util.concurrent.FutureTask.<init>(FutureTask.java:151)
	at java.base/java.util.concurrent.ScheduledThreadPoolExecutor$ScheduledFutureTask.<init>(ScheduledThreadPoolExecutor.java:215)
	at java.base/java.util.concurrent.ScheduledThreadPoolExecutor.schedule(ScheduledThreadPoolExecutor.java:561)
	at com.netflix.discovery.TimedSupervisorTask.run(TimedSupervisorTask.java:99)
	at java.base/java.util.concurrent.Executors$RunnableAdapter.call(Executors.java:539)
	at java.base/java.util.concurrent.FutureTask.run$$$capture(FutureTask.java:264)
	at java.base/java.util.concurrent.FutureTask.run(FutureTask.java)
	at --- Async.Stack.Trace --- (captured by IntelliJ IDEA debugger)
	at java.base/java.util.concurrent.FutureTask.<init>(FutureTask.java:151)
	at java.base/java.util.concurrent.ScheduledThreadPoolExecutor$ScheduledFutureTask.<init>(ScheduledThreadPoolExecutor.java:215)
	at java.base/java.util.concurrent.ScheduledThreadPoolExecutor.schedule(ScheduledThreadPoolExecutor.java:561)
	at com.netflix.discovery.TimedSupervisorTask.run(TimedSupervisorTask.java:99)
	at java.base/java.util.concurrent.Executors$RunnableAdapter.call(Executors.java:539)
	at java.base/java.util.concurrent.FutureTask.run$$$capture(FutureTask.java:264)
	at java.base/java.util.concurrent.FutureTask.run(FutureTask.java)
	at --- Async.Stack.Trace --- (captured by IntelliJ IDEA debugger)
	at java.base/java.util.concurrent.FutureTask.<init>(FutureTask.java:151)
	at java.base/java.util.concurrent.ScheduledThreadPoolExecutor$ScheduledFutureTask.<init>(ScheduledThreadPoolExecutor.java:215)
	at java.base/java.util.concurrent.ScheduledThreadPoolExecutor.schedule(ScheduledThreadPoolExecutor.java:561)
	at com.netflix.discovery.TimedSupervisorTask.run(TimedSupervisorTask.java:99)
	at java.base/java.util.concurrent.Executors$RunnableAdapter.call(Executors.java:539)
	at java.base/java.util.concurrent.FutureTask.run$$$capture(FutureTask.java:264)
	at java.base/java.util.concurrent.FutureTask.run(FutureTask.java)
	at --- Async.Stack.Trace --- (captured by IntelliJ IDEA debugger)
	at java.base/java.util.concurrent.FutureTask.<init>(FutureTask.java:151)
	at java.base/java.util.concurrent.ScheduledThreadPoolExecutor$ScheduledFutureTask.<init>(ScheduledThreadPoolExecutor.java:215)
	at java.base/java.util.concurrent.ScheduledThreadPoolExecutor.schedule(ScheduledThreadPoolExecutor.java:561)
	at com.netflix.discovery.TimedSupervisorTask.run(TimedSupervisorTask.java:99)
	at java.base/java.util.concurrent.Executors$RunnableAdapter.call(Executors.java:539)
	at java.base/java.util.concurrent.FutureTask.run$$$capture(FutureTask.java:264)
	at java.base/java.util.concurrent.FutureTask.run(FutureTask.java)
	at --- Async.Stack.Trace --- (captured by IntelliJ IDEA debugger)
	at java.base/java.util.concurrent.FutureTask.<init>(FutureTask.java:151)
	at java.base/java.util.concurrent.ScheduledThreadPoolExecutor$ScheduledFutureTask.<init>(ScheduledThreadPoolExecutor.java:215)
	at java.base/java.util.concurrent.ScheduledThreadPoolExecutor.schedule(ScheduledThreadPoolExecutor.java:561)
	at com.netflix.discovery.TimedSupervisorTask.run(TimedSupervisorTask.java:99)
	at java.base/java.util.concurrent.Executors$RunnableAdapter.call(Executors.java:539)
	at java.base/java.util.concurrent.FutureTask.run$$$capture(FutureTask.java:264)
	at java.base/java.util.concurrent.FutureTask.run(FutureTask.java)
	at --- Async.Stack.Trace --- (captured by IntelliJ IDEA debugger)
	at java.base/java.util.concurrent.FutureTask.<init>(FutureTask.java:151)
	at java.base/java.util.concurrent.ScheduledThreadPoolExecutor$ScheduledFutureTask.<init>(ScheduledThreadPoolExecutor.java:215)
	at java.base/java.util.concurrent.ScheduledThreadPoolExecutor.schedule(ScheduledThreadPoolExecutor.java:561)
	at com.netflix.discovery.TimedSupervisorTask.run(TimedSupervisorTask.java:99)
	at java.base/java.util.concurrent.Executors$RunnableAdapter.call(Executors.java:539)
	at java.base/java.util.concurrent.FutureTask.run$$$capture(FutureTask.java:264)
	at java.base/java.util.concurrent.FutureTask.run(FutureTask.java)
	at --- Async.Stack.Trace --- (captured by IntelliJ IDEA debugger)
	at java.base/java.util.concurrent.FutureTask.<init>(FutureTask.java:151)
	at java.base/java.util.concurrent.ScheduledThreadPoolExecutor$ScheduledFutureTask.<init>(ScheduledThreadPoolExecutor.java:215)
	at java.base/java.util.concurrent.ScheduledThreadPoolExecutor.schedule(ScheduledThreadPoolExecutor.java:561)
	at com.netflix.discovery.TimedSupervisorTask.run(TimedSupervisorTask.java:99)
	at java.base/java.util.concurrent.Executors$RunnableAdapter.call(Executors.java:539)
	at java.base/java.util.concurrent.FutureTask.run$$$capture(FutureTask.java:264)
	at java.base/java.util.concurrent.FutureTask.run(FutureTask.java)
	at --- Async.Stack.Trace --- (captured by IntelliJ IDEA debugger)
	at java.base/java.util.concurrent.FutureTask.<init>(FutureTask.java:151)
	at java.base/java.util.concurrent.ScheduledThreadPoolExecutor$ScheduledFutureTask.<init>(ScheduledThreadPoolExecutor.java:215)
	at java.base/java.util.concurrent.ScheduledThreadPoolExecutor.schedule(ScheduledThreadPoolExecutor.java:561)
	at com.netflix.discovery.TimedSupervisorTask.run(TimedSupervisorTask.java:99)
	at java.base/java.util.concurrent.Executors$RunnableAdapter.call(Executors.java:539)
	at java.base/java.util.concurrent.FutureTask.run$$$capture(FutureTask.java:264)
	at java.base/java.util.concurrent.FutureTask.run(FutureTask.java)
	at --- Async.Stack.Trace --- (captured by IntelliJ IDEA debugger)
	at java.base/java.util.concurrent.FutureTask.<init>(FutureTask.java:151)
	at java.base/java.util.concurrent.ScheduledThreadPoolExecutor$ScheduledFutureTask.<init>(ScheduledThreadPoolExecutor.java:215)
	at java.base/java.util.concurrent.ScheduledThreadPoolExecutor.schedule(ScheduledThreadPoolExecutor.java:561)
	at com.netflix.discovery.TimedSupervisorTask.run(TimedSupervisorTask.java:99)
	at java.base/java.util.concurrent.Executors$RunnableAdapter.call(Executors.java:539)
	at java.base/java.util.concurrent.FutureTask.run$$$capture(FutureTask.java:264)
	at java.base/java.util.concurrent.FutureTask.run(FutureTask.java)
	at --- Async.Stack.Trace --- (captured by IntelliJ IDEA debugger)
	at java.base/java.util.concurrent.FutureTask.<init>(FutureTask.java:151)
	at java.base/java.util.concurrent.ScheduledThreadPoolExecutor$ScheduledFutureTask.<init>(ScheduledThreadPoolExecutor.java:215)
	at java.base/java.util.concurrent.ScheduledThreadPoolExecutor.schedule(ScheduledThreadPoolExecutor.java:561)
	at com.netflix.discovery.TimedSupervisorTask.run(TimedSupervisorTask.java:99)
	at java.base/java.util.concurrent.Executors$RunnableAdapter.call(Executors.java:539)
	at java.base/java.util.concurrent.FutureTask.run$$$capture(FutureTask.java:264)
	at java.base/java.util.concurrent.FutureTask.run(FutureTask.java)
	at --- Async.Stack.Trace --- (captured by IntelliJ IDEA debugger)
	at java.base/java.util.concurrent.FutureTask.<init>(FutureTask.java:151)
	at java.base/java.util.concurrent.ScheduledThreadPoolExecutor$ScheduledFutureTask.<init>(ScheduledThreadPoolExecutor.java:215)
	at java.base/java.util.concurrent.ScheduledThreadPoolExecutor.schedule(ScheduledThreadPoolExecutor.java:561)
	at com.netflix.discovery.TimedSupervisorTask.run(TimedSupervisorTask.java:99)
	at java.base/java.util.concurrent.Executors$RunnableAdapter.call(Executors.java:539)
	at java.base/java.util.concurrent.FutureTask.run$$$capture(FutureTask.java:264)
	at java.base/java.util.concurrent.FutureTask.run(FutureTask.java)
	at --- Async.Stack.Trace --- (captured by IntelliJ IDEA debugger)
	at java.base/java.util.concurrent.FutureTask.<init>(FutureTask.java:151)
	at java.base/java.util.concurrent.ScheduledThreadPoolExecutor$ScheduledFutureTask.<init>(ScheduledThreadPoolExecutor.java:215)
	at java.base/java.util.concurrent.ScheduledThreadPoolExecutor.schedule(ScheduledThreadPoolExecutor.java:561)
	at com.netflix.discovery.TimedSupervisorTask.run(TimedSupervisorTask.java:99)
	at java.base/java.util.concurrent.Executors$RunnableAdapter.call(Executors.java:539)
	at java.base/java.util.concurrent.FutureTask.run$$$capture(FutureTask.java:264)
	at java.base/java.util.concurrent.FutureTask.run(FutureTask.java)
	at --- Async.Stack.Trace --- (captured by IntelliJ IDEA debugger)
	at java.base/java.util.concurrent.FutureTask.<init>(FutureTask.java:151)
	at java.base/java.util.concurrent.ScheduledThreadPoolExecutor$ScheduledFutureTask.<init>(ScheduledThreadPoolExecutor.java:215)
	at java.base/java.util.concurrent.ScheduledThreadPoolExecutor.schedule(ScheduledThreadPoolExecutor.java:561)
	at com.netflix.discovery.TimedSupervisorTask.run(TimedSupervisorTask.java:99)
	at java.base/java.util.concurrent.Executors$RunnableAdapter.call(Executors.java:539)
	at java.base/java.util.concurrent.FutureTask.run$$$capture(FutureTask.java:264)
	at java.base/java.util.concurrent.FutureTask.run(FutureTask.java)
	at --- Async.Stack.Trace --- (captured by IntelliJ IDEA debugger)
	at java.base/java.util.concurrent.FutureTask.<init>(FutureTask.java:151)
	at java.base/java.util.concurrent.ScheduledThreadPoolExecutor$ScheduledFutureTask.<init>(ScheduledThreadPoolExecutor.java:215)
	at java.base/java.util.concurrent.ScheduledThreadPoolExecutor.schedule(ScheduledThreadPoolExecutor.java:561)
	at com.netflix.discovery.TimedSupervisorTask.run(TimedSupervisorTask.java:99)
	at java.base/java.util.concurrent.Executors$RunnableAdapter.call(Executors.java:539)
	at java.base/java.util.concurrent.FutureTask.run$$$capture(FutureTask.java:264)
	at java.base/java.util.concurrent.FutureTask.run(FutureTask.java)
	at --- Async.Stack.Trace --- (captured by IntelliJ IDEA debugger)
	at java.base/java.util.concurrent.FutureTask.<init>(FutureTask.java:151)
	at java.base/java.util.concurrent.ScheduledThreadPoolExecutor$ScheduledFutureTask.<init>(ScheduledThreadPoolExecutor.java:215)
	at java.base/java.util.concurrent.ScheduledThreadPoolExecutor.schedule(ScheduledThreadPoolExecutor.java:561)
	at com.netflix.discovery.TimedSupervisorTask.run(TimedSupervisorTask.java:99)
	at java.base/java.util.concurrent.Executors$RunnableAdapter.call(Executors.java:539)
	at java.base/java.util.concurrent.FutureTask.run$$$capture(FutureTask.java:264)
	at java.base/java.util.concurrent.FutureTask.run(FutureTask.java)
	at --- Async.Stack.Trace --- (captured by IntelliJ IDEA debugger)
	at java.base/java.util.concurrent.FutureTask.<init>(FutureTask.java:151)
	at java.base/java.util.concurrent.ScheduledThreadPoolExecutor$ScheduledFutureTask.<init>(ScheduledThreadPoolExecutor.java:215)
	at java.base/java.util.concurrent.ScheduledThreadPoolExecutor.schedule(ScheduledThreadPoolExecutor.java:561)
	at com.netflix.discovery.TimedSupervisorTask.run(TimedSupervisorTask.java:99)
	at java.base/java.util.concurrent.Executors$RunnableAdapter.call(Executors.java:539)
	at java.base/java.util.concurrent.FutureTask.run$$$capture(FutureTask.java:264)
	at java.base/java.util.concurrent.FutureTask.run(FutureTask.java)
	at --- Async.Stack.Trace --- (captured by IntelliJ IDEA debugger)
	at java.base/java.util.concurrent.FutureTask.<init>(FutureTask.java:151)
	at java.base/java.util.concurrent.ScheduledThreadPoolExecutor$ScheduledFutureTask.<init>(ScheduledThreadPoolExecutor.java:215)
	at java.base/java.util.concurrent.ScheduledThreadPoolExecutor.schedule(ScheduledThreadPoolExecutor.java:561)
	at com.netflix.discovery.TimedSupervisorTask.run(TimedSupervisorTask.java:99)
	at java.base/java.util.concurrent.Executors$RunnableAdapter.call(Executors.java:539)
	at java.base/java.util.concurrent.FutureTask.run$$$capture(FutureTask.java:264)
	at java.base/java.util.concurrent.FutureTask.run(FutureTask.java)
	at --- Async.Stack.Trace --- (captured by IntelliJ IDEA debugger)
	at java.base/java.util.concurrent.FutureTask.<init>(FutureTask.java:151)
	at java.base/java.util.concurrent.ScheduledThreadPoolExecutor$ScheduledFutureTask.<init>(ScheduledThreadPoolExecutor.java:215)
	at java.base/java.util.concurrent.ScheduledThreadPoolExecutor.schedule(ScheduledThreadPoolExecutor.java:561)
	at com.netflix.discovery.TimedSupervisorTask.run(TimedSupervisorTask.java:99)
	at java.base/java.util.concurrent.Executors$RunnableAdapter.call(Executors.java:539)
	at java.base/java.util.concurrent.FutureTask.run$$$capture(FutureTask.java:264)
	at java.base/java.util.concurrent.FutureTask.run(FutureTask.java)
	at --- Async.Stack.Trace --- (captured by IntelliJ IDEA debugger)
	at java.base/java.util.concurrent.FutureTask.<init>(FutureTask.java:151)
	at java.base/java.util.concurrent.ScheduledThreadPoolExecutor$ScheduledFutureTask.<init>(ScheduledThreadPoolExecutor.java:215)
	at java.base/java.util.concurrent.ScheduledThreadPoolExecutor.schedule(ScheduledThreadPoolExecutor.java:561)
	at com.netflix.discovery.TimedSupervisorTask.run(TimedSupervisorTask.java:99)
	at java.base/java.util.concurrent.Executors$RunnableAdapter.call(Executors.java:539)
	at java.base/java.util.concurrent.FutureTask.run$$$capture(FutureTask.java:264)
	at java.base/java.util.concurrent.FutureTask.run(FutureTask.java)
	at --- Async.Stack.Trace --- (captured by IntelliJ IDEA debugger)
	at java.base/java.util.concurrent.FutureTask.<init>(FutureTask.java:151)
	at java.base/java.util.concurrent.ScheduledThreadPoolExecutor$ScheduledFutureTask.<init>(ScheduledThreadPoolExecutor.java:215)
	at java.base/java.util.concurrent.ScheduledThreadPoolExecutor.schedule(ScheduledThreadPoolExecutor.java:561)
	at com.netflix.discovery.TimedSupervisorTask.run(TimedSupervisorTask.java:99)
	at java.base/java.util.concurrent.Executors$RunnableAdapter.call(Executors.java:539)
	at java.base/java.util.concurrent.FutureTask.run$$$capture(FutureTask.java:264)
	at java.base/java.util.concurrent.FutureTask.run(FutureTask.java)
	at --- Async.Stack.Trace --- (captured by IntelliJ IDEA debugger)
	at java.base/java.util.concurrent.FutureTask.<init>(FutureTask.java:151)
	at java.base/java.util.concurrent.ScheduledThreadPoolExecutor$ScheduledFutureTask.<init>(ScheduledThreadPoolExecutor.java:215)
	at java.base/java.util.concurrent.ScheduledThreadPoolExecutor.schedule(ScheduledThreadPoolExecutor.java:561)
	at com.netflix.discovery.TimedSupervisorTask.run(TimedSupervisorTask.java:99)
	at java.base/java.util.concurrent.Executors$RunnableAdapter.call(Executors.java:539)
	at java.base/java.util.concurrent.FutureTask.run$$$capture(FutureTask.java:264)
	at java.base/java.util.concurrent.FutureTask.run(FutureTask.java)
	at --- Async.Stack.Trace --- (captured by IntelliJ IDEA debugger)
	at java.base/java.util.concurrent.FutureTask.<init>(FutureTask.java:151)
	at java.base/java.util.concurrent.ScheduledThreadPoolExecutor$ScheduledFutureTask.<init>(ScheduledThreadPoolExecutor.java:215)
	at java.base/java.util.concurrent.ScheduledThreadPoolExecutor.schedule(ScheduledThreadPoolExecutor.java:561)
	at com.netflix.discovery.TimedSupervisorTask.run(TimedSupervisorTask.java:99)
	at java.base/java.util.concurrent.Executors$RunnableAdapter.call(Executors.java:539)
	at java.base/java.util.concurrent.FutureTask.run$$$capture(FutureTask.java:264)
	at java.base/java.util.concurrent.FutureTask.run(FutureTask.java)
	at --- Async.Stack.Trace --- (captured by IntelliJ IDEA debugger)
	at java.base/java.util.concurrent.FutureTask.<init>(FutureTask.java:151)
	at java.base/java.util.concurrent.ScheduledThreadPoolExecutor$ScheduledFutureTask.<init>(ScheduledThreadPoolExecutor.java:215)
	at java.base/java.util.concurrent.ScheduledThreadPoolExecutor.schedule(ScheduledThreadPoolExecutor.java:561)
	at com.netflix.discovery.TimedSupervisorTask.run(TimedSupervisorTask.java:99)
	at java.base/java.util.concurrent.Executors$RunnableAdapter.call(Executors.java:539)
	at java.base/java.util.concurrent.FutureTask.run$$$capture(FutureTask.java:264)
	at java.base/java.util.concurrent.FutureTask.run(FutureTask.java)
	at --- Async.Stack.Trace --- (captured by IntelliJ IDEA debugger)
	at java.base/java.util.concurrent.FutureTask.<init>(FutureTask.java:151)
	at java.base/java.util.concurrent.ScheduledThreadPoolExecutor$ScheduledFutureTask.<init>(ScheduledThreadPoolExecutor.java:215)
	at java.base/java.util.concurrent.ScheduledThreadPoolExecutor.schedule(ScheduledThreadPoolExecutor.java:561)
	at com.netflix.discovery.TimedSupervisorTask.run(TimedSupervisorTask.java:99)
	at java.base/java.util.concurrent.Executors$RunnableAdapter.call(Executors.java:539)
	at java.base/java.util.concurrent.FutureTask.run$$$capture(FutureTask.java:264)
	at java.base/java.util.concurrent.FutureTask.run(FutureTask.java)
	at --- Async.Stack.Trace --- (captured by IntelliJ IDEA debugger)
	at java.base/java.util.concurrent.FutureTask.<init>(FutureTask.java:151)
	at java.base/java.util.concurrent.ScheduledThreadPoolExecutor$ScheduledFutureTask.<init>(ScheduledThreadPoolExecutor.java:215)
	at java.base/java.util.concurrent.ScheduledThreadPoolExecutor.schedule(ScheduledThreadPoolExecutor.java:561)
	at com.netflix.discovery.TimedSupervisorTask.run(TimedSupervisorTask.java:99)
	at java.base/java.util.concurrent.Executors$RunnableAdapter.call(Executors.java:539)
	at java.base/java.util.concurrent.FutureTask.run$$$capture(FutureTask.java:264)
	at java.base/java.util.concurrent.FutureTask.run(FutureTask.java)
	at --- Async.Stack.Trace --- (captured by IntelliJ IDEA debugger)
	at java.base/java.util.concurrent.FutureTask.<init>(FutureTask.java:151)
	at java.base/java.util.concurrent.ScheduledThreadPoolExecutor$ScheduledFutureTask.<init>(ScheduledThreadPoolExecutor.java:215)
	at java.base/java.util.concurrent.ScheduledThreadPoolExecutor.schedule(ScheduledThreadPoolExecutor.java:561)
	at com.netflix.discovery.TimedSupervisorTask.run(TimedSupervisorTask.java:99)
	at java.base/java.util.concurrent.Executors$RunnableAdapter.call(Executors.java:539)
	at java.base/java.util.concurrent.FutureTask.run$$$capture(FutureTask.java:264)
	at java.base/java.util.concurrent.FutureTask.run(FutureTask.java)
	at --- Async.Stack.Trace --- (captured by IntelliJ IDEA debugger)
	at java.base/java.util.concurrent.FutureTask.<init>(FutureTask.java:151)
	at java.base/java.util.concurrent.ScheduledThreadPoolExecutor$ScheduledFutureTask.<init>(ScheduledThreadPoolExecutor.java:215)
	at java.base/java.util.concurrent.ScheduledThreadPoolExecutor.schedule(ScheduledThreadPoolExecutor.java:561)
	at com.netflix.discovery.TimedSupervisorTask.run(TimedSupervisorTask.java:99)
	at java.base/java.util.concurrent.Executors$RunnableAdapter.call(Executors.java:539)
	at java.base/java.util.concurrent.FutureTask.run$$$capture(FutureTask.java:264)
	at java.base/java.util.concurrent.FutureTask.run(FutureTask.java)
	at --- Async.Stack.Trace --- (captured by IntelliJ IDEA debugger)
	at java.base/java.util.concurrent.FutureTask.<init>(FutureTask.java:151)
	at java.base/java.util.concurrent.ScheduledThreadPoolExecutor$ScheduledFutureTask.<init>(ScheduledThreadPoolExecutor.java:215)
	at java.base/java.util.concurrent.ScheduledThreadPoolExecutor.schedule(ScheduledThreadPoolExecutor.java:561)
	at com.netflix.discovery.TimedSupervisorTask.run(TimedSupervisorTask.java:99)
	at java.base/java.util.concurrent.Executors$RunnableAdapter.call(Executors.java:539)
	at java.base/java.util.concurrent.FutureTask.run$$$capture(FutureTask.java:264)
	at java.base/java.util.concurrent.FutureTask.run(FutureTask.java)
	at --- Async.Stack.Trace --- (captured by IntelliJ IDEA debugger)
	at java.base/java.util.concurrent.FutureTask.<init>(FutureTask.java:151)
	at java.base/java.util.concurrent.ScheduledThreadPoolExecutor$ScheduledFutureTask.<init>(ScheduledThreadPoolExecutor.java:215)
	at java.base/java.util.concurrent.ScheduledThreadPoolExecutor.schedule(ScheduledThreadPoolExecutor.java:561)
	at com.netflix.discovery.TimedSupervisorTask.run(TimedSupervisorTask.java:99)
	at java.base/java.util.concurrent.Executors$RunnableAdapter.call(Executors.java:539)
	at java.base/java.util.concurrent.FutureTask.run$$$capture(FutureTask.java:264)
	at java.base/java.util.concurrent.FutureTask.run(FutureTask.java)
	at --- Async.Stack.Trace --- (captured by IntelliJ IDEA debugger)
	at java.base/java.util.concurrent.FutureTask.<init>(FutureTask.java:151)
	at java.base/java.util.concurrent.ScheduledThreadPoolExecutor$ScheduledFutureTask.<init>(ScheduledThreadPoolExecutor.java:215)
	at java.base/java.util.concurrent.ScheduledThreadPoolExecutor.schedule(ScheduledThreadPoolExecutor.java:561)
	at com.netflix.discovery.TimedSupervisorTask.run(TimedSupervisorTask.java:99)
	at java.base/java.util.concurrent.Executors$RunnableAdapter.call(Executors.java:539)
	at java.base/java.util.concurrent.FutureTask.run$$$capture(FutureTask.java:264)
	at java.base/java.util.concurrent.FutureTask.run(FutureTask.java)
	at --- Async.Stack.Trace --- (captured by IntelliJ IDEA debugger)
	at java.base/java.util.concurrent.FutureTask.<init>(FutureTask.java:151)
	at java.base/java.util.concurrent.ScheduledThreadPoolExecutor$ScheduledFutureTask.<init>(ScheduledThreadPoolExecutor.java:215)
	at java.base/java.util.concurrent.ScheduledThreadPoolExecutor.schedule(ScheduledThreadPoolExecutor.java:561)
	at com.netflix.discovery.TimedSupervisorTask.run(TimedSupervisorTask.java:99)
	at java.base/java.util.concurrent.Executors$RunnableAdapter.call(Executors.java:539)
	at java.base/java.util.concurrent.FutureTask.run$$$capture(FutureTask.java:264)
	at java.base/java.util.concurrent.FutureTask.run(FutureTask.java)
	at --- Async.Stack.Trace --- (captured by IntelliJ IDEA debugger)
	at java.base/java.util.concurrent.FutureTask.<init>(FutureTask.java:151)
	at java.base/java.util.concurrent.ScheduledThreadPoolExecutor$ScheduledFutureTask.<init>(ScheduledThreadPoolExecutor.java:215)
	at java.base/java.util.concurrent.ScheduledThreadPoolExecutor.schedule(ScheduledThreadPoolExecutor.java:561)
	at com.netflix.discovery.TimedSupervisorTask.run(TimedSupervisorTask.java:99)
	at java.base/java.util.concurrent.Executors$RunnableAdapter.call(Executors.java:539)
	at java.base/java.util.concurrent.FutureTask.run$$$capture(FutureTask.java:264)
	at java.base/java.util.concurrent.FutureTask.run(FutureTask.java)
	at --- Async.Stack.Trace --- (captured by IntelliJ IDEA debugger)
	at java.base/java.util.concurrent.FutureTask.<init>(FutureTask.java:151)
	at java.base/java.util.concurrent.ScheduledThreadPoolExecutor$ScheduledFutureTask.<init>(ScheduledThreadPoolExecutor.java:215)
	at java.base/java.util.concurrent.ScheduledThreadPoolExecutor.schedule(ScheduledThreadPoolExecutor.java:561)
	at com.netflix.discovery.TimedSupervisorTask.run(TimedSupervisorTask.java:99)
	at java.base/java.util.concurrent.Executors$RunnableAdapter.call(Executors.java:539)
	at java.base/java.util.concurrent.FutureTask.run$$$capture(FutureTask.java:264)
	at java.base/java.util.concurrent.FutureTask.run(FutureTask.java)
	at --- Async.Stack.Trace --- (captured by IntelliJ IDEA debugger)
	at java.base/java.util.concurrent.FutureTask.<init>(FutureTask.java:151)
	at java.base/java.util.concurrent.ScheduledThreadPoolExecutor$ScheduledFutureTask.<init>(ScheduledThreadPoolExecutor.java:215)
	at java.base/java.util.concurrent.ScheduledThreadPoolExecutor.schedule(ScheduledThreadPoolExecutor.java:561)
	at com.netflix.discovery.TimedSupervisorTask.run(TimedSupervisorTask.java:99)
	at java.base/java.util.concurrent.Executors$RunnableAdapter.call(Executors.java:539)
	at java.base/java.util.concurrent.FutureTask.run$$$capture(FutureTask.java:264)
	at java.base/java.util.concurrent.FutureTask.run(FutureTask.java)
	at --- Async.Stack.Trace --- (captured by IntelliJ IDEA debugger)
	at java.base/java.util.concurrent.FutureTask.<init>(FutureTask.java:151)
	at java.base/java.util.concurrent.ScheduledThreadPoolExecutor$ScheduledFutureTask.<init>(ScheduledThreadPoolExecutor.java:215)
	at java.base/java.util.concurrent.ScheduledThreadPoolExecutor.schedule(ScheduledThreadPoolExecutor.java:561)
	at com.netflix.discovery.TimedSupervisorTask.run(TimedSupervisorTask.java:99)
	at java.base/java.util.concurrent.Executors$RunnableAdapter.call(Executors.java:539)
	at java.base/java.util.concurrent.FutureTask.run$$$capture(FutureTask.java:264)
	at java.base/java.util.concurrent.FutureTask.run(FutureTask.java)
	at --- Async.Stack.Trace --- (captured by IntelliJ IDEA debugger)
	at java.base/java.util.concurrent.FutureTask.<init>(FutureTask.java:151)
	at java.base/java.util.concurrent.ScheduledThreadPoolExecutor$ScheduledFutureTask.<init>(ScheduledThreadPoolExecutor.java:215)
	at java.base/java.util.concurrent.ScheduledThreadPoolExecutor.schedule(ScheduledThreadPoolExecutor.java:561)
	at com.netflix.discovery.TimedSupervisorTask.run(TimedSupervisorTask.java:99)
	at java.base/java.util.concurrent.Executors$RunnableAdapter.call(Executors.java:539)
	at java.base/java.util.concurrent.FutureTask.run$$$capture(FutureTask.java:264)
	at java.base/java.util.concurrent.FutureTask.run(FutureTask.java)
	at --- Async.Stack.Trace --- (captured by IntelliJ IDEA debugger)
	at java.base/java.util.concurrent.FutureTask.<init>(FutureTask.java:151)
	at java.base/java.util.concurrent.ScheduledThreadPoolExecutor$ScheduledFutureTask.<init>(ScheduledThreadPoolExecutor.java:215)
	at java.base/java.util.concurrent.ScheduledThreadPoolExecutor.schedule(ScheduledThreadPoolExecutor.java:561)
	at com.netflix.discovery.TimedSupervisorTask.run(TimedSupervisorTask.java:99)
	at java.base/java.util.concurrent.Executors$RunnableAdapter.call(Executors.java:539)
	at java.base/java.util.concurrent.FutureTask.run$$$capture(FutureTask.java:264)
	at java.base/java.util.concurrent.FutureTask.run(FutureTask.java)
	at --- Async.Stack.Trace --- (captured by IntelliJ IDEA debugger)
	at java.base/java.util.concurrent.FutureTask.<init>(FutureTask.java:151)
	at java.base/java.util.concurrent.ScheduledThreadPoolExecutor$ScheduledFutureTask.<init>(ScheduledThreadPoolExecutor.java:215)
	at java.base/java.util.concurrent.ScheduledThreadPoolExecutor.schedule(ScheduledThreadPoolExecutor.java:561)
	at com.netflix.discovery.TimedSupervisorTask.run(TimedSupervisorTask.java:99)
	at java.base/java.util.concurrent.Executors$RunnableAdapter.call(Executors.java:539)
	at java.base/java.util.concurrent.FutureTask.run$$$capture(FutureTask.java:264)
	at java.base/java.util.concurrent.FutureTask.run(FutureTask.java)
	at --- Async.Stack.Trace --- (captured by IntelliJ IDEA debugger)
	at java.base/java.util.concurrent.FutureTask.<init>(FutureTask.java:151)
	at java.base/java.util.concurrent.ScheduledThreadPoolExecutor$ScheduledFutureTask.<init>(ScheduledThreadPoolExecutor.java:215)
	at java.base/java.util.concurrent.ScheduledThreadPoolExecutor.schedule(ScheduledThreadPoolExecutor.java:561)
	at com.netflix.discovery.TimedSupervisorTask.run(TimedSupervisorTask.java:99)
	at java.base/java.util.concurrent.Executors$RunnableAdapter.call(Executors.java:539)
	at java.base/java.util.concurrent.FutureTask.run$$$capture(FutureTask.java:264)
	at java.base/java.util.concurrent.FutureTask.run(FutureTask.java)
	at --- Async.Stack.Trace --- (captured by IntelliJ IDEA debugger)
	at java.base/java.util.concurrent.FutureTask.<init>(FutureTask.java:151)
	at java.base/java.util.concurrent.ScheduledThreadPoolExecutor$ScheduledFutureTask.<init>(ScheduledThreadPoolExecutor.java:215)
	at java.base/java.util.concurrent.ScheduledThreadPoolExecutor.schedule(ScheduledThreadPoolExecutor.java:561)
	at com.netflix.discovery.TimedSupervisorTask.run(TimedSupervisorTask.java:99)
	at java.base/java.util.concurrent.Executors$RunnableAdapter.call(Executors.java:539)
	at java.base/java.util.concurrent.FutureTask.run$$$capture(FutureTask.java:264)
	at java.base/java.util.concurrent.FutureTask.run(FutureTask.java)
	at --- Async.Stack.Trace --- (captured by IntelliJ IDEA debugger)
	at java.base/java.util.concurrent.FutureTask.<init>(FutureTask.java:151)
	at java.base/java.util.concurrent.ScheduledThreadPoolExecutor$ScheduledFutureTask.<init>(ScheduledThreadPoolExecutor.java:215)
	at java.base/java.util.concurrent.ScheduledThreadPoolExecutor.schedule(ScheduledThreadPoolExecutor.java:561)
	at com.netflix.discovery.TimedSupervisorTask.run(TimedSupervisorTask.java:99)
	at java.base/java.util.concurrent.Executors$RunnableAdapter.call(Executors.java:539)
	at java.base/java.util.concurrent.FutureTask.run$$$capture(FutureTask.java:264)
	at java.base/java.util.concurrent.FutureTask.run(FutureTask.java)
	at --- Async.Stack.Trace --- (captured by IntelliJ IDEA debugger)
	at java.base/java.util.concurrent.FutureTask.<init>(FutureTask.java:151)
	at java.base/java.util.concurrent.ScheduledThreadPoolExecutor$ScheduledFutureTask.<init>(ScheduledThreadPoolExecutor.java:215)
	at java.base/java.util.concurrent.ScheduledThreadPoolExecutor.schedule(ScheduledThreadPoolExecutor.java:561)
	at com.netflix.discovery.TimedSupervisorTask.run(TimedSupervisorTask.java:99)
	at java.base/java.util.concurrent.Executors$RunnableAdapter.call(Executors.java:539)
	at java.base/java.util.concurrent.FutureTask.run$$$capture(FutureTask.java:264)
	at java.base/java.util.concurrent.FutureTask.run(FutureTask.java)
	at --- Async.Stack.Trace --- (captured by IntelliJ IDEA debugger)
	at java.base/java.util.concurrent.FutureTask.<init>(FutureTask.java:151)
	at java.base/java.util.concurrent.ScheduledThreadPoolExecutor$ScheduledFutureTask.<init>(ScheduledThreadPoolExecutor.java:215)
	at java.base/java.util.concurrent.ScheduledThreadPoolExecutor.schedule(ScheduledThreadPoolExecutor.java:561)
	at com.netflix.discovery.TimedSupervisorTask.run(TimedSupervisorTask.java:99)
	at java.base/java.util.concurrent.Executors$RunnableAdapter.call(Executors.java:539)
	at java.base/java.util.concurrent.FutureTask.run$$$capture(FutureTask.java:264)
	at java.base/java.util.concurrent.FutureTask.run(FutureTask.java)
	at --- Async.Stack.Trace --- (captured by IntelliJ IDEA debugger)
	at java.base/java.util.concurrent.FutureTask.<init>(FutureTask.java:151)
	at java.base/java.util.concurrent.ScheduledThreadPoolExecutor$ScheduledFutureTask.<init>(ScheduledThreadPoolExecutor.java:215)
	at java.base/java.util.concurrent.ScheduledThreadPoolExecutor.schedule(ScheduledThreadPoolExecutor.java:561)
	at com.netflix.discovery.TimedSupervisorTask.run(TimedSupervisorTask.java:99)
	at java.base/java.util.concurrent.Executors$RunnableAdapter.call(Executors.java:539)
	at java.base/java.util.concurrent.FutureTask.run$$$capture(FutureTask.java:264)
	at java.base/java.util.concurrent.FutureTask.run(FutureTask.java)
	at --- Async.Stack.Trace --- (captured by IntelliJ IDEA debugger)
	at java.base/java.util.concurrent.FutureTask.<init>(FutureTask.java:151)
	at java.base/java.util.concurrent.ScheduledThreadPoolExecutor$ScheduledFutureTask.<init>(ScheduledThreadPoolExecutor.java:215)
	at java.base/java.util.concurrent.ScheduledThreadPoolExecutor.schedule(ScheduledThreadPoolExecutor.java:561)
	at com.netflix.discovery.TimedSupervisorTask.run(TimedSupervisorTask.java:99)
	at java.base/java.util.concurrent.Executors$RunnableAdapter.call(Executors.java:539)
	at java.base/java.util.concurrent.FutureTask.run$$$capture(FutureTask.java:264)
	at java.base/java.util.concurrent.FutureTask.run(FutureTask.java)
	at --- Async.Stack.Trace --- (captured by IntelliJ IDEA debugger)
	at java.base/java.util.concurrent.FutureTask.<init>(FutureTask.java:151)
	at java.base/java.util.concurrent.ScheduledThreadPoolExecutor$ScheduledFutureTask.<init>(ScheduledThreadPoolExecutor.java:215)
	at java.base/java.util.concurrent.ScheduledThreadPoolExecutor.schedule(ScheduledThreadPoolExecutor.java:561)
	at com.netflix.discovery.TimedSupervisorTask.run(TimedSupervisorTask.java:99)
	at java.base/java.util.concurrent.Executors$RunnableAdapter.call(Executors.java:539)
	at java.base/java.util.concurrent.FutureTask.run$$$capture(FutureTask.java:264)
	at java.base/java.util.concurrent.FutureTask.run(FutureTask.java)
	at --- Async.Stack.Trace --- (captured by IntelliJ IDEA debugger)
	at java.base/java.util.concurrent.FutureTask.<init>(FutureTask.java:151)
	at java.base/java.util.concurrent.ScheduledThreadPoolExecutor$ScheduledFutureTask.<init>(ScheduledThreadPoolExecutor.java:215)
	at java.base/java.util.concurrent.ScheduledThreadPoolExecutor.schedule(ScheduledThreadPoolExecutor.java:561)
	at com.netflix.discovery.TimedSupervisorTask.run(TimedSupervisorTask.java:99)
	at java.base/java.util.concurrent.Executors$RunnableAdapter.call(Executors.java:539)
	at java.base/java.util.concurrent.FutureTask.run$$$capture(FutureTask.java:264)
	at java.base/java.util.concurrent.FutureTask.run(FutureTask.java)
	at --- Async.Stack.Trace --- (captured by IntelliJ IDEA debugger)
	at java.base/java.util.concurrent.FutureTask.<init>(FutureTask.java:151)
	at java.base/java.util.concurrent.ScheduledThreadPoolExecutor$ScheduledFutureTask.<init>(ScheduledThreadPoolExecutor.java:215)
	at java.base/java.util.concurrent.ScheduledThreadPoolExecutor.schedule(ScheduledThreadPoolExecutor.java:561)
	at com.netflix.discovery.TimedSupervisorTask.run(TimedSupervisorTask.java:99)
	at java.base/java.util.concurrent.Executors$RunnableAdapter.call(Executors.java:539)
	at java.base/java.util.concurrent.FutureTask.run$$$capture(FutureTask.java:264)
	at java.base/java.util.concurrent.FutureTask.run(FutureTask.java)
	at --- Async.Stack.Trace --- (captured by IntelliJ IDEA debugger)
	at java.base/java.util.concurrent.FutureTask.<init>(FutureTask.java:151)
	at java.base/java.util.concurrent.ScheduledThreadPoolExecutor$ScheduledFutureTask.<init>(ScheduledThreadPoolExecutor.java:215)
	at java.base/java.util.concurrent.ScheduledThreadPoolExecutor.schedule(ScheduledThreadPoolExecutor.java:561)
	at com.netflix.discovery.TimedSupervisorTask.run(TimedSupervisorTask.java:99)
	at java.base/java.util.concurrent.Executors$RunnableAdapter.call(Executors.java:539)
	at java.base/java.util.concurrent.FutureTask.run$$$capture(FutureTask.java:264)
	at java.base/java.util.concurrent.FutureTask.run(FutureTask.java)
	at --- Async.Stack.Trace --- (captured by IntelliJ IDEA debugger)
	at java.base/java.util.concurrent.FutureTask.<init>(FutureTask.java:151)
	at java.base/java.util.concurrent.ScheduledThreadPoolExecutor$ScheduledFutureTask.<init>(ScheduledThreadPoolExecutor.java:215)
	at java.base/java.util.concurrent.ScheduledThreadPoolExecutor.schedule(ScheduledThreadPoolExecutor.java:561)
	at com.netflix.discovery.TimedSupervisorTask.run(TimedSupervisorTask.java:99)
	at java.base/java.util.concurrent.Executors$RunnableAdapter.call(Executors.java:539)
	at java.base/java.util.concurrent.FutureTask.run$$$capture(FutureTask.java:264)
	at java.base/java.util.concurrent.FutureTask.run(FutureTask.java)
	at --- Async.Stack.Trace --- (captured by IntelliJ IDEA debugger)
	at java.base/java.util.concurrent.FutureTask.<init>(FutureTask.java:151)
	at java.base/java.util.concurrent.ScheduledThreadPoolExecutor$ScheduledFutureTask.<init>(ScheduledThreadPoolExecutor.java:215)
	at java.base/java.util.concurrent.ScheduledThreadPoolExecutor.schedule(ScheduledThreadPoolExecutor.java:561)
	at com.netflix.discovery.TimedSupervisorTask.run(TimedSupervisorTask.java:99)
	at java.base/java.util.concurrent.Executors$RunnableAdapter.call(Executors.java:539)
	at java.base/java.util.concurrent.FutureTask.run$$$capture(FutureTask.java:264)
	at java.base/java.util.concurrent.FutureTask.run(FutureTask.java)
	at --- Async.Stack.Trace --- (captured by IntelliJ IDEA debugger)
	at java.base/java.util.concurrent.FutureTask.<init>(FutureTask.java:151)
	at java.base/java.util.concurrent.ScheduledThreadPoolExecutor$ScheduledFutureTask.<init>(ScheduledThreadPoolExecutor.java:215)
	at java.base/java.util.concurrent.ScheduledThreadPoolExecutor.schedule(ScheduledThreadPoolExecutor.java:561)
	at com.netflix.discovery.TimedSupervisorTask.run(TimedSupervisorTask.java:99)
	at java.base/java.util.concurrent.Executors$RunnableAdapter.call(Executors.java:539)
	at java.base/java.util.concurrent.FutureTask.run$$$capture(FutureTask.java:264)
	at java.base/java.util.concurrent.FutureTask.run(FutureTask.java)
	at --- Async.Stack.Trace --- (captured by IntelliJ IDEA debugger)
	at java.base/java.util.concurrent.FutureTask.<init>(FutureTask.java:151)
	at java.base/java.util.concurrent.ScheduledThreadPoolExecutor$ScheduledFutureTask.<init>(ScheduledThreadPoolExecutor.java:215)
	at java.base/java.util.concurrent.ScheduledThreadPoolExecutor.schedule(ScheduledThreadPoolExecutor.java:561)
	at com.netflix.discovery.TimedSupervisorTask.run(TimedSupervisorTask.java:99)
	at java.base/java.util.concurrent.Executors$RunnableAdapter.call(Executors.java:539)
	at java.base/java.util.concurrent.FutureTask.run$$$capture(FutureTask.java:264)
	at java.base/java.util.concurrent.FutureTask.run(FutureTask.java)
	at --- Async.Stack.Trace --- (captured by IntelliJ IDEA debugger)
	at java.base/java.util.concurrent.FutureTask.<init>(FutureTask.java:151)
	at java.base/java.util.concurrent.ScheduledThreadPoolExecutor$ScheduledFutureTask.<init>(ScheduledThreadPoolExecutor.java:215)
	at java.base/java.util.concurrent.ScheduledThreadPoolExecutor.schedule(ScheduledThreadPoolExecutor.java:561)
	at com.netflix.discovery.TimedSupervisorTask.run(TimedSupervisorTask.java:99)
	at java.base/java.util.concurrent.Executors$RunnableAdapter.call(Executors.java:539)
	at java.base/java.util.concurrent.FutureTask.run$$$capture(FutureTask.java:264)
	at java.base/java.util.concurrent.FutureTask.run(FutureTask.java)
	at --- Async.Stack.Trace --- (captured by IntelliJ IDEA debugger)
	at java.base/java.util.concurrent.FutureTask.<init>(FutureTask.java:151)
	at java.base/java.util.concurrent.ScheduledThreadPoolExecutor$ScheduledFutureTask.<init>(ScheduledThreadPoolExecutor.java:215)
	at java.base/java.util.concurrent.ScheduledThreadPoolExecutor.schedule(ScheduledThreadPoolExecutor.java:561)
	at com.netflix.discovery.TimedSupervisorTask.run(TimedSupervisorTask.java:99)
	at java.base/java.util.concurrent.Executors$RunnableAdapter.call(Executors.java:539)
	at java.base/java.util.concurrent.FutureTask.run$$$capture(FutureTask.java:264)
	at java.base/java.util.concurrent.FutureTask.run(FutureTask.java)
	at --- Async.Stack.Trace --- (captured by IntelliJ IDEA debugger)
	at java.base/java.util.concurrent.FutureTask.<init>(FutureTask.java:151)
	at java.base/java.util.concurrent.ScheduledThreadPoolExecutor$ScheduledFutureTask.<init>(ScheduledThreadPoolExecutor.java:215)
	at java.base/java.util.concurrent.ScheduledThreadPoolExecutor.schedule(ScheduledThreadPoolExecutor.java:561)
	at com.netflix.discovery.TimedSupervisorTask.run(TimedSupervisorTask.java:99)
	at java.base/java.util.concurrent.Executors$RunnableAdapter.call(Executors.java:539)
	at java.base/java.util.concurrent.FutureTask.run$$$capture(FutureTask.java:264)
	at java.base/java.util.concurrent.FutureTask.run(FutureTask.java)
	at --- Async.Stack.Trace --- (captured by IntelliJ IDEA debugger)
	at java.base/java.util.concurrent.FutureTask.<init>(FutureTask.java:151)
	at java.base/java.util.concurrent.ScheduledThreadPoolExecutor$ScheduledFutureTask.<init>(ScheduledThreadPoolExecutor.java:215)
	at java.base/java.util.concurrent.ScheduledThreadPoolExecutor.schedule(ScheduledThreadPoolExecutor.java:561)
	at com.netflix.discovery.TimedSupervisorTask.run(TimedSupervisorTask.java:99)
	at java.base/java.util.concurrent.Executors$RunnableAdapter.call(Executors.java:539)
	at java.base/java.util.concurrent.FutureTask.run$$$capture(FutureTask.java:264)
	at java.base/java.util.concurrent.FutureTask.run(FutureTask.java)
	at --- Async.Stack.Trace --- (captured by IntelliJ IDEA debugger)
	at java.base/java.util.concurrent.FutureTask.<init>(FutureTask.java:151)
	at java.base/java.util.concurrent.ScheduledThreadPoolExecutor$ScheduledFutureTask.<init>(ScheduledThreadPoolExecutor.java:215)
	at java.base/java.util.concurrent.ScheduledThreadPoolExecutor.schedule(ScheduledThreadPoolExecutor.java:561)
	at com.netflix.discovery.TimedSupervisorTask.run(TimedSupervisorTask.java:99)
	at java.base/java.util.concurrent.Executors$RunnableAdapter.call(Executors.java:539)
	at java.base/java.util.concurrent.FutureTask.run$$$capture(FutureTask.java:264)
	at java.base/java.util.concurrent.FutureTask.run(FutureTask.java)
	at --- Async.Stack.Trace --- (captured by IntelliJ IDEA debugger)
	at java.base/java.util.concurrent.FutureTask.<init>(FutureTask.java:151)
	at java.base/java.util.concurrent.ScheduledThreadPoolExecutor$ScheduledFutureTask.<init>(ScheduledThreadPoolExecutor.java:215)
	at java.base/java.util.concurrent.ScheduledThreadPoolExecutor.schedule(ScheduledThreadPoolExecutor.java:561)
	at com.netflix.discovery.TimedSupervisorTask.run(TimedSupervisorTask.java:99)
	at java.base/java.util.concurrent.Executors$RunnableAdapter.call(Executors.java:539)
	at java.base/java.util.concurrent.FutureTask.run$$$capture(FutureTask.java:264)
	at java.base/java.util.concurrent.FutureTask.run(FutureTask.java)
	at --- Async.Stack.Trace --- (captured by IntelliJ IDEA debugger)
	at java.base/java.util.concurrent.FutureTask.<init>(FutureTask.java:151)
	at java.base/java.util.concurrent.ScheduledThreadPoolExecutor$ScheduledFutureTask.<init>(ScheduledThreadPoolExecutor.java:215)
	at java.base/java.util.concurrent.ScheduledThreadPoolExecutor.schedule(ScheduledThreadPoolExecutor.java:561)
	at com.netflix.discovery.TimedSupervisorTask.run(TimedSupervisorTask.java:99)
	at java.base/java.util.concurrent.Executors$RunnableAdapter.call(Executors.java:539)
	at java.base/java.util.concurrent.FutureTask.run$$$capture(FutureTask.java:264)
	at java.base/java.util.concurrent.FutureTask.run(FutureTask.java)
	at --- Async.Stack.Trace --- (captured by IntelliJ IDEA debugger)
	at java.base/java.util.concurrent.FutureTask.<init>(FutureTask.java:151)
	at java.base/java.util.concurrent.ScheduledThreadPoolExecutor$ScheduledFutureTask.<init>(ScheduledThreadPoolExecutor.java:215)
	at java.base/java.util.concurrent.ScheduledThreadPoolExecutor.schedule(ScheduledThreadPoolExecutor.java:561)
	at com.netflix.discovery.TimedSupervisorTask.run(TimedSupervisorTask.java:99)
	at java.base/java.util.concurrent.Executors$RunnableAdapter.call(Executors.java:539)
	at java.base/java.util.concurrent.FutureTask.run$$$capture(FutureTask.java:264)
	at java.base/java.util.concurrent.FutureTask.run(FutureTask.java)
	at --- Async.Stack.Trace --- (captured by IntelliJ IDEA debugger)
	at java.base/java.util.concurrent.FutureTask.<init>(FutureTask.java:151)
	at java.base/java.util.concurrent.ScheduledThreadPoolExecutor$ScheduledFutureTask.<init>(ScheduledThreadPoolExecutor.java:215)
	at java.base/java.util.concurrent.ScheduledThreadPoolExecutor.schedule(ScheduledThreadPoolExecutor.java:561)
	at com.netflix.discovery.TimedSupervisorTask.run(TimedSupervisorTask.java:99)
	at java.base/java.util.concurrent.Executors$RunnableAdapter.call(Executors.java:539)
	at java.base/java.util.concurrent.FutureTask.run$$$capture(FutureTask.java:264)
	at java.base/java.util.concurrent.FutureTask.run(FutureTask.java)
	at --- Async.Stack.Trace --- (captured by IntelliJ IDEA debugger)
	at java.base/java.util.concurrent.FutureTask.<init>(FutureTask.java:151)
	at java.base/java.util.concurrent.ScheduledThreadPoolExecutor$ScheduledFutureTask.<init>(ScheduledThreadPoolExecutor.java:215)
	at java.base/java.util.concurrent.ScheduledThreadPoolExecutor.schedule(ScheduledThreadPoolExecutor.java:561)
	at com.netflix.discovery.TimedSupervisorTask.run(TimedSupervisorTask.java:99)
	at java.base/java.util.concurrent.Executors$RunnableAdapter.call(Executors.java:539)
	at java.base/java.util.concurrent.FutureTask.run$$$capture(FutureTask.java:264)
	at java.base/java.util.concurrent.FutureTask.run(FutureTask.java)
	at --- Async.Stack.Trace --- (captured by IntelliJ IDEA debugger)
	at java.base/java.util.concurrent.FutureTask.<init>(FutureTask.java:151)
	at java.base/java.util.concurrent.ScheduledThreadPoolExecutor$ScheduledFutureTask.<init>(ScheduledThreadPoolExecutor.java:215)
	at java.base/java.util.concurrent.ScheduledThreadPoolExecutor.schedule(ScheduledThreadPoolExecutor.java:561)
	at com.netflix.discovery.TimedSupervisorTask.run(TimedSupervisorTask.java:99)
	at java.base/java.util.concurrent.Executors$RunnableAdapter.call(Executors.java:539)
	at java.base/java.util.concurrent.FutureTask.run$$$capture(FutureTask.java:264)
	at java.base/java.util.concurrent.FutureTask.run(FutureTask.java)
	at --- Async.Stack.Trace --- (captured by IntelliJ IDEA debugger)
	at java.base/java.util.concurrent.FutureTask.<init>(FutureTask.java:151)
	at java.base/java.util.concurrent.ScheduledThreadPoolExecutor$ScheduledFutureTask.<init>(ScheduledThreadPoolExecutor.java:215)
	at java.base/java.util.concurrent.ScheduledThreadPoolExecutor.schedule(ScheduledThreadPoolExecutor.java:561)
	at com.netflix.discovery.TimedSupervisorTask.run(TimedSupervisorTask.java:99)
	at java.base/java.util.concurrent.Executors$RunnableAdapter.call(Executors.java:539)
	at java.base/java.util.concurrent.FutureTask.run$$$capture(FutureTask.java:264)
	at java.base/java.util.concurrent.FutureTask.run(FutureTask.java)
	at --- Async.Stack.Trace --- (captured by IntelliJ IDEA debugger)
	at java.base/java.util.concurrent.FutureTask.<init>(FutureTask.java:151)
	at java.base/java.util.concurrent.ScheduledThreadPoolExecutor$ScheduledFutureTask.<init>(ScheduledThreadPoolExecutor.java:215)
	at java.base/java.util.concurrent.ScheduledThreadPoolExecutor.schedule(ScheduledThreadPoolExecutor.java:561)
	at com.netflix.discovery.TimedSupervisorTask.run(TimedSupervisorTask.java:99)
	at java.base/java.util.concurrent.Executors$RunnableAdapter.call(Executors.java:539)
	at java.base/java.util.concurrent.FutureTask.run$$$capture(FutureTask.java:264)
	at java.base/java.util.concurrent.FutureTask.run(FutureTask.java)
	at --- Async.Stack.Trace --- (captured by IntelliJ IDEA debugger)
	at java.base/java.util.concurrent.FutureTask.<init>(FutureTask.java:151)
	at java.base/java.util.concurrent.ScheduledThreadPoolExecutor$ScheduledFutureTask.<init>(ScheduledThreadPoolExecutor.java:215)
	at java.base/java.util.concurrent.ScheduledThreadPoolExecutor.schedule(ScheduledThreadPoolExecutor.java:561)
	at com.netflix.discovery.TimedSupervisorTask.run(TimedSupervisorTask.java:99)
	at java.base/java.util.concurrent.Executors$RunnableAdapter.call(Executors.java:539)
	at java.base/java.util.concurrent.FutureTask.run$$$capture(FutureTask.java:264)
	at java.base/java.util.concurrent.FutureTask.run(FutureTask.java)
	at --- Async.Stack.Trace --- (captured by IntelliJ IDEA debugger)
	at java.base/java.util.concurrent.FutureTask.<init>(FutureTask.java:151)
	at java.base/java.util.concurrent.ScheduledThreadPoolExecutor$ScheduledFutureTask.<init>(ScheduledThreadPoolExecutor.java:215)
	at java.base/java.util.concurrent.ScheduledThreadPoolExecutor.schedule(ScheduledThreadPoolExecutor.java:561)
	at com.netflix.discovery.TimedSupervisorTask.run(TimedSupervisorTask.java:99)
	at java.base/java.util.concurrent.Executors$RunnableAdapter.call(Executors.java:539)
	at java.base/java.util.concurrent.FutureTask.run$$$capture(FutureTask.java:264)
	at java.base/java.util.concurrent.FutureTask.run(FutureTask.java)
	at --- Async.Stack.Trace --- (captured by IntelliJ IDEA debugger)
	at java.base/java.util.concurrent.FutureTask.<init>(FutureTask.java:151)
	at java.base/java.util.concurrent.ScheduledThreadPoolExecutor$ScheduledFutureTask.<init>(ScheduledThreadPoolExecutor.java:215)
	at java.base/java.util.concurrent.ScheduledThreadPoolExecutor.schedule(ScheduledThreadPoolExecutor.java:561)
	at com.netflix.discovery.TimedSupervisorTask.run(TimedSupervisorTask.java:99)
	at java.base/java.util.concurrent.Executors$RunnableAdapter.call(Executors.java:539)
	at java.base/java.util.concurrent.FutureTask.run$$$capture(FutureTask.java:264)
	at java.base/java.util.concurrent.FutureTask.run(FutureTask.java)
	at --- Async.Stack.Trace --- (captured by IntelliJ IDEA debugger)
	at java.base/java.util.concurrent.FutureTask.<init>(FutureTask.java:151)
	at java.base/java.util.concurrent.ScheduledThreadPoolExecutor$ScheduledFutureTask.<init>(ScheduledThreadPoolExecutor.java:215)
	at java.base/java.util.concurrent.ScheduledThreadPoolExecutor.schedule(ScheduledThreadPoolExecutor.java:561)
	at com.netflix.discovery.TimedSupervisorTask.run(TimedSupervisorTask.java:99)
	at java.base/java.util.concurrent.Executors$RunnableAdapter.call(Executors.java:539)
	at java.base/java.util.concurrent.FutureTask.run$$$capture(FutureTask.java:264)
	at java.base/java.util.concurrent.FutureTask.run(FutureTask.java)
	at --- Async.Stack.Trace --- (captured by IntelliJ IDEA debugger)
	at java.base/java.util.concurrent.FutureTask.<init>(FutureTask.java:151)
	at java.base/java.util.concurrent.ScheduledThreadPoolExecutor$ScheduledFutureTask.<init>(ScheduledThreadPoolExecutor.java:215)
	at java.base/java.util.concurrent.ScheduledThreadPoolExecutor.schedule(ScheduledThreadPoolExecutor.java:561)
	at com.netflix.discovery.TimedSupervisorTask.run(TimedSupervisorTask.java:99)
	at java.base/java.util.concurrent.Executors$RunnableAdapter.call(Executors.java:539)
	at java.base/java.util.concurrent.FutureTask.run$$$capture(FutureTask.java:264)
	at java.base/java.util.concurrent.FutureTask.run(FutureTask.java)
	at --- Async.Stack.Trace --- (captured by IntelliJ IDEA debugger)
	at java.base/java.util.concurrent.FutureTask.<init>(FutureTask.java:151)
	at java.base/java.util.concurrent.ScheduledThreadPoolExecutor$ScheduledFutureTask.<init>(ScheduledThreadPoolExecutor.java:215)
	at java.base/java.util.concurrent.ScheduledThreadPoolExecutor.schedule(ScheduledThreadPoolExecutor.java:561)
	at com.netflix.discovery.TimedSupervisorTask.run(TimedSupervisorTask.java:99)
	at java.base/java.util.concurrent.Executors$RunnableAdapter.call(Executors.java:539)
	at java.base/java.util.concurrent.FutureTask.run$$$capture(FutureTask.java:264)
	at java.base/java.util.concurrent.FutureTask.run(FutureTask.java)
	at --- Async.Stack.Trace --- (captured by IntelliJ IDEA debugger)
	at java.base/java.util.concurrent.FutureTask.<init>(FutureTask.java:151)
	at java.base/java.util.concurrent.ScheduledThreadPoolExecutor$ScheduledFutureTask.<init>(ScheduledThreadPoolExecutor.java:215)
	at java.base/java.util.concurrent.ScheduledThreadPoolExecutor.schedule(ScheduledThreadPoolExecutor.java:561)
	at com.netflix.discovery.TimedSupervisorTask.run(TimedSupervisorTask.java:99)
	at java.base/java.util.concurrent.Executors$RunnableAdapter.call(Executors.java:539)
	at java.base/java.util.concurrent.FutureTask.run$$$capture(FutureTask.java:264)
	at java.base/java.util.concurrent.FutureTask.run(FutureTask.java)
	at --- Async.Stack.Trace --- (captured by IntelliJ IDEA debugger)
	at java.base/java.util.concurrent.FutureTask.<init>(FutureTask.java:151)
	at java.base/java.util.concurrent.ScheduledThreadPoolExecutor$ScheduledFutureTask.<init>(ScheduledThreadPoolExecutor.java:215)
	at java.base/java.util.concurrent.ScheduledThreadPoolExecutor.schedule(ScheduledThreadPoolExecutor.java:561)
	at com.netflix.discovery.TimedSupervisorTask.run(TimedSupervisorTask.java:99)
	at java.base/java.util.concurrent.Executors$RunnableAdapter.call(Executors.java:539)
	at java.base/java.util.concurrent.FutureTask.run$$$capture(FutureTask.java:264)
	at java.base/java.util.concurrent.FutureTask.run(FutureTask.java)
	at --- Async.Stack.Trace --- (captured by IntelliJ IDEA debugger)
	at java.base/java.util.concurrent.FutureTask.<init>(FutureTask.java:151)
	at java.base/java.util.concurrent.ScheduledThreadPoolExecutor$ScheduledFutureTask.<init>(ScheduledThreadPoolExecutor.java:215)
	at java.base/java.util.concurrent.ScheduledThreadPoolExecutor.schedule(ScheduledThreadPoolExecutor.java:561)
	at com.netflix.discovery.TimedSupervisorTask.run(TimedSupervisorTask.java:99)
	at java.base/java.util.concurrent.Executors$RunnableAdapter.call(Executors.java:539)
	at java.base/java.util.concurrent.FutureTask.run$$$capture(FutureTask.java:264)
	at java.base/java.util.concurrent.FutureTask.run(FutureTask.java)
	at --- Async.Stack.Trace --- (captured by IntelliJ IDEA debugger)
	at java.base/java.util.concurrent.FutureTask.<init>(FutureTask.java:151)
	at java.base/java.util.concurrent.ScheduledThreadPoolExecutor$ScheduledFutureTask.<init>(ScheduledThreadPoolExecutor.java:215)
	at java.base/java.util.concurrent.ScheduledThreadPoolExecutor.schedule(ScheduledThreadPoolExecutor.java:561)
	at com.netflix.discovery.TimedSupervisorTask.run(TimedSupervisorTask.java:99)
	at java.base/java.util.concurrent.Executors$RunnableAdapter.call(Executors.java:539)
	at java.base/java.util.concurrent.FutureTask.run$$$capture(FutureTask.java:264)
	at java.base/java.util.concurrent.FutureTask.run(FutureTask.java)
	at --- Async.Stack.Trace --- (captured by IntelliJ IDEA debugger)
	at java.base/java.util.concurrent.FutureTask.<init>(FutureTask.java:151)
	at java.base/java.util.concurrent.ScheduledThreadPoolExecutor$ScheduledFutureTask.<init>(ScheduledThreadPoolExecutor.java:215)
	at java.base/java.util.concurrent.ScheduledThreadPoolExecutor.schedule(ScheduledThreadPoolExecutor.java:561)
	at com.netflix.discovery.TimedSupervisorTask.run(TimedSupervisorTask.java:99)
	at java.base/java.util.concurrent.Executors$RunnableAdapter.call(Executors.java:539)
	at java.base/java.util.concurrent.FutureTask.run$$$capture(FutureTask.java:264)
	at java.base/java.util.concurrent.FutureTask.run(FutureTask.java)
	at --- Async.Stack.Trace --- (captured by IntelliJ IDEA debugger)
	at java.base/java.util.concurrent.FutureTask.<init>(FutureTask.java:151)
	at java.base/java.util.concurrent.ScheduledThreadPoolExecutor$ScheduledFutureTask.<init>(ScheduledThreadPoolExecutor.java:215)
	at java.base/java.util.concurrent.ScheduledThreadPoolExecutor.schedule(ScheduledThreadPoolExecutor.java:561)
	at com.netflix.discovery.TimedSupervisorTask.run(TimedSupervisorTask.java:99)
	at java.base/java.util.concurrent.Executors$RunnableAdapter.call(Executors.java:539)
	at java.base/java.util.concurrent.FutureTask.run$$$capture(FutureTask.java:264)
	at java.base/java.util.concurrent.FutureTask.run(FutureTask.java)
	at --- Async.Stack.Trace --- (captured by IntelliJ IDEA debugger)
	at java.base/java.util.concurrent.FutureTask.<init>(FutureTask.java:151)
	at java.base/java.util.concurrent.ScheduledThreadPoolExecutor$ScheduledFutureTask.<init>(ScheduledThreadPoolExecutor.java:215)
	at java.base/java.util.concurrent.ScheduledThreadPoolExecutor.schedule(ScheduledThreadPoolExecutor.java:561)
	at com.netflix.discovery.TimedSupervisorTask.run(TimedSupervisorTask.java:99)
	at java.base/java.util.concurrent.Executors$RunnableAdapter.call(Executors.java:539)
	at java.base/java.util.concurrent.FutureTask.run$$$capture(FutureTask.java:264)
	at java.base/java.util.concurrent.FutureTask.run(FutureTask.java)
	at --- Async.Stack.Trace --- (captured by IntelliJ IDEA debugger)
	at java.base/java.util.concurrent.FutureTask.<init>(FutureTask.java:151)
	at java.base/java.util.concurrent.ScheduledThreadPoolExecutor$ScheduledFutureTask.<init>(ScheduledThreadPoolExecutor.java:215)
	at java.base/java.util.concurrent.ScheduledThreadPoolExecutor.schedule(ScheduledThreadPoolExecutor.java:561)
	at com.netflix.discovery.TimedSupervisorTask.run(TimedSupervisorTask.java:99)
	at java.base/java.util.concurrent.Executors$RunnableAdapter.call(Executors.java:539)
	at java.base/java.util.concurrent.FutureTask.run$$$capture(FutureTask.java:264)
	at java.base/java.util.concurrent.FutureTask.run(FutureTask.java)
	at --- Async.Stack.Trace --- (captured by IntelliJ IDEA debugger)
	at java.base/java.util.concurrent.FutureTask.<init>(FutureTask.java:151)
	at java.base/java.util.concurrent.ScheduledThreadPoolExecutor$ScheduledFutureTask.<init>(ScheduledThreadPoolExecutor.java:215)
	at java.base/java.util.concurrent.ScheduledThreadPoolExecutor.schedule(ScheduledThreadPoolExecutor.java:561)
	at com.netflix.discovery.TimedSupervisorTask.run(TimedSupervisorTask.java:99)
	at java.base/java.util.concurrent.Executors$RunnableAdapter.call(Executors.java:539)
	at java.base/java.util.concurrent.FutureTask.run$$$capture(FutureTask.java:264)
	at java.base/java.util.concurrent.FutureTask.run(FutureTask.java)
	at --- Async.Stack.Trace --- (captured by IntelliJ IDEA debugger)
	at java.base/java.util.concurrent.FutureTask.<init>(FutureTask.java:151)
	at java.base/java.util.concurrent.ScheduledThreadPoolExecutor$ScheduledFutureTask.<init>(ScheduledThreadPoolExecutor.java:215)
	at java.base/java.util.concurrent.ScheduledThreadPoolExecutor.schedule(ScheduledThreadPoolExecutor.java:561)
	at com.netflix.discovery.TimedSupervisorTask.run(TimedSupervisorTask.java:99)
	at java.base/java.util.concurrent.Executors$RunnableAdapter.call(Executors.java:539)
	at java.base/java.util.concurrent.FutureTask.run$$$capture(FutureTask.java:264)
	at java.base/java.util.concurrent.FutureTask.run(FutureTask.java)
	at --- Async.Stack.Trace --- (captured by IntelliJ IDEA debugger)
	at java.base/java.util.concurrent.FutureTask.<init>(FutureTask.java:151)
	at java.base/java.util.concurrent.ScheduledThreadPoolExecutor$ScheduledFutureTask.<init>(ScheduledThreadPoolExecutor.java:215)
	at java.base/java.util.concurrent.ScheduledThreadPoolExecutor.schedule(ScheduledThreadPoolExecutor.java:561)
	at com.netflix.discovery.TimedSupervisorTask.run(TimedSupervisorTask.java:99)
	at java.base/java.util.concurrent.Executors$RunnableAdapter.call(Executors.java:539)
	at java.base/java.util.concurrent.FutureTask.run$$$capture(FutureTask.java:264)
	at java.base/java.util.concurrent.FutureTask.run(FutureTask.java)
	at --- Async.Stack.Trace --- (captured by IntelliJ IDEA debugger)
	at java.base/java.util.concurrent.FutureTask.<init>(FutureTask.java:151)
	at java.base/java.util.concurrent.ScheduledThreadPoolExecutor$ScheduledFutureTask.<init>(ScheduledThreadPoolExecutor.java:215)
	at java.base/java.util.concurrent.ScheduledThreadPoolExecutor.schedule(ScheduledThreadPoolExecutor.java:561)
	at com.netflix.discovery.TimedSupervisorTask.run(TimedSupervisorTask.java:99)
	at java.base/java.util.concurrent.Executors$RunnableAdapter.call(Executors.java:539)
	at java.base/java.util.concurrent.FutureTask.run$$$capture(FutureTask.java:264)
	at java.base/java.util.concurrent.FutureTask.run(FutureTask.java)
	at --- Async.Stack.Trace --- (captured by IntelliJ IDEA debugger)
	at java.base/java.util.concurrent.FutureTask.<init>(FutureTask.java:151)
	at java.base/java.util.concurrent.ScheduledThreadPoolExecutor$ScheduledFutureTask.<init>(ScheduledThreadPoolExecutor.java:215)
	at java.base/java.util.concurrent.ScheduledThreadPoolExecutor.schedule(ScheduledThreadPoolExecutor.java:561)
	at com.netflix.discovery.TimedSupervisorTask.run(TimedSupervisorTask.java:99)
	at java.base/java.util.concurrent.Executors$RunnableAdapter.call(Executors.java:539)
	at java.base/java.util.concurrent.FutureTask.run$$$capture(FutureTask.java:264)
	at java.base/java.util.concurrent.FutureTask.run(FutureTask.java)
	at --- Async.Stack.Trace --- (captured by IntelliJ IDEA debugger)
	at java.base/java.util.concurrent.FutureTask.<init>(FutureTask.java:151)
	at java.base/java.util.concurrent.ScheduledThreadPoolExecutor$ScheduledFutureTask.<init>(ScheduledThreadPoolExecutor.java:215)
	at java.base/java.util.concurrent.ScheduledThreadPoolExecutor.schedule(ScheduledThreadPoolExecutor.java:561)
	at com.netflix.discovery.TimedSupervisorTask.run(TimedSupervisorTask.java:99)
	at java.base/java.util.concurrent.Executors$RunnableAdapter.call(Executors.java:539)
	at java.base/java.util.concurrent.FutureTask.run$$$capture(FutureTask.java:264)
	at java.base/java.util.concurrent.FutureTask.run(FutureTask.java)
	at --- Async.Stack.Trace --- (captured by IntelliJ IDEA debugger)
	at java.base/java.util.concurrent.FutureTask.<init>(FutureTask.java:151)
	at java.base/java.util.concurrent.ScheduledThreadPoolExecutor$ScheduledFutureTask.<init>(ScheduledThreadPoolExecutor.java:215)
	at java.base/java.util.concurrent.ScheduledThreadPoolExecutor.schedule(ScheduledThreadPoolExecutor.java:561)
	at com.netflix.discovery.TimedSupervisorTask.run(TimedSupervisorTask.java:99)
	at java.base/java.util.concurrent.Executors$RunnableAdapter.call(Executors.java:539)
	at java.base/java.util.concurrent.FutureTask.run$$$capture(FutureTask.java:264)
	at java.base/java.util.concurrent.FutureTask.run(FutureTask.java)
	at --- Async.Stack.Trace --- (captured by IntelliJ IDEA debugger)
	at java.base/java.util.concurrent.FutureTask.<init>(FutureTask.java:151)
	at java.base/java.util.concurrent.ScheduledThreadPoolExecutor$ScheduledFutureTask.<init>(ScheduledThreadPoolExecutor.java:215)
	at java.base/java.util.concurrent.ScheduledThreadPoolExecutor.schedule(ScheduledThreadPoolExecutor.java:561)
	at com.netflix.discovery.TimedSupervisorTask.run(TimedSupervisorTask.java:99)
	at java.base/java.util.concurrent.Executors$RunnableAdapter.call(Executors.java:539)
	at java.base/java.util.concurrent.FutureTask.run$$$capture(FutureTask.java:264)
	at java.base/java.util.concurrent.FutureTask.run(FutureTask.java)
	at --- Async.Stack.Trace --- (captured by IntelliJ IDEA debugger)
	at java.base/java.util.concurrent.FutureTask.<init>(FutureTask.java:151)
	at java.base/java.util.concurrent.ScheduledThreadPoolExecutor$ScheduledFutureTask.<init>(ScheduledThreadPoolExecutor.java:215)
	at java.base/java.util.concurrent.ScheduledThreadPoolExecutor.schedule(ScheduledThreadPoolExecutor.java:561)
	at com.netflix.discovery.TimedSupervisorTask.run(TimedSupervisorTask.java:99)
	at java.base/java.util.concurrent.Executors$RunnableAdapter.call(Executors.java:539)
	at java.base/java.util.concurrent.FutureTask.run$$$capture(FutureTask.java:264)
	at java.base/java.util.concurrent.FutureTask.run(FutureTask.java)
	at --- Async.Stack.Trace --- (captured by IntelliJ IDEA debugger)
	at java.base/java.util.concurrent.FutureTask.<init>(FutureTask.java:151)
	at java.base/java.util.concurrent.ScheduledThreadPoolExecutor$ScheduledFutureTask.<init>(ScheduledThreadPoolExecutor.java:215)
	at java.base/java.util.concurrent.ScheduledThreadPoolExecutor.schedule(ScheduledThreadPoolExecutor.java:561)
	at com.netflix.discovery.TimedSupervisorTask.run(TimedSupervisorTask.java:99)
	at java.base/java.util.concurrent.Executors$RunnableAdapter.call(Executors.java:539)
	at java.base/java.util.concurrent.FutureTask.run$$$capture(FutureTask.java:264)
	at java.base/java.util.concurrent.FutureTask.run(FutureTask.java)
	at --- Async.Stack.Trace --- (captured by IntelliJ IDEA debugger)
	at java.base/java.util.concurrent.FutureTask.<init>(FutureTask.java:151)
	at java.base/java.util.concurrent.ScheduledThreadPoolExecutor$ScheduledFutureTask.<init>(ScheduledThreadPoolExecutor.java:215)
	at java.base/java.util.concurrent.ScheduledThreadPoolExecutor.schedule(ScheduledThreadPoolExecutor.java:561)
	at com.netflix.discovery.TimedSupervisorTask.run(TimedSupervisorTask.java:99)
	at java.base/java.util.concurrent.Executors$RunnableAdapter.call(Executors.java:539)
	at java.base/java.util.concurrent.FutureTask.run$$$capture(FutureTask.java:264)
	at java.base/java.util.concurrent.FutureTask.run(FutureTask.java)
	at --- Async.Stack.Trace --- (captured by IntelliJ IDEA debugger)
	at java.base/java.util.concurrent.FutureTask.<init>(FutureTask.java:151)
	at java.base/java.util.concurrent.ScheduledThreadPoolExecutor$ScheduledFutureTask.<init>(ScheduledThreadPoolExecutor.java:215)
	at java.base/java.util.concurrent.ScheduledThreadPoolExecutor.schedule(ScheduledThreadPoolExecutor.java:561)
	at com.netflix.discovery.TimedSupervisorTask.run(TimedSupervisorTask.java:99)
	at java.base/java.util.concurrent.Executors$RunnableAdapter.call(Executors.java:539)
	at java.base/java.util.concurrent.FutureTask.run$$$capture(FutureTask.java:264)
	at java.base/java.util.concurrent.FutureTask.run(FutureTask.java)
	at --- Async.Stack.Trace --- (captured by IntelliJ IDEA debugger)
	at java.base/java.util.concurrent.FutureTask.<init>(FutureTask.java:151)
	at java.base/java.util.concurrent.ScheduledThreadPoolExecutor$ScheduledFutureTask.<init>(ScheduledThreadPoolExecutor.java:215)
	at java.base/java.util.concurrent.ScheduledThreadPoolExecutor.schedule(ScheduledThreadPoolExecutor.java:561)
	at com.netflix.discovery.TimedSupervisorTask.run(TimedSupervisorTask.java:99)
	at java.base/java.util.concurrent.Executors$RunnableAdapter.call(Executors.java:539)
	at java.base/java.util.concurrent.FutureTask.run$$$capture(FutureTask.java:264)
	at java.base/java.util.concurrent.FutureTask.run(FutureTask.java)
	at --- Async.Stack.Trace --- (captured by IntelliJ IDEA debugger)
	at java.base/java.util.concurrent.FutureTask.<init>(FutureTask.java:151)
	at java.base/java.util.concurrent.ScheduledThreadPoolExecutor$ScheduledFutureTask.<init>(ScheduledThreadPoolExecutor.java:215)
	at java.base/java.util.concurrent.ScheduledThreadPoolExecutor.schedule(ScheduledThreadPoolExecutor.java:561)
	at com.netflix.discovery.TimedSupervisorTask.run(TimedSupervisorTask.java:99)
	at java.base/java.util.concurrent.Executors$RunnableAdapter.call(Executors.java:539)
	at java.base/java.util.concurrent.FutureTask.run$$$capture(FutureTask.java:264)
	at java.base/java.util.concurrent.FutureTask.run(FutureTask.java)
	at --- Async.Stack.Trace --- (captured by IntelliJ IDEA debugger)
	at java.base/java.util.concurrent.FutureTask.<init>(FutureTask.java:151)
	at java.base/java.util.concurrent.ScheduledThreadPoolExecutor$ScheduledFutureTask.<init>(ScheduledThreadPoolExecutor.java:215)
	at java.base/java.util.concurrent.ScheduledThreadPoolExecutor.schedule(ScheduledThreadPoolExecutor.java:561)
	at com.netflix.discovery.TimedSupervisorTask.run(TimedSupervisorTask.java:99)
	at java.base/java.util.concurrent.Executors$RunnableAdapter.call(Executors.java:539)
	at java.base/java.util.concurrent.FutureTask.run$$$capture(FutureTask.java:264)
	at java.base/java.util.concurrent.FutureTask.run(FutureTask.java)
	at --- Async.Stack.Trace --- (captured by IntelliJ IDEA debugger)
	at java.base/java.util.concurrent.FutureTask.<init>(FutureTask.java:151)
	at java.base/java.util.concurrent.ScheduledThreadPoolExecutor$ScheduledFutureTask.<init>(ScheduledThreadPoolExecutor.java:215)
	at java.base/java.util.concurrent.ScheduledThreadPoolExecutor.schedule(ScheduledThreadPoolExecutor.java:561)
	at com.netflix.discovery.TimedSupervisorTask.run(TimedSupervisorTask.java:99)
	at java.base/java.util.concurrent.Executors$RunnableAdapter.call(Executors.java:539)
	at java.base/java.util.concurrent.FutureTask.run$$$capture(FutureTask.java:264)
	at java.base/java.util.concurrent.FutureTask.run(FutureTask.java)
	at --- Async.Stack.Trace --- (captured by IntelliJ IDEA debugger)
	at java.base/java.util.concurrent.FutureTask.<init>(FutureTask.java:151)
	at java.base/java.util.concurrent.ScheduledThreadPoolExecutor$ScheduledFutureTask.<init>(ScheduledThreadPoolExecutor.java:215)
	at java.base/java.util.concurrent.ScheduledThreadPoolExecutor.schedule(ScheduledThreadPoolExecutor.java:561)
	at com.netflix.discovery.TimedSupervisorTask.run(TimedSupervisorTask.java:99)
	at java.base/java.util.concurrent.Executors$RunnableAdapter.call(Executors.java:539)
	at java.base/java.util.concurrent.FutureTask.run$$$capture(FutureTask.java:264)
	at java.base/java.util.concurrent.FutureTask.run(FutureTask.java)
	at --- Async.Stack.Trace --- (captured by IntelliJ IDEA debugger)
	at java.base/java.util.concurrent.FutureTask.<init>(FutureTask.java:151)
	at java.base/java.util.concurrent.ScheduledThreadPoolExecutor$ScheduledFutureTask.<init>(ScheduledThreadPoolExecutor.java:215)
	at java.base/java.util.concurrent.ScheduledThreadPoolExecutor.schedule(ScheduledThreadPoolExecutor.java:561)
	at com.netflix.discovery.TimedSupervisorTask.run(TimedSupervisorTask.java:99)
	at java.base/java.util.concurrent.Executors$RunnableAdapter.call(Executors.java:539)
	at java.base/java.util.concurrent.FutureTask.run$$$capture(FutureTask.java:264)
	at java.base/java.util.concurrent.FutureTask.run(FutureTask.java)
	at --- Async.Stack.Trace --- (captured by IntelliJ IDEA debugger)
	at java.base/java.util.concurrent.FutureTask.<init>(FutureTask.java:151)
	at java.base/java.util.concurrent.ScheduledThreadPoolExecutor$ScheduledFutureTask.<init>(ScheduledThreadPoolExecutor.java:215)
	at java.base/java.util.concurrent.ScheduledThreadPoolExecutor.schedule(ScheduledThreadPoolExecutor.java:561)
	at com.netflix.discovery.TimedSupervisorTask.run(TimedSupervisorTask.java:99)
	at java.base/java.util.concurrent.Executors$RunnableAdapter.call(Executors.java:539)
	at java.base/java.util.concurrent.FutureTask.run$$$capture(FutureTask.java:264)
	at java.base/java.util.concurrent.FutureTask.run(FutureTask.java)
	at --- Async.Stack.Trace --- (captured by IntelliJ IDEA debugger)
	at java.base/java.util.concurrent.FutureTask.<init>(FutureTask.java:151)
	at java.base/java.util.concurrent.ScheduledThreadPoolExecutor$ScheduledFutureTask.<init>(ScheduledThreadPoolExecutor.java:215)
	at java.base/java.util.concurrent.ScheduledThreadPoolExecutor.schedule(ScheduledThreadPoolExecutor.java:561)
	at com.netflix.discovery.TimedSupervisorTask.run(TimedSupervisorTask.java:99)
	at java.base/java.util.concurrent.Executors$RunnableAdapter.call(Executors.java:539)
	at java.base/java.util.concurrent.FutureTask.run$$$capture(FutureTask.java:264)
	at java.base/java.util.concurrent.FutureTask.run(FutureTask.java)
	at --- Async.Stack.Trace --- (captured by IntelliJ IDEA debugger)
	at java.base/java.util.concurrent.FutureTask.<init>(FutureTask.java:151)
	at java.base/java.util.concurrent.ScheduledThreadPoolExecutor$ScheduledFutureTask.<init>(ScheduledThreadPoolExecutor.java:215)
	at java.base/java.util.concurrent.ScheduledThreadPoolExecutor.schedule(ScheduledThreadPoolExecutor.java:561)
	at com.netflix.discovery.TimedSupervisorTask.run(TimedSupervisorTask.java:99)
	at java.base/java.util.concurrent.Executors$RunnableAdapter.call(Executors.java:539)
	at java.base/java.util.concurrent.FutureTask.run$$$capture(FutureTask.java:264)
	at java.base/java.util.concurrent.FutureTask.run(FutureTask.java)
	at --- Async.Stack.Trace --- (captured by IntelliJ IDEA debugger)
	at java.base/java.util.concurrent.FutureTask.<init>(FutureTask.java:151)
	at java.base/java.util.concurrent.ScheduledThreadPoolExecutor$ScheduledFutureTask.<init>(ScheduledThreadPoolExecutor.java:215)
	at java.base/java.util.concurrent.ScheduledThreadPoolExecutor.schedule(ScheduledThreadPoolExecutor.java:561)
	at com.netflix.discovery.TimedSupervisorTask.run(TimedSupervisorTask.java:99)
	at java.base/java.util.concurrent.Executors$RunnableAdapter.call(Executors.java:539)
	at java.base/java.util.concurrent.FutureTask.run$$$capture(FutureTask.java:264)
	at java.base/java.util.concurrent.FutureTask.run(FutureTask.java)
	at --- Async.Stack.Trace --- (captured by IntelliJ IDEA debugger)
	at java.base/java.util.concurrent.FutureTask.<init>(FutureTask.java:151)
	at java.base/java.util.concurrent.ScheduledThreadPoolExecutor$ScheduledFutureTask.<init>(ScheduledThreadPoolExecutor.java:215)
	at java.base/java.util.concurrent.ScheduledThreadPoolExecutor.schedule(ScheduledThreadPoolExecutor.java:561)
	at com.netflix.discovery.TimedSupervisorTask.run(TimedSupervisorTask.java:99)
	at java.base/java.util.concurrent.Executors$RunnableAdapter.call(Executors.java:539)
	at java.base/java.util.concurrent.FutureTask.run$$$capture(FutureTask.java:264)
	at java.base/java.util.concurrent.FutureTask.run(FutureTask.java)
	at --- Async.Stack.Trace --- (captured by IntelliJ IDEA debugger)
	at java.base/java.util.concurrent.FutureTask.<init>(FutureTask.java:151)
	at java.base/java.util.concurrent.ScheduledThreadPoolExecutor$ScheduledFutureTask.<init>(ScheduledThreadPoolExecutor.java:215)
	at java.base/java.util.concurrent.ScheduledThreadPoolExecutor.schedule(ScheduledThreadPoolExecutor.java:561)
	at com.netflix.discovery.TimedSupervisorTask.run(TimedSupervisorTask.java:99)
	at java.base/java.util.concurrent.Executors$RunnableAdapter.call(Executors.java:539)
	at java.base/java.util.concurrent.FutureTask.run$$$capture(FutureTask.java:264)
	at java.base/java.util.concurrent.FutureTask.run(FutureTask.java)
	at --- Async.Stack.Trace --- (captured by IntelliJ IDEA debugger)
	at java.base/java.util.concurrent.FutureTask.<init>(FutureTask.java:151)
	at java.base/java.util.concurrent.ScheduledThreadPoolExecutor$ScheduledFutureTask.<init>(ScheduledThreadPoolExecutor.java:215)
	at java.base/java.util.concurrent.ScheduledThreadPoolExecutor.schedule(ScheduledThreadPoolExecutor.java:561)
	at com.netflix.discovery.TimedSupervisorTask.run(TimedSupervisorTask.java:99)
	at java.base/java.util.concurrent.Executors$RunnableAdapter.call(Executors.java:539)
	at java.base/java.util.concurrent.FutureTask.run$$$capture(FutureTask.java:264)
	at java.base/java.util.concurrent.FutureTask.run(FutureTask.java)
	at --- Async.Stack.Trace --- (captured by IntelliJ IDEA debugger)
	at java.base/java.util.concurrent.FutureTask.<init>(FutureTask.java:151)
	at java.base/java.util.concurrent.ScheduledThreadPoolExecutor$ScheduledFutureTask.<init>(ScheduledThreadPoolExecutor.java:215)
	at java.base/java.util.concurrent.ScheduledThreadPoolExecutor.schedule(ScheduledThreadPoolExecutor.java:561)
	at com.netflix.discovery.TimedSupervisorTask.run(TimedSupervisorTask.java:99)
	at java.base/java.util.concurrent.Executors$RunnableAdapter.call(Executors.java:539)
	at java.base/java.util.concurrent.FutureTask.run$$$capture(FutureTask.java:264)
	at java.base/java.util.concurrent.FutureTask.run(FutureTask.java)
	at --- Async.Stack.Trace --- (captured by IntelliJ IDEA debugger)
	at java.base/java.util.concurrent.FutureTask.<init>(FutureTask.java:151)
	at java.base/java.util.concurrent.ScheduledThreadPoolExecutor$ScheduledFutureTask.<init>(ScheduledThreadPoolExecutor.java:215)
	at java.base/java.util.concurrent.ScheduledThreadPoolExecutor.schedule(ScheduledThreadPoolExecutor.java:561)
	at com.netflix.discovery.TimedSupervisorTask.run(TimedSupervisorTask.java:99)
	at java.base/java.util.concurrent.Executors$RunnableAdapter.call(Executors.java:539)
	at java.base/java.util.concurrent.FutureTask.run$$$capture(FutureTask.java:264)
	at java.base/java.util.concurrent.FutureTask.run(FutureTask.java)
	at --- Async.Stack.Trace --- (captured by IntelliJ IDEA debugger)
Caused by: org.apache.hc.client5.http.HttpHostConnectException: Connect to http://localhost:8761 [localhost/127.0.0.1, localhost/0:0:0:0:0:0:0:1] failed: Connection refused: no further information
	at java.base/sun.nio.ch.Net.pollConnect(Native Method)
	at java.base/sun.nio.ch.Net.pollConnectNow(Net.java:672)
	at java.base/sun.nio.ch.NioSocketImpl.timedFinishConnect(NioSocketImpl.java:547)
	at java.base/sun.nio.ch.NioSocketImpl.connect(NioSocketImpl.java:602)
	at java.base/java.net.SocksSocketImpl.connect(SocksSocketImpl.java:327)
	at java.base/java.net.Socket.connect(Socket.java:633)
	at org.apache.hc.client5.http.impl.io.DefaultHttpClientConnectionOperator.connect(DefaultHttpClientConnectionOperator.java:216)
	at org.apache.hc.client5.http.impl.io.PoolingHttpClientConnectionManager.connect(PoolingHttpClientConnectionManager.java:490)
	at org.apache.hc.client5.http.impl.classic.InternalExecRuntime.connectEndpoint(InternalExecRuntime.java:164)
	at org.apache.hc.client5.http.impl.classic.InternalExecRuntime.connectEndpoint(InternalExecRuntime.java:174)
	at org.apache.hc.client5.http.impl.classic.ConnectExec.execute(ConnectExec.java:144)
	at org.apache.hc.client5.http.impl.classic.ExecChainElement.execute(ExecChainElement.java:51)
	at org.apache.hc.client5.http.impl.classic.ProtocolExec.execute(ProtocolExec.java:192)
	at org.apache.hc.client5.http.impl.classic.ExecChainElement.execute(ExecChainElement.java:51)
	at org.apache.hc.client5.http.impl.classic.ContentCompressionExec.execute(ContentCompressionExec.java:150)
	at org.apache.hc.client5.http.impl.classic.ExecChainElement.execute(ExecChainElement.java:51)
	at org.apache.hc.client5.http.impl.classic.HttpRequestRetryExec.execute(HttpRequestRetryExec.java:113)
	at org.apache.hc.client5.http.impl.classic.ExecChainElement.execute(ExecChainElement.java:51)
	at org.apache.hc.client5.http.impl.classic.RedirectExec.execute(RedirectExec.java:110)
	at org.apache.hc.client5.http.impl.classic.ExecChainElement.execute(ExecChainElement.java:51)
	at org.apache.hc.client5.http.impl.classic.InternalHttpClient.doExecute(InternalHttpClient.java:174)
	at org.apache.hc.client5.http.impl.classic.CloseableHttpClient.execute(CloseableHttpClient.java:87)
	at org.apache.hc.client5.http.impl.classic.CloseableHttpClient.execute(CloseableHttpClient.java:55)
	at org.apache.hc.client5.http.classic.HttpClient.executeOpen(HttpClient.java:183)
	at org.springframework.http.client.HttpComponentsClientHttpRequest.executeInternal(HttpComponentsClientHttpRequest.java:99)
	at org.springframework.http.client.AbstractStreamingClientHttpRequest.executeInternal(AbstractStreamingClientHttpRequest.java:71)
	at org.springframework.http.client.AbstractClientHttpRequest.execute(AbstractClientHttpRequest.java:81)
	at org.springframework.http.client.InterceptingClientHttpRequest$InterceptingRequestExecution.execute(InterceptingClientHttpRequest.java:117)
	at org.springframework.cloud.netflix.eureka.http.RestTemplateTransportClientFactory.lambda$restTemplate$2(RestTemplateTransportClientFactory.java:145)
	at org.springframework.http.client.InterceptingClientHttpRequest$InterceptingRequestExecution.execute(InterceptingClientHttpRequest.java:88)
	at org.springframework.http.client.InterceptingClientHttpRequest.executeInternal(InterceptingClientHttpRequest.java:72)
	at org.springframework.http.client.AbstractBufferingClientHttpRequest.executeInternal(AbstractBufferingClientHttpRequest.java:48)
	at org.springframework.http.client.AbstractClientHttpRequest.execute(AbstractClientHttpRequest.java:81)
	at org.springframework.web.client.RestTemplate.doExecute(RestTemplate.java:900)
	... 1158 more
 
2025-04-21 12:09:26-618 [DiscoveryClient-CacheRefreshExecutor-%d] WARN  c.n.d.s.t.d.RetryableEurekaHttpClient - Request execution failed with message: I/O error on GET request for "http://localhost:8761/eureka/apps/delta": Connect to http://localhost:8761 [localhost/127.0.0.1, localhost/0:0:0:0:0:0:0:1] failed: Connection refused: no further information 
2025-04-21 12:09:26-633 [DiscoveryClient-CacheRefreshExecutor-%d] INFO  c.netflix.discovery.DiscoveryClient - DiscoveryClient_SERVICE-CUSTOMER/192.168.1.11:service-customer:8181 - was unable to refresh its cache! This periodic background refresh will be retried in 30 seconds. status = Cannot execute request on any known server stacktrace = com.netflix.discovery.shared.transport.TransportException: Cannot execute request on any known server
	at com.netflix.discovery.shared.transport.decorator.RetryableEurekaHttpClient.execute(RetryableEurekaHttpClient.java:112)
	at com.netflix.discovery.shared.transport.decorator.EurekaHttpClientDecorator.getDelta(EurekaHttpClientDecorator.java:149)
	at com.netflix.discovery.shared.transport.decorator.EurekaHttpClientDecorator$7.execute(EurekaHttpClientDecorator.java:152)
	at com.netflix.discovery.shared.transport.decorator.SessionedEurekaHttpClient.execute(SessionedEurekaHttpClient.java:76)
	at com.netflix.discovery.shared.transport.decorator.EurekaHttpClientDecorator.getDelta(EurekaHttpClientDecorator.java:149)
	at com.netflix.discovery.DiscoveryClient.getAndUpdateDelta(DiscoveryClient.java:1080)
	at com.netflix.discovery.DiscoveryClient.fetchRegistry(DiscoveryClient.java:963)
	at com.netflix.discovery.DiscoveryClient.refreshRegistry(DiscoveryClient.java:1473)
	at com.netflix.discovery.DiscoveryClient$CacheRefreshThread.run(DiscoveryClient.java:1441)
	at java.base/java.util.concurrent.Executors$RunnableAdapter.call(Executors.java:539)
	at java.base/java.util.concurrent.FutureTask.run$$$capture(FutureTask.java:264)
	at java.base/java.util.concurrent.FutureTask.run(FutureTask.java)
	at --- Async.Stack.Trace --- (captured by IntelliJ IDEA debugger)
	at java.base/java.util.concurrent.FutureTask.<init>(FutureTask.java:151)
	at java.base/java.util.concurrent.AbstractExecutorService.newTaskFor(AbstractExecutorService.java:98)
	at java.base/java.util.concurrent.AbstractExecutorService.submit(AbstractExecutorService.java:122)
	at com.netflix.discovery.TimedSupervisorTask.run(TimedSupervisorTask.java:63)
	at java.base/java.util.concurrent.Executors$RunnableAdapter.call(Executors.java:539)
	at java.base/java.util.concurrent.FutureTask.run$$$capture(FutureTask.java:264)
	at java.base/java.util.concurrent.FutureTask.run(FutureTask.java)
	at --- Async.Stack.Trace --- (captured by IntelliJ IDEA debugger)
	at java.base/java.util.concurrent.FutureTask.<init>(FutureTask.java:151)
	at java.base/java.util.concurrent.ScheduledThreadPoolExecutor$ScheduledFutureTask.<init>(ScheduledThreadPoolExecutor.java:215)
	at java.base/java.util.concurrent.ScheduledThreadPoolExecutor.schedule(ScheduledThreadPoolExecutor.java:561)
	at com.netflix.discovery.TimedSupervisorTask.run(TimedSupervisorTask.java:99)
	at java.base/java.util.concurrent.Executors$RunnableAdapter.call(Executors.java:539)
	at java.base/java.util.concurrent.FutureTask.run$$$capture(FutureTask.java:264)
	at java.base/java.util.concurrent.FutureTask.run(FutureTask.java)
	at --- Async.Stack.Trace --- (captured by IntelliJ IDEA debugger)
	at java.base/java.util.concurrent.FutureTask.<init>(FutureTask.java:151)
	at java.base/java.util.concurrent.ScheduledThreadPoolExecutor$ScheduledFutureTask.<init>(ScheduledThreadPoolExecutor.java:215)
	at java.base/java.util.concurrent.ScheduledThreadPoolExecutor.schedule(ScheduledThreadPoolExecutor.java:561)
	at com.netflix.discovery.TimedSupervisorTask.run(TimedSupervisorTask.java:99)
	at java.base/java.util.concurrent.Executors$RunnableAdapter.call(Executors.java:539)
	at java.base/java.util.concurrent.FutureTask.run$$$capture(FutureTask.java:264)
	at java.base/java.util.concurrent.FutureTask.run(FutureTask.java)
	at --- Async.Stack.Trace --- (captured by IntelliJ IDEA debugger)
	at java.base/java.util.concurrent.FutureTask.<init>(FutureTask.java:151)
	at java.base/java.util.concurrent.ScheduledThreadPoolExecutor$ScheduledFutureTask.<init>(ScheduledThreadPoolExecutor.java:215)
	at java.base/java.util.concurrent.ScheduledThreadPoolExecutor.schedule(ScheduledThreadPoolExecutor.java:561)
	at com.netflix.discovery.TimedSupervisorTask.run(TimedSupervisorTask.java:99)
	at java.base/java.util.concurrent.Executors$RunnableAdapter.call(Executors.java:539)
	at java.base/java.util.concurrent.FutureTask.run$$$capture(FutureTask.java:264)
	at java.base/java.util.concurrent.FutureTask.run(FutureTask.java)
	at --- Async.Stack.Trace --- (captured by IntelliJ IDEA debugger)
	at java.base/java.util.concurrent.FutureTask.<init>(FutureTask.java:151)
	at java.base/java.util.concurrent.ScheduledThreadPoolExecutor$ScheduledFutureTask.<init>(ScheduledThreadPoolExecutor.java:215)
	at java.base/java.util.concurrent.ScheduledThreadPoolExecutor.schedule(ScheduledThreadPoolExecutor.java:561)
	at com.netflix.discovery.TimedSupervisorTask.run(TimedSupervisorTask.java:99)
	at java.base/java.util.concurrent.Executors$RunnableAdapter.call(Executors.java:539)
	at java.base/java.util.concurrent.FutureTask.run$$$capture(FutureTask.java:264)
	at java.base/java.util.concurrent.FutureTask.run(FutureTask.java)
	at --- Async.Stack.Trace --- (captured by IntelliJ IDEA debugger)
	at java.base/java.util.concurrent.FutureTask.<init>(FutureTask.java:151)
	at java.base/java.util.concurrent.ScheduledThreadPoolExecutor$ScheduledFutureTask.<init>(ScheduledThreadPoolExecutor.java:215)
	at java.base/java.util.concurrent.ScheduledThreadPoolExecutor.schedule(ScheduledThreadPoolExecutor.java:561)
	at com.netflix.discovery.TimedSupervisorTask.run(TimedSupervisorTask.java:99)
	at java.base/java.util.concurrent.Executors$RunnableAdapter.call(Executors.java:539)
	at java.base/java.util.concurrent.FutureTask.run$$$capture(FutureTask.java:264)
	at java.base/java.util.concurrent.FutureTask.run(FutureTask.java)
	at --- Async.Stack.Trace --- (captured by IntelliJ IDEA debugger)
	at java.base/java.util.concurrent.FutureTask.<init>(FutureTask.java:151)
	at java.base/java.util.concurrent.ScheduledThreadPoolExecutor$ScheduledFutureTask.<init>(ScheduledThreadPoolExecutor.java:215)
	at java.base/java.util.concurrent.ScheduledThreadPoolExecutor.schedule(ScheduledThreadPoolExecutor.java:561)
	at com.netflix.discovery.TimedSupervisorTask.run(TimedSupervisorTask.java:99)
	at java.base/java.util.concurrent.Executors$RunnableAdapter.call(Executors.java:539)
	at java.base/java.util.concurrent.FutureTask.run$$$capture(FutureTask.java:264)
	at java.base/java.util.concurrent.FutureTask.run(FutureTask.java)
	at --- Async.Stack.Trace --- (captured by IntelliJ IDEA debugger)
	at java.base/java.util.concurrent.FutureTask.<init>(FutureTask.java:151)
	at java.base/java.util.concurrent.ScheduledThreadPoolExecutor$ScheduledFutureTask.<init>(ScheduledThreadPoolExecutor.java:215)
	at java.base/java.util.concurrent.ScheduledThreadPoolExecutor.schedule(ScheduledThreadPoolExecutor.java:561)
	at com.netflix.discovery.TimedSupervisorTask.run(TimedSupervisorTask.java:99)
	at java.base/java.util.concurrent.Executors$RunnableAdapter.call(Executors.java:539)
	at java.base/java.util.concurrent.FutureTask.run$$$capture(FutureTask.java:264)
	at java.base/java.util.concurrent.FutureTask.run(FutureTask.java)
	at --- Async.Stack.Trace --- (captured by IntelliJ IDEA debugger)
	at java.base/java.util.concurrent.FutureTask.<init>(FutureTask.java:151)
	at java.base/java.util.concurrent.ScheduledThreadPoolExecutor$ScheduledFutureTask.<init>(ScheduledThreadPoolExecutor.java:215)
	at java.base/java.util.concurrent.ScheduledThreadPoolExecutor.schedule(ScheduledThreadPoolExecutor.java:561)
	at com.netflix.discovery.TimedSupervisorTask.run(TimedSupervisorTask.java:99)
	at java.base/java.util.concurrent.Executors$RunnableAdapter.call(Executors.java:539)
	at java.base/java.util.concurrent.FutureTask.run$$$capture(FutureTask.java:264)
	at java.base/java.util.concurrent.FutureTask.run(FutureTask.java)
	at --- Async.Stack.Trace --- (captured by IntelliJ IDEA debugger)
	at java.base/java.util.concurrent.FutureTask.<init>(FutureTask.java:151)
	at java.base/java.util.concurrent.ScheduledThreadPoolExecutor$ScheduledFutureTask.<init>(ScheduledThreadPoolExecutor.java:215)
	at java.base/java.util.concurrent.ScheduledThreadPoolExecutor.schedule(ScheduledThreadPoolExecutor.java:561)
	at com.netflix.discovery.TimedSupervisorTask.run(TimedSupervisorTask.java:99)
	at java.base/java.util.concurrent.Executors$RunnableAdapter.call(Executors.java:539)
	at java.base/java.util.concurrent.FutureTask.run$$$capture(FutureTask.java:264)
	at java.base/java.util.concurrent.FutureTask.run(FutureTask.java)
	at --- Async.Stack.Trace --- (captured by IntelliJ IDEA debugger)
	at java.base/java.util.concurrent.FutureTask.<init>(FutureTask.java:151)
	at java.base/java.util.concurrent.ScheduledThreadPoolExecutor$ScheduledFutureTask.<init>(ScheduledThreadPoolExecutor.java:215)
	at java.base/java.util.concurrent.ScheduledThreadPoolExecutor.schedule(ScheduledThreadPoolExecutor.java:561)
	at com.netflix.discovery.TimedSupervisorTask.run(TimedSupervisorTask.java:99)
	at java.base/java.util.concurrent.Executors$RunnableAdapter.call(Executors.java:539)
	at java.base/java.util.concurrent.FutureTask.run$$$capture(FutureTask.java:264)
	at java.base/java.util.concurrent.FutureTask.run(FutureTask.java)
	at --- Async.Stack.Trace --- (captured by IntelliJ IDEA debugger)
	at java.base/java.util.concurrent.FutureTask.<init>(FutureTask.java:151)
	at java.base/java.util.concurrent.ScheduledThreadPoolExecutor$ScheduledFutureTask.<init>(ScheduledThreadPoolExecutor.java:215)
	at java.base/java.util.concurrent.ScheduledThreadPoolExecutor.schedule(ScheduledThreadPoolExecutor.java:561)
	at com.netflix.discovery.TimedSupervisorTask.run(TimedSupervisorTask.java:99)
	at java.base/java.util.concurrent.Executors$RunnableAdapter.call(Executors.java:539)
	at java.base/java.util.concurrent.FutureTask.run$$$capture(FutureTask.java:264)
	at java.base/java.util.concurrent.FutureTask.run(FutureTask.java)
	at --- Async.Stack.Trace --- (captured by IntelliJ IDEA debugger)
	at java.base/java.util.concurrent.FutureTask.<init>(FutureTask.java:151)
	at java.base/java.util.concurrent.ScheduledThreadPoolExecutor$ScheduledFutureTask.<init>(ScheduledThreadPoolExecutor.java:215)
	at java.base/java.util.concurrent.ScheduledThreadPoolExecutor.schedule(ScheduledThreadPoolExecutor.java:561)
	at com.netflix.discovery.TimedSupervisorTask.run(TimedSupervisorTask.java:99)
	at java.base/java.util.concurrent.Executors$RunnableAdapter.call(Executors.java:539)
	at java.base/java.util.concurrent.FutureTask.run$$$capture(FutureTask.java:264)
	at java.base/java.util.concurrent.FutureTask.run(FutureTask.java)
	at --- Async.Stack.Trace --- (captured by IntelliJ IDEA debugger)
	at java.base/java.util.concurrent.FutureTask.<init>(FutureTask.java:151)
	at java.base/java.util.concurrent.ScheduledThreadPoolExecutor$ScheduledFutureTask.<init>(ScheduledThreadPoolExecutor.java:215)
	at java.base/java.util.concurrent.ScheduledThreadPoolExecutor.schedule(ScheduledThreadPoolExecutor.java:561)
	at com.netflix.discovery.TimedSupervisorTask.run(TimedSupervisorTask.java:99)
	at java.base/java.util.concurrent.Executors$RunnableAdapter.call(Executors.java:539)
	at java.base/java.util.concurrent.FutureTask.run$$$capture(FutureTask.java:264)
	at java.base/java.util.concurrent.FutureTask.run(FutureTask.java)
	at --- Async.Stack.Trace --- (captured by IntelliJ IDEA debugger)
	at java.base/java.util.concurrent.FutureTask.<init>(FutureTask.java:151)
	at java.base/java.util.concurrent.ScheduledThreadPoolExecutor$ScheduledFutureTask.<init>(ScheduledThreadPoolExecutor.java:215)
	at java.base/java.util.concurrent.ScheduledThreadPoolExecutor.schedule(ScheduledThreadPoolExecutor.java:561)
	at com.netflix.discovery.TimedSupervisorTask.run(TimedSupervisorTask.java:99)
	at java.base/java.util.concurrent.Executors$RunnableAdapter.call(Executors.java:539)
	at java.base/java.util.concurrent.FutureTask.run$$$capture(FutureTask.java:264)
	at java.base/java.util.concurrent.FutureTask.run(FutureTask.java)
	at --- Async.Stack.Trace --- (captured by IntelliJ IDEA debugger)
	at java.base/java.util.concurrent.FutureTask.<init>(FutureTask.java:151)
	at java.base/java.util.concurrent.ScheduledThreadPoolExecutor$ScheduledFutureTask.<init>(ScheduledThreadPoolExecutor.java:215)
	at java.base/java.util.concurrent.ScheduledThreadPoolExecutor.schedule(ScheduledThreadPoolExecutor.java:561)
	at com.netflix.discovery.TimedSupervisorTask.run(TimedSupervisorTask.java:99)
	at java.base/java.util.concurrent.Executors$RunnableAdapter.call(Executors.java:539)
	at java.base/java.util.concurrent.FutureTask.run$$$capture(FutureTask.java:264)
	at java.base/java.util.concurrent.FutureTask.run(FutureTask.java)
	at --- Async.Stack.Trace --- (captured by IntelliJ IDEA debugger)
	at java.base/java.util.concurrent.FutureTask.<init>(FutureTask.java:151)
	at java.base/java.util.concurrent.ScheduledThreadPoolExecutor$ScheduledFutureTask.<init>(ScheduledThreadPoolExecutor.java:215)
	at java.base/java.util.concurrent.ScheduledThreadPoolExecutor.schedule(ScheduledThreadPoolExecutor.java:561)
	at com.netflix.discovery.TimedSupervisorTask.run(TimedSupervisorTask.java:99)
	at java.base/java.util.concurrent.Executors$RunnableAdapter.call(Executors.java:539)
	at java.base/java.util.concurrent.FutureTask.run$$$capture(FutureTask.java:264)
	at java.base/java.util.concurrent.FutureTask.run(FutureTask.java)
	at --- Async.Stack.Trace --- (captured by IntelliJ IDEA debugger)
	at java.base/java.util.concurrent.FutureTask.<init>(FutureTask.java:151)
	at java.base/java.util.concurrent.ScheduledThreadPoolExecutor$ScheduledFutureTask.<init>(ScheduledThreadPoolExecutor.java:215)
	at java.base/java.util.concurrent.ScheduledThreadPoolExecutor.schedule(ScheduledThreadPoolExecutor.java:561)
	at com.netflix.discovery.TimedSupervisorTask.run(TimedSupervisorTask.java:99)
	at java.base/java.util.concurrent.Executors$RunnableAdapter.call(Executors.java:539)
	at java.base/java.util.concurrent.FutureTask.run$$$capture(FutureTask.java:264)
	at java.base/java.util.concurrent.FutureTask.run(FutureTask.java)
	at --- Async.Stack.Trace --- (captured by IntelliJ IDEA debugger)
	at java.base/java.util.concurrent.FutureTask.<init>(FutureTask.java:151)
	at java.base/java.util.concurrent.ScheduledThreadPoolExecutor$ScheduledFutureTask.<init>(ScheduledThreadPoolExecutor.java:215)
	at java.base/java.util.concurrent.ScheduledThreadPoolExecutor.schedule(ScheduledThreadPoolExecutor.java:561)
	at com.netflix.discovery.TimedSupervisorTask.run(TimedSupervisorTask.java:99)
	at java.base/java.util.concurrent.Executors$RunnableAdapter.call(Executors.java:539)
	at java.base/java.util.concurrent.FutureTask.run$$$capture(FutureTask.java:264)
	at java.base/java.util.concurrent.FutureTask.run(FutureTask.java)
	at --- Async.Stack.Trace --- (captured by IntelliJ IDEA debugger)
	at java.base/java.util.concurrent.FutureTask.<init>(FutureTask.java:151)
	at java.base/java.util.concurrent.ScheduledThreadPoolExecutor$ScheduledFutureTask.<init>(ScheduledThreadPoolExecutor.java:215)
	at java.base/java.util.concurrent.ScheduledThreadPoolExecutor.schedule(ScheduledThreadPoolExecutor.java:561)
	at com.netflix.discovery.TimedSupervisorTask.run(TimedSupervisorTask.java:99)
	at java.base/java.util.concurrent.Executors$RunnableAdapter.call(Executors.java:539)
	at java.base/java.util.concurrent.FutureTask.run$$$capture(FutureTask.java:264)
	at java.base/java.util.concurrent.FutureTask.run(FutureTask.java)
	at --- Async.Stack.Trace --- (captured by IntelliJ IDEA debugger)
	at java.base/java.util.concurrent.FutureTask.<init>(FutureTask.java:151)
	at java.base/java.util.concurrent.ScheduledThreadPoolExecutor$ScheduledFutureTask.<init>(ScheduledThreadPoolExecutor.java:215)
	at java.base/java.util.concurrent.ScheduledThreadPoolExecutor.schedule(ScheduledThreadPoolExecutor.java:561)
	at com.netflix.discovery.TimedSupervisorTask.run(TimedSupervisorTask.java:99)
	at java.base/java.util.concurrent.Executors$RunnableAdapter.call(Executors.java:539)
	at java.base/java.util.concurrent.FutureTask.run$$$capture(FutureTask.java:264)
	at java.base/java.util.concurrent.FutureTask.run(FutureTask.java)
	at --- Async.Stack.Trace --- (captured by IntelliJ IDEA debugger)
	at java.base/java.util.concurrent.FutureTask.<init>(FutureTask.java:151)
	at java.base/java.util.concurrent.ScheduledThreadPoolExecutor$ScheduledFutureTask.<init>(ScheduledThreadPoolExecutor.java:215)
	at java.base/java.util.concurrent.ScheduledThreadPoolExecutor.schedule(ScheduledThreadPoolExecutor.java:561)
	at com.netflix.discovery.TimedSupervisorTask.run(TimedSupervisorTask.java:99)
	at java.base/java.util.concurrent.Executors$RunnableAdapter.call(Executors.java:539)
	at java.base/java.util.concurrent.FutureTask.run$$$capture(FutureTask.java:264)
	at java.base/java.util.concurrent.FutureTask.run(FutureTask.java)
	at --- Async.Stack.Trace --- (captured by IntelliJ IDEA debugger)
	at java.base/java.util.concurrent.FutureTask.<init>(FutureTask.java:151)
	at java.base/java.util.concurrent.ScheduledThreadPoolExecutor$ScheduledFutureTask.<init>(ScheduledThreadPoolExecutor.java:215)
	at java.base/java.util.concurrent.ScheduledThreadPoolExecutor.schedule(ScheduledThreadPoolExecutor.java:561)
	at com.netflix.discovery.TimedSupervisorTask.run(TimedSupervisorTask.java:99)
	at java.base/java.util.concurrent.Executors$RunnableAdapter.call(Executors.java:539)
	at java.base/java.util.concurrent.FutureTask.run$$$capture(FutureTask.java:264)
	at java.base/java.util.concurrent.FutureTask.run(FutureTask.java)
	at --- Async.Stack.Trace --- (captured by IntelliJ IDEA debugger)
	at java.base/java.util.concurrent.FutureTask.<init>(FutureTask.java:151)
	at java.base/java.util.concurrent.ScheduledThreadPoolExecutor$ScheduledFutureTask.<init>(ScheduledThreadPoolExecutor.java:215)
	at java.base/java.util.concurrent.ScheduledThreadPoolExecutor.schedule(ScheduledThreadPoolExecutor.java:561)
	at com.netflix.discovery.TimedSupervisorTask.run(TimedSupervisorTask.java:99)
	at java.base/java.util.concurrent.Executors$RunnableAdapter.call(Executors.java:539)
	at java.base/java.util.concurrent.FutureTask.run$$$capture(FutureTask.java:264)
	at java.base/java.util.concurrent.FutureTask.run(FutureTask.java)
	at --- Async.Stack.Trace --- (captured by IntelliJ IDEA debugger)
	at java.base/java.util.concurrent.FutureTask.<init>(FutureTask.java:151)
	at java.base/java.util.concurrent.ScheduledThreadPoolExecutor$ScheduledFutureTask.<init>(ScheduledThreadPoolExecutor.java:215)
	at java.base/java.util.concurrent.ScheduledThreadPoolExecutor.schedule(ScheduledThreadPoolExecutor.java:561)
	at com.netflix.discovery.TimedSupervisorTask.run(TimedSupervisorTask.java:99)
	at java.base/java.util.concurrent.Executors$RunnableAdapter.call(Executors.java:539)
	at java.base/java.util.concurrent.FutureTask.run$$$capture(FutureTask.java:264)
	at java.base/java.util.concurrent.FutureTask.run(FutureTask.java)
	at --- Async.Stack.Trace --- (captured by IntelliJ IDEA debugger)
	at java.base/java.util.concurrent.FutureTask.<init>(FutureTask.java:151)
	at java.base/java.util.concurrent.ScheduledThreadPoolExecutor$ScheduledFutureTask.<init>(ScheduledThreadPoolExecutor.java:215)
	at java.base/java.util.concurrent.ScheduledThreadPoolExecutor.schedule(ScheduledThreadPoolExecutor.java:561)
	at com.netflix.discovery.TimedSupervisorTask.run(TimedSupervisorTask.java:99)
	at java.base/java.util.concurrent.Executors$RunnableAdapter.call(Executors.java:539)
	at java.base/java.util.concurrent.FutureTask.run$$$capture(FutureTask.java:264)
	at java.base/java.util.concurrent.FutureTask.run(FutureTask.java)
	at --- Async.Stack.Trace --- (captured by IntelliJ IDEA debugger)
	at java.base/java.util.concurrent.FutureTask.<init>(FutureTask.java:151)
	at java.base/java.util.concurrent.ScheduledThreadPoolExecutor$ScheduledFutureTask.<init>(ScheduledThreadPoolExecutor.java:215)
	at java.base/java.util.concurrent.ScheduledThreadPoolExecutor.schedule(ScheduledThreadPoolExecutor.java:561)
	at com.netflix.discovery.TimedSupervisorTask.run(TimedSupervisorTask.java:99)
	at java.base/java.util.concurrent.Executors$RunnableAdapter.call(Executors.java:539)
	at java.base/java.util.concurrent.FutureTask.run$$$capture(FutureTask.java:264)
	at java.base/java.util.concurrent.FutureTask.run(FutureTask.java)
	at --- Async.Stack.Trace --- (captured by IntelliJ IDEA debugger)
	at java.base/java.util.concurrent.FutureTask.<init>(FutureTask.java:151)
	at java.base/java.util.concurrent.ScheduledThreadPoolExecutor$ScheduledFutureTask.<init>(ScheduledThreadPoolExecutor.java:215)
	at java.base/java.util.concurrent.ScheduledThreadPoolExecutor.schedule(ScheduledThreadPoolExecutor.java:561)
	at com.netflix.discovery.TimedSupervisorTask.run(TimedSupervisorTask.java:99)
	at java.base/java.util.concurrent.Executors$RunnableAdapter.call(Executors.java:539)
	at java.base/java.util.concurrent.FutureTask.run$$$capture(FutureTask.java:264)
	at java.base/java.util.concurrent.FutureTask.run(FutureTask.java)
	at --- Async.Stack.Trace --- (captured by IntelliJ IDEA debugger)
	at java.base/java.util.concurrent.FutureTask.<init>(FutureTask.java:151)
	at java.base/java.util.concurrent.ScheduledThreadPoolExecutor$ScheduledFutureTask.<init>(ScheduledThreadPoolExecutor.java:215)
	at java.base/java.util.concurrent.ScheduledThreadPoolExecutor.schedule(ScheduledThreadPoolExecutor.java:561)
	at com.netflix.discovery.TimedSupervisorTask.run(TimedSupervisorTask.java:99)
	at java.base/java.util.concurrent.Executors$RunnableAdapter.call(Executors.java:539)
	at java.base/java.util.concurrent.FutureTask.run$$$capture(FutureTask.java:264)
	at java.base/java.util.concurrent.FutureTask.run(FutureTask.java)
	at --- Async.Stack.Trace --- (captured by IntelliJ IDEA debugger)
	at java.base/java.util.concurrent.FutureTask.<init>(FutureTask.java:151)
	at java.base/java.util.concurrent.ScheduledThreadPoolExecutor$ScheduledFutureTask.<init>(ScheduledThreadPoolExecutor.java:215)
	at java.base/java.util.concurrent.ScheduledThreadPoolExecutor.schedule(ScheduledThreadPoolExecutor.java:561)
	at com.netflix.discovery.TimedSupervisorTask.run(TimedSupervisorTask.java:99)
	at java.base/java.util.concurrent.Executors$RunnableAdapter.call(Executors.java:539)
	at java.base/java.util.concurrent.FutureTask.run$$$capture(FutureTask.java:264)
	at java.base/java.util.concurrent.FutureTask.run(FutureTask.java)
	at --- Async.Stack.Trace --- (captured by IntelliJ IDEA debugger)
	at java.base/java.util.concurrent.FutureTask.<init>(FutureTask.java:151)
	at java.base/java.util.concurrent.ScheduledThreadPoolExecutor$ScheduledFutureTask.<init>(ScheduledThreadPoolExecutor.java:215)
	at java.base/java.util.concurrent.ScheduledThreadPoolExecutor.schedule(ScheduledThreadPoolExecutor.java:561)
	at com.netflix.discovery.TimedSupervisorTask.run(TimedSupervisorTask.java:99)
	at java.base/java.util.concurrent.Executors$RunnableAdapter.call(Executors.java:539)
	at java.base/java.util.concurrent.FutureTask.run$$$capture(FutureTask.java:264)
	at java.base/java.util.concurrent.FutureTask.run(FutureTask.java)
	at --- Async.Stack.Trace --- (captured by IntelliJ IDEA debugger)
	at java.base/java.util.concurrent.FutureTask.<init>(FutureTask.java:151)
	at java.base/java.util.concurrent.ScheduledThreadPoolExecutor$ScheduledFutureTask.<init>(ScheduledThreadPoolExecutor.java:215)
	at java.base/java.util.concurrent.ScheduledThreadPoolExecutor.schedule(ScheduledThreadPoolExecutor.java:561)
	at com.netflix.discovery.TimedSupervisorTask.run(TimedSupervisorTask.java:99)
	at java.base/java.util.concurrent.Executors$RunnableAdapter.call(Executors.java:539)
	at java.base/java.util.concurrent.FutureTask.run$$$capture(FutureTask.java:264)
	at java.base/java.util.concurrent.FutureTask.run(FutureTask.java)
	at --- Async.Stack.Trace --- (captured by IntelliJ IDEA debugger)
	at java.base/java.util.concurrent.FutureTask.<init>(FutureTask.java:151)
	at java.base/java.util.concurrent.ScheduledThreadPoolExecutor$ScheduledFutureTask.<init>(ScheduledThreadPoolExecutor.java:215)
	at java.base/java.util.concurrent.ScheduledThreadPoolExecutor.schedule(ScheduledThreadPoolExecutor.java:561)
	at com.netflix.discovery.TimedSupervisorTask.run(TimedSupervisorTask.java:99)
	at java.base/java.util.concurrent.Executors$RunnableAdapter.call(Executors.java:539)
	at java.base/java.util.concurrent.FutureTask.run$$$capture(FutureTask.java:264)
	at java.base/java.util.concurrent.FutureTask.run(FutureTask.java)
	at --- Async.Stack.Trace --- (captured by IntelliJ IDEA debugger)
	at java.base/java.util.concurrent.FutureTask.<init>(FutureTask.java:151)
	at java.base/java.util.concurrent.ScheduledThreadPoolExecutor$ScheduledFutureTask.<init>(ScheduledThreadPoolExecutor.java:215)
	at java.base/java.util.concurrent.ScheduledThreadPoolExecutor.schedule(ScheduledThreadPoolExecutor.java:561)
	at com.netflix.discovery.TimedSupervisorTask.run(TimedSupervisorTask.java:99)
	at java.base/java.util.concurrent.Executors$RunnableAdapter.call(Executors.java:539)
	at java.base/java.util.concurrent.FutureTask.run$$$capture(FutureTask.java:264)
	at java.base/java.util.concurrent.FutureTask.run(FutureTask.java)
	at --- Async.Stack.Trace --- (captured by IntelliJ IDEA debugger)
	at java.base/java.util.concurrent.FutureTask.<init>(FutureTask.java:151)
	at java.base/java.util.concurrent.ScheduledThreadPoolExecutor$ScheduledFutureTask.<init>(ScheduledThreadPoolExecutor.java:215)
	at java.base/java.util.concurrent.ScheduledThreadPoolExecutor.schedule(ScheduledThreadPoolExecutor.java:561)
	at com.netflix.discovery.TimedSupervisorTask.run(TimedSupervisorTask.java:99)
	at java.base/java.util.concurrent.Executors$RunnableAdapter.call(Executors.java:539)
	at java.base/java.util.concurrent.FutureTask.run$$$capture(FutureTask.java:264)
	at java.base/java.util.concurrent.FutureTask.run(FutureTask.java)
	at --- Async.Stack.Trace --- (captured by IntelliJ IDEA debugger)
	at java.base/java.util.concurrent.FutureTask.<init>(FutureTask.java:151)
	at java.base/java.util.concurrent.ScheduledThreadPoolExecutor$ScheduledFutureTask.<init>(ScheduledThreadPoolExecutor.java:215)
	at java.base/java.util.concurrent.ScheduledThreadPoolExecutor.schedule(ScheduledThreadPoolExecutor.java:561)
	at com.netflix.discovery.TimedSupervisorTask.run(TimedSupervisorTask.java:99)
	at java.base/java.util.concurrent.Executors$RunnableAdapter.call(Executors.java:539)
	at java.base/java.util.concurrent.FutureTask.run$$$capture(FutureTask.java:264)
	at java.base/java.util.concurrent.FutureTask.run(FutureTask.java)
	at --- Async.Stack.Trace --- (captured by IntelliJ IDEA debugger)
	at java.base/java.util.concurrent.FutureTask.<init>(FutureTask.java:151)
	at java.base/java.util.concurrent.ScheduledThreadPoolExecutor$ScheduledFutureTask.<init>(ScheduledThreadPoolExecutor.java:215)
	at java.base/java.util.concurrent.ScheduledThreadPoolExecutor.schedule(ScheduledThreadPoolExecutor.java:561)
	at com.netflix.discovery.TimedSupervisorTask.run(TimedSupervisorTask.java:99)
	at java.base/java.util.concurrent.Executors$RunnableAdapter.call(Executors.java:539)
	at java.base/java.util.concurrent.FutureTask.run$$$capture(FutureTask.java:264)
	at java.base/java.util.concurrent.FutureTask.run(FutureTask.java)
	at --- Async.Stack.Trace --- (captured by IntelliJ IDEA debugger)
	at java.base/java.util.concurrent.FutureTask.<init>(FutureTask.java:151)
	at java.base/java.util.concurrent.ScheduledThreadPoolExecutor$ScheduledFutureTask.<init>(ScheduledThreadPoolExecutor.java:215)
	at java.base/java.util.concurrent.ScheduledThreadPoolExecutor.schedule(ScheduledThreadPoolExecutor.java:561)
	at com.netflix.discovery.TimedSupervisorTask.run(TimedSupervisorTask.java:99)
	at java.base/java.util.concurrent.Executors$RunnableAdapter.call(Executors.java:539)
	at java.base/java.util.concurrent.FutureTask.run$$$capture(FutureTask.java:264)
	at java.base/java.util.concurrent.FutureTask.run(FutureTask.java)
	at --- Async.Stack.Trace --- (captured by IntelliJ IDEA debugger)
	at java.base/java.util.concurrent.FutureTask.<init>(FutureTask.java:151)
	at java.base/java.util.concurrent.ScheduledThreadPoolExecutor$ScheduledFutureTask.<init>(ScheduledThreadPoolExecutor.java:215)
	at java.base/java.util.concurrent.ScheduledThreadPoolExecutor.schedule(ScheduledThreadPoolExecutor.java:561)
	at com.netflix.discovery.TimedSupervisorTask.run(TimedSupervisorTask.java:99)
	at java.base/java.util.concurrent.Executors$RunnableAdapter.call(Executors.java:539)
	at java.base/java.util.concurrent.FutureTask.run$$$capture(FutureTask.java:264)
	at java.base/java.util.concurrent.FutureTask.run(FutureTask.java)
	at --- Async.Stack.Trace --- (captured by IntelliJ IDEA debugger)
	at java.base/java.util.concurrent.FutureTask.<init>(FutureTask.java:151)
	at java.base/java.util.concurrent.ScheduledThreadPoolExecutor$ScheduledFutureTask.<init>(ScheduledThreadPoolExecutor.java:215)
	at java.base/java.util.concurrent.ScheduledThreadPoolExecutor.schedule(ScheduledThreadPoolExecutor.java:561)
	at com.netflix.discovery.TimedSupervisorTask.run(TimedSupervisorTask.java:99)
	at java.base/java.util.concurrent.Executors$RunnableAdapter.call(Executors.java:539)
	at java.base/java.util.concurrent.FutureTask.run$$$capture(FutureTask.java:264)
	at java.base/java.util.concurrent.FutureTask.run(FutureTask.java)
	at --- Async.Stack.Trace --- (captured by IntelliJ IDEA debugger)
	at java.base/java.util.concurrent.FutureTask.<init>(FutureTask.java:151)
	at java.base/java.util.concurrent.ScheduledThreadPoolExecutor$ScheduledFutureTask.<init>(ScheduledThreadPoolExecutor.java:215)
	at java.base/java.util.concurrent.ScheduledThreadPoolExecutor.schedule(ScheduledThreadPoolExecutor.java:561)
	at com.netflix.discovery.TimedSupervisorTask.run(TimedSupervisorTask.java:99)
	at java.base/java.util.concurrent.Executors$RunnableAdapter.call(Executors.java:539)
	at java.base/java.util.concurrent.FutureTask.run$$$capture(FutureTask.java:264)
	at java.base/java.util.concurrent.FutureTask.run(FutureTask.java)
	at --- Async.Stack.Trace --- (captured by IntelliJ IDEA debugger)
	at java.base/java.util.concurrent.FutureTask.<init>(FutureTask.java:151)
	at java.base/java.util.concurrent.ScheduledThreadPoolExecutor$ScheduledFutureTask.<init>(ScheduledThreadPoolExecutor.java:215)
	at java.base/java.util.concurrent.ScheduledThreadPoolExecutor.schedule(ScheduledThreadPoolExecutor.java:561)
	at com.netflix.discovery.TimedSupervisorTask.run(TimedSupervisorTask.java:99)
	at java.base/java.util.concurrent.Executors$RunnableAdapter.call(Executors.java:539)
	at java.base/java.util.concurrent.FutureTask.run$$$capture(FutureTask.java:264)
	at java.base/java.util.concurrent.FutureTask.run(FutureTask.java)
	at --- Async.Stack.Trace --- (captured by IntelliJ IDEA debugger)
	at java.base/java.util.concurrent.FutureTask.<init>(FutureTask.java:151)
	at java.base/java.util.concurrent.ScheduledThreadPoolExecutor$ScheduledFutureTask.<init>(ScheduledThreadPoolExecutor.java:215)
	at java.base/java.util.concurrent.ScheduledThreadPoolExecutor.schedule(ScheduledThreadPoolExecutor.java:561)
	at com.netflix.discovery.TimedSupervisorTask.run(TimedSupervisorTask.java:99)
	at java.base/java.util.concurrent.Executors$RunnableAdapter.call(Executors.java:539)
	at java.base/java.util.concurrent.FutureTask.run$$$capture(FutureTask.java:264)
	at java.base/java.util.concurrent.FutureTask.run(FutureTask.java)
	at --- Async.Stack.Trace --- (captured by IntelliJ IDEA debugger)
	at java.base/java.util.concurrent.FutureTask.<init>(FutureTask.java:151)
	at java.base/java.util.concurrent.ScheduledThreadPoolExecutor$ScheduledFutureTask.<init>(ScheduledThreadPoolExecutor.java:215)
	at java.base/java.util.concurrent.ScheduledThreadPoolExecutor.schedule(ScheduledThreadPoolExecutor.java:561)
	at com.netflix.discovery.TimedSupervisorTask.run(TimedSupervisorTask.java:99)
	at java.base/java.util.concurrent.Executors$RunnableAdapter.call(Executors.java:539)
	at java.base/java.util.concurrent.FutureTask.run$$$capture(FutureTask.java:264)
	at java.base/java.util.concurrent.FutureTask.run(FutureTask.java)
	at --- Async.Stack.Trace --- (captured by IntelliJ IDEA debugger)
	at java.base/java.util.concurrent.FutureTask.<init>(FutureTask.java:151)
	at java.base/java.util.concurrent.ScheduledThreadPoolExecutor$ScheduledFutureTask.<init>(ScheduledThreadPoolExecutor.java:215)
	at java.base/java.util.concurrent.ScheduledThreadPoolExecutor.schedule(ScheduledThreadPoolExecutor.java:561)
	at com.netflix.discovery.TimedSupervisorTask.run(TimedSupervisorTask.java:99)
	at java.base/java.util.concurrent.Executors$RunnableAdapter.call(Executors.java:539)
	at java.base/java.util.concurrent.FutureTask.run$$$capture(FutureTask.java:264)
	at java.base/java.util.concurrent.FutureTask.run(FutureTask.java)
	at --- Async.Stack.Trace --- (captured by IntelliJ IDEA debugger)
	at java.base/java.util.concurrent.FutureTask.<init>(FutureTask.java:151)
	at java.base/java.util.concurrent.ScheduledThreadPoolExecutor$ScheduledFutureTask.<init>(ScheduledThreadPoolExecutor.java:215)
	at java.base/java.util.concurrent.ScheduledThreadPoolExecutor.schedule(ScheduledThreadPoolExecutor.java:561)
	at com.netflix.discovery.TimedSupervisorTask.run(TimedSupervisorTask.java:99)
	at java.base/java.util.concurrent.Executors$RunnableAdapter.call(Executors.java:539)
	at java.base/java.util.concurrent.FutureTask.run$$$capture(FutureTask.java:264)
	at java.base/java.util.concurrent.FutureTask.run(FutureTask.java)
	at --- Async.Stack.Trace --- (captured by IntelliJ IDEA debugger)
	at java.base/java.util.concurrent.FutureTask.<init>(FutureTask.java:151)
	at java.base/java.util.concurrent.ScheduledThreadPoolExecutor$ScheduledFutureTask.<init>(ScheduledThreadPoolExecutor.java:215)
	at java.base/java.util.concurrent.ScheduledThreadPoolExecutor.schedule(ScheduledThreadPoolExecutor.java:561)
	at com.netflix.discovery.TimedSupervisorTask.run(TimedSupervisorTask.java:99)
	at java.base/java.util.concurrent.Executors$RunnableAdapter.call(Executors.java:539)
	at java.base/java.util.concurrent.FutureTask.run$$$capture(FutureTask.java:264)
	at java.base/java.util.concurrent.FutureTask.run(FutureTask.java)
	at --- Async.Stack.Trace --- (captured by IntelliJ IDEA debugger)
	at java.base/java.util.concurrent.FutureTask.<init>(FutureTask.java:151)
	at java.base/java.util.concurrent.ScheduledThreadPoolExecutor$ScheduledFutureTask.<init>(ScheduledThreadPoolExecutor.java:215)
	at java.base/java.util.concurrent.ScheduledThreadPoolExecutor.schedule(ScheduledThreadPoolExecutor.java:561)
	at com.netflix.discovery.TimedSupervisorTask.run(TimedSupervisorTask.java:99)
	at java.base/java.util.concurrent.Executors$RunnableAdapter.call(Executors.java:539)
	at java.base/java.util.concurrent.FutureTask.run$$$capture(FutureTask.java:264)
	at java.base/java.util.concurrent.FutureTask.run(FutureTask.java)
	at --- Async.Stack.Trace --- (captured by IntelliJ IDEA debugger)
	at java.base/java.util.concurrent.FutureTask.<init>(FutureTask.java:151)
	at java.base/java.util.concurrent.ScheduledThreadPoolExecutor$ScheduledFutureTask.<init>(ScheduledThreadPoolExecutor.java:215)
	at java.base/java.util.concurrent.ScheduledThreadPoolExecutor.schedule(ScheduledThreadPoolExecutor.java:561)
	at com.netflix.discovery.TimedSupervisorTask.run(TimedSupervisorTask.java:99)
	at java.base/java.util.concurrent.Executors$RunnableAdapter.call(Executors.java:539)
	at java.base/java.util.concurrent.FutureTask.run$$$capture(FutureTask.java:264)
	at java.base/java.util.concurrent.FutureTask.run(FutureTask.java)
	at --- Async.Stack.Trace --- (captured by IntelliJ IDEA debugger)
	at java.base/java.util.concurrent.FutureTask.<init>(FutureTask.java:151)
	at java.base/java.util.concurrent.ScheduledThreadPoolExecutor$ScheduledFutureTask.<init>(ScheduledThreadPoolExecutor.java:215)
	at java.base/java.util.concurrent.ScheduledThreadPoolExecutor.schedule(ScheduledThreadPoolExecutor.java:561)
	at com.netflix.discovery.TimedSupervisorTask.run(TimedSupervisorTask.java:99)
	at java.base/java.util.concurrent.Executors$RunnableAdapter.call(Executors.java:539)
	at java.base/java.util.concurrent.FutureTask.run$$$capture(FutureTask.java:264)
	at java.base/java.util.concurrent.FutureTask.run(FutureTask.java)
	at --- Async.Stack.Trace --- (captured by IntelliJ IDEA debugger)
	at java.base/java.util.concurrent.FutureTask.<init>(FutureTask.java:151)
	at java.base/java.util.concurrent.ScheduledThreadPoolExecutor$ScheduledFutureTask.<init>(ScheduledThreadPoolExecutor.java:215)
	at java.base/java.util.concurrent.ScheduledThreadPoolExecutor.schedule(ScheduledThreadPoolExecutor.java:561)
	at com.netflix.discovery.TimedSupervisorTask.run(TimedSupervisorTask.java:99)
	at java.base/java.util.concurrent.Executors$RunnableAdapter.call(Executors.java:539)
	at java.base/java.util.concurrent.FutureTask.run$$$capture(FutureTask.java:264)
	at java.base/java.util.concurrent.FutureTask.run(FutureTask.java)
	at --- Async.Stack.Trace --- (captured by IntelliJ IDEA debugger)
	at java.base/java.util.concurrent.FutureTask.<init>(FutureTask.java:151)
	at java.base/java.util.concurrent.ScheduledThreadPoolExecutor$ScheduledFutureTask.<init>(ScheduledThreadPoolExecutor.java:215)
	at java.base/java.util.concurrent.ScheduledThreadPoolExecutor.schedule(ScheduledThreadPoolExecutor.java:561)
	at com.netflix.discovery.TimedSupervisorTask.run(TimedSupervisorTask.java:99)
	at java.base/java.util.concurrent.Executors$RunnableAdapter.call(Executors.java:539)
	at java.base/java.util.concurrent.FutureTask.run$$$capture(FutureTask.java:264)
	at java.base/java.util.concurrent.FutureTask.run(FutureTask.java)
	at --- Async.Stack.Trace --- (captured by IntelliJ IDEA debugger)
	at java.base/java.util.concurrent.FutureTask.<init>(FutureTask.java:151)
	at java.base/java.util.concurrent.ScheduledThreadPoolExecutor$ScheduledFutureTask.<init>(ScheduledThreadPoolExecutor.java:215)
	at java.base/java.util.concurrent.ScheduledThreadPoolExecutor.schedule(ScheduledThreadPoolExecutor.java:561)
	at com.netflix.discovery.TimedSupervisorTask.run(TimedSupervisorTask.java:99)
	at java.base/java.util.concurrent.Executors$RunnableAdapter.call(Executors.java:539)
	at java.base/java.util.concurrent.FutureTask.run$$$capture(FutureTask.java:264)
	at java.base/java.util.concurrent.FutureTask.run(FutureTask.java)
	at --- Async.Stack.Trace --- (captured by IntelliJ IDEA debugger)
	at java.base/java.util.concurrent.FutureTask.<init>(FutureTask.java:151)
	at java.base/java.util.concurrent.ScheduledThreadPoolExecutor$ScheduledFutureTask.<init>(ScheduledThreadPoolExecutor.java:215)
	at java.base/java.util.concurrent.ScheduledThreadPoolExecutor.schedule(ScheduledThreadPoolExecutor.java:561)
	at com.netflix.discovery.TimedSupervisorTask.run(TimedSupervisorTask.java:99)
	at java.base/java.util.concurrent.Executors$RunnableAdapter.call(Executors.java:539)
	at java.base/java.util.concurrent.FutureTask.run$$$capture(FutureTask.java:264)
	at java.base/java.util.concurrent.FutureTask.run(FutureTask.java)
	at --- Async.Stack.Trace --- (captured by IntelliJ IDEA debugger)
	at java.base/java.util.concurrent.FutureTask.<init>(FutureTask.java:151)
	at java.base/java.util.concurrent.ScheduledThreadPoolExecutor$ScheduledFutureTask.<init>(ScheduledThreadPoolExecutor.java:215)
	at java.base/java.util.concurrent.ScheduledThreadPoolExecutor.schedule(ScheduledThreadPoolExecutor.java:561)
	at com.netflix.discovery.TimedSupervisorTask.run(TimedSupervisorTask.java:99)
	at java.base/java.util.concurrent.Executors$RunnableAdapter.call(Executors.java:539)
	at java.base/java.util.concurrent.FutureTask.run$$$capture(FutureTask.java:264)
	at java.base/java.util.concurrent.FutureTask.run(FutureTask.java)
	at --- Async.Stack.Trace --- (captured by IntelliJ IDEA debugger)
	at java.base/java.util.concurrent.FutureTask.<init>(FutureTask.java:151)
	at java.base/java.util.concurrent.ScheduledThreadPoolExecutor$ScheduledFutureTask.<init>(ScheduledThreadPoolExecutor.java:215)
	at java.base/java.util.concurrent.ScheduledThreadPoolExecutor.schedule(ScheduledThreadPoolExecutor.java:561)
	at com.netflix.discovery.TimedSupervisorTask.run(TimedSupervisorTask.java:99)
	at java.base/java.util.concurrent.Executors$RunnableAdapter.call(Executors.java:539)
	at java.base/java.util.concurrent.FutureTask.run$$$capture(FutureTask.java:264)
	at java.base/java.util.concurrent.FutureTask.run(FutureTask.java)
	at --- Async.Stack.Trace --- (captured by IntelliJ IDEA debugger)
	at java.base/java.util.concurrent.FutureTask.<init>(FutureTask.java:151)
	at java.base/java.util.concurrent.ScheduledThreadPoolExecutor$ScheduledFutureTask.<init>(ScheduledThreadPoolExecutor.java:215)
	at java.base/java.util.concurrent.ScheduledThreadPoolExecutor.schedule(ScheduledThreadPoolExecutor.java:561)
	at com.netflix.discovery.TimedSupervisorTask.run(TimedSupervisorTask.java:99)
	at java.base/java.util.concurrent.Executors$RunnableAdapter.call(Executors.java:539)
	at java.base/java.util.concurrent.FutureTask.run$$$capture(FutureTask.java:264)
	at java.base/java.util.concurrent.FutureTask.run(FutureTask.java)
	at --- Async.Stack.Trace --- (captured by IntelliJ IDEA debugger)
	at java.base/java.util.concurrent.FutureTask.<init>(FutureTask.java:151)
	at java.base/java.util.concurrent.ScheduledThreadPoolExecutor$ScheduledFutureTask.<init>(ScheduledThreadPoolExecutor.java:215)
	at java.base/java.util.concurrent.ScheduledThreadPoolExecutor.schedule(ScheduledThreadPoolExecutor.java:561)
	at com.netflix.discovery.TimedSupervisorTask.run(TimedSupervisorTask.java:99)
	at java.base/java.util.concurrent.Executors$RunnableAdapter.call(Executors.java:539)
	at java.base/java.util.concurrent.FutureTask.run$$$capture(FutureTask.java:264)
	at java.base/java.util.concurrent.FutureTask.run(FutureTask.java)
	at --- Async.Stack.Trace --- (captured by IntelliJ IDEA debugger)
	at java.base/java.util.concurrent.FutureTask.<init>(FutureTask.java:151)
	at java.base/java.util.concurrent.ScheduledThreadPoolExecutor$ScheduledFutureTask.<init>(ScheduledThreadPoolExecutor.java:215)
	at java.base/java.util.concurrent.ScheduledThreadPoolExecutor.schedule(ScheduledThreadPoolExecutor.java:561)
	at com.netflix.discovery.TimedSupervisorTask.run(TimedSupervisorTask.java:99)
	at java.base/java.util.concurrent.Executors$RunnableAdapter.call(Executors.java:539)
	at java.base/java.util.concurrent.FutureTask.run$$$capture(FutureTask.java:264)
	at java.base/java.util.concurrent.FutureTask.run(FutureTask.java)
	at --- Async.Stack.Trace --- (captured by IntelliJ IDEA debugger)
	at java.base/java.util.concurrent.FutureTask.<init>(FutureTask.java:151)
	at java.base/java.util.concurrent.ScheduledThreadPoolExecutor$ScheduledFutureTask.<init>(ScheduledThreadPoolExecutor.java:215)
	at java.base/java.util.concurrent.ScheduledThreadPoolExecutor.schedule(ScheduledThreadPoolExecutor.java:561)
	at com.netflix.discovery.TimedSupervisorTask.run(TimedSupervisorTask.java:99)
	at java.base/java.util.concurrent.Executors$RunnableAdapter.call(Executors.java:539)
	at java.base/java.util.concurrent.FutureTask.run$$$capture(FutureTask.java:264)
	at java.base/java.util.concurrent.FutureTask.run(FutureTask.java)
	at --- Async.Stack.Trace --- (captured by IntelliJ IDEA debugger)
	at java.base/java.util.concurrent.FutureTask.<init>(FutureTask.java:151)
	at java.base/java.util.concurrent.ScheduledThreadPoolExecutor$ScheduledFutureTask.<init>(ScheduledThreadPoolExecutor.java:215)
	at java.base/java.util.concurrent.ScheduledThreadPoolExecutor.schedule(ScheduledThreadPoolExecutor.java:561)
	at com.netflix.discovery.TimedSupervisorTask.run(TimedSupervisorTask.java:99)
	at java.base/java.util.concurrent.Executors$RunnableAdapter.call(Executors.java:539)
	at java.base/java.util.concurrent.FutureTask.run$$$capture(FutureTask.java:264)
	at java.base/java.util.concurrent.FutureTask.run(FutureTask.java)
	at --- Async.Stack.Trace --- (captured by IntelliJ IDEA debugger)
	at java.base/java.util.concurrent.FutureTask.<init>(FutureTask.java:151)
	at java.base/java.util.concurrent.ScheduledThreadPoolExecutor$ScheduledFutureTask.<init>(ScheduledThreadPoolExecutor.java:215)
	at java.base/java.util.concurrent.ScheduledThreadPoolExecutor.schedule(ScheduledThreadPoolExecutor.java:561)
	at com.netflix.discovery.TimedSupervisorTask.run(TimedSupervisorTask.java:99)
	at java.base/java.util.concurrent.Executors$RunnableAdapter.call(Executors.java:539)
	at java.base/java.util.concurrent.FutureTask.run$$$capture(FutureTask.java:264)
	at java.base/java.util.concurrent.FutureTask.run(FutureTask.java)
	at --- Async.Stack.Trace --- (captured by IntelliJ IDEA debugger)
	at java.base/java.util.concurrent.FutureTask.<init>(FutureTask.java:151)
	at java.base/java.util.concurrent.ScheduledThreadPoolExecutor$ScheduledFutureTask.<init>(ScheduledThreadPoolExecutor.java:215)
	at java.base/java.util.concurrent.ScheduledThreadPoolExecutor.schedule(ScheduledThreadPoolExecutor.java:561)
	at com.netflix.discovery.TimedSupervisorTask.run(TimedSupervisorTask.java:99)
	at java.base/java.util.concurrent.Executors$RunnableAdapter.call(Executors.java:539)
	at java.base/java.util.concurrent.FutureTask.run$$$capture(FutureTask.java:264)
	at java.base/java.util.concurrent.FutureTask.run(FutureTask.java)
	at --- Async.Stack.Trace --- (captured by IntelliJ IDEA debugger)
	at java.base/java.util.concurrent.FutureTask.<init>(FutureTask.java:151)
	at java.base/java.util.concurrent.ScheduledThreadPoolExecutor$ScheduledFutureTask.<init>(ScheduledThreadPoolExecutor.java:215)
	at java.base/java.util.concurrent.ScheduledThreadPoolExecutor.schedule(ScheduledThreadPoolExecutor.java:561)
	at com.netflix.discovery.TimedSupervisorTask.run(TimedSupervisorTask.java:99)
	at java.base/java.util.concurrent.Executors$RunnableAdapter.call(Executors.java:539)
	at java.base/java.util.concurrent.FutureTask.run$$$capture(FutureTask.java:264)
	at java.base/java.util.concurrent.FutureTask.run(FutureTask.java)
	at --- Async.Stack.Trace --- (captured by IntelliJ IDEA debugger)
	at java.base/java.util.concurrent.FutureTask.<init>(FutureTask.java:151)
	at java.base/java.util.concurrent.ScheduledThreadPoolExecutor$ScheduledFutureTask.<init>(ScheduledThreadPoolExecutor.java:215)
	at java.base/java.util.concurrent.ScheduledThreadPoolExecutor.schedule(ScheduledThreadPoolExecutor.java:561)
	at com.netflix.discovery.TimedSupervisorTask.run(TimedSupervisorTask.java:99)
	at java.base/java.util.concurrent.Executors$RunnableAdapter.call(Executors.java:539)
	at java.base/java.util.concurrent.FutureTask.run$$$capture(FutureTask.java:264)
	at java.base/java.util.concurrent.FutureTask.run(FutureTask.java)
	at --- Async.Stack.Trace --- (captured by IntelliJ IDEA debugger)
	at java.base/java.util.concurrent.FutureTask.<init>(FutureTask.java:151)
	at java.base/java.util.concurrent.ScheduledThreadPoolExecutor$ScheduledFutureTask.<init>(ScheduledThreadPoolExecutor.java:215)
	at java.base/java.util.concurrent.ScheduledThreadPoolExecutor.schedule(ScheduledThreadPoolExecutor.java:561)
	at com.netflix.discovery.TimedSupervisorTask.run(TimedSupervisorTask.java:99)
	at java.base/java.util.concurrent.Executors$RunnableAdapter.call(Executors.java:539)
	at java.base/java.util.concurrent.FutureTask.run$$$capture(FutureTask.java:264)
	at java.base/java.util.concurrent.FutureTask.run(FutureTask.java)
	at --- Async.Stack.Trace --- (captured by IntelliJ IDEA debugger)
	at java.base/java.util.concurrent.FutureTask.<init>(FutureTask.java:151)
	at java.base/java.util.concurrent.ScheduledThreadPoolExecutor$ScheduledFutureTask.<init>(ScheduledThreadPoolExecutor.java:215)
	at java.base/java.util.concurrent.ScheduledThreadPoolExecutor.schedule(ScheduledThreadPoolExecutor.java:561)
	at com.netflix.discovery.TimedSupervisorTask.run(TimedSupervisorTask.java:99)
	at java.base/java.util.concurrent.Executors$RunnableAdapter.call(Executors.java:539)
	at java.base/java.util.concurrent.FutureTask.run$$$capture(FutureTask.java:264)
	at java.base/java.util.concurrent.FutureTask.run(FutureTask.java)
	at --- Async.Stack.Trace --- (captured by IntelliJ IDEA debugger)
	at java.base/java.util.concurrent.FutureTask.<init>(FutureTask.java:151)
	at java.base/java.util.concurrent.ScheduledThreadPoolExecutor$ScheduledFutureTask.<init>(ScheduledThreadPoolExecutor.java:215)
	at java.base/java.util.concurrent.ScheduledThreadPoolExecutor.schedule(ScheduledThreadPoolExecutor.java:561)
	at com.netflix.discovery.TimedSupervisorTask.run(TimedSupervisorTask.java:99)
	at java.base/java.util.concurrent.Executors$RunnableAdapter.call(Executors.java:539)
	at java.base/java.util.concurrent.FutureTask.run$$$capture(FutureTask.java:264)
	at java.base/java.util.concurrent.FutureTask.run(FutureTask.java)
	at --- Async.Stack.Trace --- (captured by IntelliJ IDEA debugger)
	at java.base/java.util.concurrent.FutureTask.<init>(FutureTask.java:151)
	at java.base/java.util.concurrent.ScheduledThreadPoolExecutor$ScheduledFutureTask.<init>(ScheduledThreadPoolExecutor.java:215)
	at java.base/java.util.concurrent.ScheduledThreadPoolExecutor.schedule(ScheduledThreadPoolExecutor.java:561)
	at com.netflix.discovery.TimedSupervisorTask.run(TimedSupervisorTask.java:99)
	at java.base/java.util.concurrent.Executors$RunnableAdapter.call(Executors.java:539)
	at java.base/java.util.concurrent.FutureTask.run$$$capture(FutureTask.java:264)
	at java.base/java.util.concurrent.FutureTask.run(FutureTask.java)
	at --- Async.Stack.Trace --- (captured by IntelliJ IDEA debugger)
	at java.base/java.util.concurrent.FutureTask.<init>(FutureTask.java:151)
	at java.base/java.util.concurrent.ScheduledThreadPoolExecutor$ScheduledFutureTask.<init>(ScheduledThreadPoolExecutor.java:215)
	at java.base/java.util.concurrent.ScheduledThreadPoolExecutor.schedule(ScheduledThreadPoolExecutor.java:561)
	at com.netflix.discovery.TimedSupervisorTask.run(TimedSupervisorTask.java:99)
	at java.base/java.util.concurrent.Executors$RunnableAdapter.call(Executors.java:539)
	at java.base/java.util.concurrent.FutureTask.run$$$capture(FutureTask.java:264)
	at java.base/java.util.concurrent.FutureTask.run(FutureTask.java)
	at --- Async.Stack.Trace --- (captured by IntelliJ IDEA debugger)
	at java.base/java.util.concurrent.FutureTask.<init>(FutureTask.java:151)
	at java.base/java.util.concurrent.ScheduledThreadPoolExecutor$ScheduledFutureTask.<init>(ScheduledThreadPoolExecutor.java:215)
	at java.base/java.util.concurrent.ScheduledThreadPoolExecutor.schedule(ScheduledThreadPoolExecutor.java:561)
	at com.netflix.discovery.TimedSupervisorTask.run(TimedSupervisorTask.java:99)
	at java.base/java.util.concurrent.Executors$RunnableAdapter.call(Executors.java:539)
	at java.base/java.util.concurrent.FutureTask.run$$$capture(FutureTask.java:264)
	at java.base/java.util.concurrent.FutureTask.run(FutureTask.java)
	at --- Async.Stack.Trace --- (captured by IntelliJ IDEA debugger)
	at java.base/java.util.concurrent.FutureTask.<init>(FutureTask.java:151)
	at java.base/java.util.concurrent.ScheduledThreadPoolExecutor$ScheduledFutureTask.<init>(ScheduledThreadPoolExecutor.java:215)
	at java.base/java.util.concurrent.ScheduledThreadPoolExecutor.schedule(ScheduledThreadPoolExecutor.java:561)
	at com.netflix.discovery.TimedSupervisorTask.run(TimedSupervisorTask.java:99)
	at java.base/java.util.concurrent.Executors$RunnableAdapter.call(Executors.java:539)
	at java.base/java.util.concurrent.FutureTask.run$$$capture(FutureTask.java:264)
	at java.base/java.util.concurrent.FutureTask.run(FutureTask.java)
	at --- Async.Stack.Trace --- (captured by IntelliJ IDEA debugger)
	at java.base/java.util.concurrent.FutureTask.<init>(FutureTask.java:151)
	at java.base/java.util.concurrent.ScheduledThreadPoolExecutor$ScheduledFutureTask.<init>(ScheduledThreadPoolExecutor.java:215)
	at java.base/java.util.concurrent.ScheduledThreadPoolExecutor.schedule(ScheduledThreadPoolExecutor.java:561)
	at com.netflix.discovery.TimedSupervisorTask.run(TimedSupervisorTask.java:99)
	at java.base/java.util.concurrent.Executors$RunnableAdapter.call(Executors.java:539)
	at java.base/java.util.concurrent.FutureTask.run$$$capture(FutureTask.java:264)
	at java.base/java.util.concurrent.FutureTask.run(FutureTask.java)
	at --- Async.Stack.Trace --- (captured by IntelliJ IDEA debugger)
	at java.base/java.util.concurrent.FutureTask.<init>(FutureTask.java:151)
	at java.base/java.util.concurrent.ScheduledThreadPoolExecutor$ScheduledFutureTask.<init>(ScheduledThreadPoolExecutor.java:215)
	at java.base/java.util.concurrent.ScheduledThreadPoolExecutor.schedule(ScheduledThreadPoolExecutor.java:561)
	at com.netflix.discovery.TimedSupervisorTask.run(TimedSupervisorTask.java:99)
	at java.base/java.util.concurrent.Executors$RunnableAdapter.call(Executors.java:539)
	at java.base/java.util.concurrent.FutureTask.run$$$capture(FutureTask.java:264)
	at java.base/java.util.concurrent.FutureTask.run(FutureTask.java)
	at --- Async.Stack.Trace --- (captured by IntelliJ IDEA debugger)
	at java.base/java.util.concurrent.FutureTask.<init>(FutureTask.java:151)
	at java.base/java.util.concurrent.ScheduledThreadPoolExecutor$ScheduledFutureTask.<init>(ScheduledThreadPoolExecutor.java:215)
	at java.base/java.util.concurrent.ScheduledThreadPoolExecutor.schedule(ScheduledThreadPoolExecutor.java:561)
	at com.netflix.discovery.TimedSupervisorTask.run(TimedSupervisorTask.java:99)
	at java.base/java.util.concurrent.Executors$RunnableAdapter.call(Executors.java:539)
	at java.base/java.util.concurrent.FutureTask.run$$$capture(FutureTask.java:264)
	at java.base/java.util.concurrent.FutureTask.run(FutureTask.java)
	at --- Async.Stack.Trace --- (captured by IntelliJ IDEA debugger)
	at java.base/java.util.concurrent.FutureTask.<init>(FutureTask.java:151)
	at java.base/java.util.concurrent.ScheduledThreadPoolExecutor$ScheduledFutureTask.<init>(ScheduledThreadPoolExecutor.java:215)
	at java.base/java.util.concurrent.ScheduledThreadPoolExecutor.schedule(ScheduledThreadPoolExecutor.java:561)
	at com.netflix.discovery.TimedSupervisorTask.run(TimedSupervisorTask.java:99)
	at java.base/java.util.concurrent.Executors$RunnableAdapter.call(Executors.java:539)
	at java.base/java.util.concurrent.FutureTask.run$$$capture(FutureTask.java:264)
	at java.base/java.util.concurrent.FutureTask.run(FutureTask.java)
	at --- Async.Stack.Trace --- (captured by IntelliJ IDEA debugger)
	at java.base/java.util.concurrent.FutureTask.<init>(FutureTask.java:151)
	at java.base/java.util.concurrent.ScheduledThreadPoolExecutor$ScheduledFutureTask.<init>(ScheduledThreadPoolExecutor.java:215)
	at java.base/java.util.concurrent.ScheduledThreadPoolExecutor.schedule(ScheduledThreadPoolExecutor.java:561)
	at com.netflix.discovery.TimedSupervisorTask.run(TimedSupervisorTask.java:99)
	at java.base/java.util.concurrent.Executors$RunnableAdapter.call(Executors.java:539)
	at java.base/java.util.concurrent.FutureTask.run$$$capture(FutureTask.java:264)
	at java.base/java.util.concurrent.FutureTask.run(FutureTask.java)
	at --- Async.Stack.Trace --- (captured by IntelliJ IDEA debugger)
	at java.base/java.util.concurrent.FutureTask.<init>(FutureTask.java:151)
	at java.base/java.util.concurrent.ScheduledThreadPoolExecutor$ScheduledFutureTask.<init>(ScheduledThreadPoolExecutor.java:215)
	at java.base/java.util.concurrent.ScheduledThreadPoolExecutor.schedule(ScheduledThreadPoolExecutor.java:561)
	at com.netflix.discovery.TimedSupervisorTask.run(TimedSupervisorTask.java:99)
	at java.base/java.util.concurrent.Executors$RunnableAdapter.call(Executors.java:539)
	at java.base/java.util.concurrent.FutureTask.run$$$capture(FutureTask.java:264)
	at java.base/java.util.concurrent.FutureTask.run(FutureTask.java)
	at --- Async.Stack.Trace --- (captured by IntelliJ IDEA debugger)
	at java.base/java.util.concurrent.FutureTask.<init>(FutureTask.java:151)
	at java.base/java.util.concurrent.ScheduledThreadPoolExecutor$ScheduledFutureTask.<init>(ScheduledThreadPoolExecutor.java:215)
	at java.base/java.util.concurrent.ScheduledThreadPoolExecutor.schedule(ScheduledThreadPoolExecutor.java:561)
	at com.netflix.discovery.TimedSupervisorTask.run(TimedSupervisorTask.java:99)
	at java.base/java.util.concurrent.Executors$RunnableAdapter.call(Executors.java:539)
	at java.base/java.util.concurrent.FutureTask.run$$$capture(FutureTask.java:264)
	at java.base/java.util.concurrent.FutureTask.run(FutureTask.java)
	at --- Async.Stack.Trace --- (captured by IntelliJ IDEA debugger)
	at java.base/java.util.concurrent.FutureTask.<init>(FutureTask.java:151)
	at java.base/java.util.concurrent.ScheduledThreadPoolExecutor$ScheduledFutureTask.<init>(ScheduledThreadPoolExecutor.java:215)
	at java.base/java.util.concurrent.ScheduledThreadPoolExecutor.schedule(ScheduledThreadPoolExecutor.java:561)
	at com.netflix.discovery.TimedSupervisorTask.run(TimedSupervisorTask.java:99)
	at java.base/java.util.concurrent.Executors$RunnableAdapter.call(Executors.java:539)
	at java.base/java.util.concurrent.FutureTask.run$$$capture(FutureTask.java:264)
	at java.base/java.util.concurrent.FutureTask.run(FutureTask.java)
	at --- Async.Stack.Trace --- (captured by IntelliJ IDEA debugger)
	at java.base/java.util.concurrent.FutureTask.<init>(FutureTask.java:151)
	at java.base/java.util.concurrent.ScheduledThreadPoolExecutor$ScheduledFutureTask.<init>(ScheduledThreadPoolExecutor.java:215)
	at java.base/java.util.concurrent.ScheduledThreadPoolExecutor.schedule(ScheduledThreadPoolExecutor.java:561)
	at com.netflix.discovery.TimedSupervisorTask.run(TimedSupervisorTask.java:99)
	at java.base/java.util.concurrent.Executors$RunnableAdapter.call(Executors.java:539)
	at java.base/java.util.concurrent.FutureTask.run$$$capture(FutureTask.java:264)
	at java.base/java.util.concurrent.FutureTask.run(FutureTask.java)
	at --- Async.Stack.Trace --- (captured by IntelliJ IDEA debugger)
	at java.base/java.util.concurrent.FutureTask.<init>(FutureTask.java:151)
	at java.base/java.util.concurrent.ScheduledThreadPoolExecutor$ScheduledFutureTask.<init>(ScheduledThreadPoolExecutor.java:215)
	at java.base/java.util.concurrent.ScheduledThreadPoolExecutor.schedule(ScheduledThreadPoolExecutor.java:561)
	at com.netflix.discovery.TimedSupervisorTask.run(TimedSupervisorTask.java:99)
	at java.base/java.util.concurrent.Executors$RunnableAdapter.call(Executors.java:539)
	at java.base/java.util.concurrent.FutureTask.run$$$capture(FutureTask.java:264)
	at java.base/java.util.concurrent.FutureTask.run(FutureTask.java)
	at --- Async.Stack.Trace --- (captured by IntelliJ IDEA debugger)
	at java.base/java.util.concurrent.FutureTask.<init>(FutureTask.java:151)
	at java.base/java.util.concurrent.ScheduledThreadPoolExecutor$ScheduledFutureTask.<init>(ScheduledThreadPoolExecutor.java:215)
	at java.base/java.util.concurrent.ScheduledThreadPoolExecutor.schedule(ScheduledThreadPoolExecutor.java:561)
	at com.netflix.discovery.TimedSupervisorTask.run(TimedSupervisorTask.java:99)
	at java.base/java.util.concurrent.Executors$RunnableAdapter.call(Executors.java:539)
	at java.base/java.util.concurrent.FutureTask.run$$$capture(FutureTask.java:264)
	at java.base/java.util.concurrent.FutureTask.run(FutureTask.java)
	at --- Async.Stack.Trace --- (captured by IntelliJ IDEA debugger)
	at java.base/java.util.concurrent.FutureTask.<init>(FutureTask.java:151)
	at java.base/java.util.concurrent.ScheduledThreadPoolExecutor$ScheduledFutureTask.<init>(ScheduledThreadPoolExecutor.java:215)
	at java.base/java.util.concurrent.ScheduledThreadPoolExecutor.schedule(ScheduledThreadPoolExecutor.java:561)
	at com.netflix.discovery.TimedSupervisorTask.run(TimedSupervisorTask.java:99)
	at java.base/java.util.concurrent.Executors$RunnableAdapter.call(Executors.java:539)
	at java.base/java.util.concurrent.FutureTask.run$$$capture(FutureTask.java:264)
	at java.base/java.util.concurrent.FutureTask.run(FutureTask.java)
	at --- Async.Stack.Trace --- (captured by IntelliJ IDEA debugger)
	at java.base/java.util.concurrent.FutureTask.<init>(FutureTask.java:151)
	at java.base/java.util.concurrent.ScheduledThreadPoolExecutor$ScheduledFutureTask.<init>(ScheduledThreadPoolExecutor.java:215)
	at java.base/java.util.concurrent.ScheduledThreadPoolExecutor.schedule(ScheduledThreadPoolExecutor.java:561)
	at com.netflix.discovery.TimedSupervisorTask.run(TimedSupervisorTask.java:99)
	at java.base/java.util.concurrent.Executors$RunnableAdapter.call(Executors.java:539)
	at java.base/java.util.concurrent.FutureTask.run$$$capture(FutureTask.java:264)
	at java.base/java.util.concurrent.FutureTask.run(FutureTask.java)
	at --- Async.Stack.Trace --- (captured by IntelliJ IDEA debugger)
	at java.base/java.util.concurrent.FutureTask.<init>(FutureTask.java:151)
	at java.base/java.util.concurrent.ScheduledThreadPoolExecutor$ScheduledFutureTask.<init>(ScheduledThreadPoolExecutor.java:215)
	at java.base/java.util.concurrent.ScheduledThreadPoolExecutor.schedule(ScheduledThreadPoolExecutor.java:561)
	at com.netflix.discovery.TimedSupervisorTask.run(TimedSupervisorTask.java:99)
	at java.base/java.util.concurrent.Executors$RunnableAdapter.call(Executors.java:539)
	at java.base/java.util.concurrent.FutureTask.run$$$capture(FutureTask.java:264)
	at java.base/java.util.concurrent.FutureTask.run(FutureTask.java)
	at --- Async.Stack.Trace --- (captured by IntelliJ IDEA debugger)
	at java.base/java.util.concurrent.FutureTask.<init>(FutureTask.java:151)
	at java.base/java.util.concurrent.ScheduledThreadPoolExecutor$ScheduledFutureTask.<init>(ScheduledThreadPoolExecutor.java:215)
	at java.base/java.util.concurrent.ScheduledThreadPoolExecutor.schedule(ScheduledThreadPoolExecutor.java:561)
	at com.netflix.discovery.TimedSupervisorTask.run(TimedSupervisorTask.java:99)
	at java.base/java.util.concurrent.Executors$RunnableAdapter.call(Executors.java:539)
	at java.base/java.util.concurrent.FutureTask.run$$$capture(FutureTask.java:264)
	at java.base/java.util.concurrent.FutureTask.run(FutureTask.java)
	at --- Async.Stack.Trace --- (captured by IntelliJ IDEA debugger)
	at java.base/java.util.concurrent.FutureTask.<init>(FutureTask.java:151)
	at java.base/java.util.concurrent.ScheduledThreadPoolExecutor$ScheduledFutureTask.<init>(ScheduledThreadPoolExecutor.java:215)
	at java.base/java.util.concurrent.ScheduledThreadPoolExecutor.schedule(ScheduledThreadPoolExecutor.java:561)
	at com.netflix.discovery.TimedSupervisorTask.run(TimedSupervisorTask.java:99)
	at java.base/java.util.concurrent.Executors$RunnableAdapter.call(Executors.java:539)
	at java.base/java.util.concurrent.FutureTask.run$$$capture(FutureTask.java:264)
	at java.base/java.util.concurrent.FutureTask.run(FutureTask.java)
	at --- Async.Stack.Trace --- (captured by IntelliJ IDEA debugger)
	at java.base/java.util.concurrent.FutureTask.<init>(FutureTask.java:151)
	at java.base/java.util.concurrent.ScheduledThreadPoolExecutor$ScheduledFutureTask.<init>(ScheduledThreadPoolExecutor.java:215)
	at java.base/java.util.concurrent.ScheduledThreadPoolExecutor.schedule(ScheduledThreadPoolExecutor.java:561)
	at com.netflix.discovery.TimedSupervisorTask.run(TimedSupervisorTask.java:99)
	at java.base/java.util.concurrent.Executors$RunnableAdapter.call(Executors.java:539)
	at java.base/java.util.concurrent.FutureTask.run$$$capture(FutureTask.java:264)
	at java.base/java.util.concurrent.FutureTask.run(FutureTask.java)
	at --- Async.Stack.Trace --- (captured by IntelliJ IDEA debugger)
	at java.base/java.util.concurrent.FutureTask.<init>(FutureTask.java:151)
	at java.base/java.util.concurrent.ScheduledThreadPoolExecutor$ScheduledFutureTask.<init>(ScheduledThreadPoolExecutor.java:215)
	at java.base/java.util.concurrent.ScheduledThreadPoolExecutor.schedule(ScheduledThreadPoolExecutor.java:561)
	at com.netflix.discovery.TimedSupervisorTask.run(TimedSupervisorTask.java:99)
	at java.base/java.util.concurrent.Executors$RunnableAdapter.call(Executors.java:539)
	at java.base/java.util.concurrent.FutureTask.run$$$capture(FutureTask.java:264)
	at java.base/java.util.concurrent.FutureTask.run(FutureTask.java)
	at --- Async.Stack.Trace --- (captured by IntelliJ IDEA debugger)
	at java.base/java.util.concurrent.FutureTask.<init>(FutureTask.java:151)
	at java.base/java.util.concurrent.ScheduledThreadPoolExecutor$ScheduledFutureTask.<init>(ScheduledThreadPoolExecutor.java:215)
	at java.base/java.util.concurrent.ScheduledThreadPoolExecutor.schedule(ScheduledThreadPoolExecutor.java:561)
	at com.netflix.discovery.TimedSupervisorTask.run(TimedSupervisorTask.java:99)
	at java.base/java.util.concurrent.Executors$RunnableAdapter.call(Executors.java:539)
	at java.base/java.util.concurrent.FutureTask.run$$$capture(FutureTask.java:264)
	at java.base/java.util.concurrent.FutureTask.run(FutureTask.java)
	at --- Async.Stack.Trace --- (captured by IntelliJ IDEA debugger)
	at java.base/java.util.concurrent.FutureTask.<init>(FutureTask.java:151)
	at java.base/java.util.concurrent.ScheduledThreadPoolExecutor$ScheduledFutureTask.<init>(ScheduledThreadPoolExecutor.java:215)
	at java.base/java.util.concurrent.ScheduledThreadPoolExecutor.schedule(ScheduledThreadPoolExecutor.java:561)
	at com.netflix.discovery.TimedSupervisorTask.run(TimedSupervisorTask.java:99)
	at java.base/java.util.concurrent.Executors$RunnableAdapter.call(Executors.java:539)
	at java.base/java.util.concurrent.FutureTask.run$$$capture(FutureTask.java:264)
	at java.base/java.util.concurrent.FutureTask.run(FutureTask.java)
	at --- Async.Stack.Trace --- (captured by IntelliJ IDEA debugger)
	at java.base/java.util.concurrent.FutureTask.<init>(FutureTask.java:151)
	at java.base/java.util.concurrent.ScheduledThreadPoolExecutor$ScheduledFutureTask.<init>(ScheduledThreadPoolExecutor.java:215)
	at java.base/java.util.concurrent.ScheduledThreadPoolExecutor.schedule(ScheduledThreadPoolExecutor.java:561)
	at com.netflix.discovery.TimedSupervisorTask.run(TimedSupervisorTask.java:99)
	at java.base/java.util.concurrent.Executors$RunnableAdapter.call(Executors.java:539)
	at java.base/java.util.concurrent.FutureTask.run$$$capture(FutureTask.java:264)
	at java.base/java.util.concurrent.FutureTask.run(FutureTask.java)
	at --- Async.Stack.Trace --- (captured by IntelliJ IDEA debugger)
	at java.base/java.util.concurrent.FutureTask.<init>(FutureTask.java:151)
	at java.base/java.util.concurrent.ScheduledThreadPoolExecutor$ScheduledFutureTask.<init>(ScheduledThreadPoolExecutor.java:215)
	at java.base/java.util.concurrent.ScheduledThreadPoolExecutor.schedule(ScheduledThreadPoolExecutor.java:561)
	at com.netflix.discovery.TimedSupervisorTask.run(TimedSupervisorTask.java:99)
	at java.base/java.util.concurrent.Executors$RunnableAdapter.call(Executors.java:539)
	at java.base/java.util.concurrent.FutureTask.run$$$capture(FutureTask.java:264)
	at java.base/java.util.concurrent.FutureTask.run(FutureTask.java)
	at --- Async.Stack.Trace --- (captured by IntelliJ IDEA debugger)
	at java.base/java.util.concurrent.FutureTask.<init>(FutureTask.java:151)
	at java.base/java.util.concurrent.ScheduledThreadPoolExecutor$ScheduledFutureTask.<init>(ScheduledThreadPoolExecutor.java:215)
	at java.base/java.util.concurrent.ScheduledThreadPoolExecutor.schedule(ScheduledThreadPoolExecutor.java:561)
	at com.netflix.discovery.TimedSupervisorTask.run(TimedSupervisorTask.java:99)
	at java.base/java.util.concurrent.Executors$RunnableAdapter.call(Executors.java:539)
	at java.base/java.util.concurrent.FutureTask.run$$$capture(FutureTask.java:264)
	at java.base/java.util.concurrent.FutureTask.run(FutureTask.java)
	at --- Async.Stack.Trace --- (captured by IntelliJ IDEA debugger)
	at java.base/java.util.concurrent.FutureTask.<init>(FutureTask.java:151)
	at java.base/java.util.concurrent.ScheduledThreadPoolExecutor$ScheduledFutureTask.<init>(ScheduledThreadPoolExecutor.java:215)
	at java.base/java.util.concurrent.ScheduledThreadPoolExecutor.schedule(ScheduledThreadPoolExecutor.java:561)
	at com.netflix.discovery.TimedSupervisorTask.run(TimedSupervisorTask.java:99)
	at java.base/java.util.concurrent.Executors$RunnableAdapter.call(Executors.java:539)
	at java.base/java.util.concurrent.FutureTask.run$$$capture(FutureTask.java:264)
	at java.base/java.util.concurrent.FutureTask.run(FutureTask.java)
	at --- Async.Stack.Trace --- (captured by IntelliJ IDEA debugger)
	at java.base/java.util.concurrent.FutureTask.<init>(FutureTask.java:151)
	at java.base/java.util.concurrent.ScheduledThreadPoolExecutor$ScheduledFutureTask.<init>(ScheduledThreadPoolExecutor.java:215)
	at java.base/java.util.concurrent.ScheduledThreadPoolExecutor.schedule(ScheduledThreadPoolExecutor.java:561)
	at com.netflix.discovery.TimedSupervisorTask.run(TimedSupervisorTask.java:99)
	at java.base/java.util.concurrent.Executors$RunnableAdapter.call(Executors.java:539)
	at java.base/java.util.concurrent.FutureTask.run$$$capture(FutureTask.java:264)
	at java.base/java.util.concurrent.FutureTask.run(FutureTask.java)
	at --- Async.Stack.Trace --- (captured by IntelliJ IDEA debugger)
	at java.base/java.util.concurrent.FutureTask.<init>(FutureTask.java:151)
	at java.base/java.util.concurrent.ScheduledThreadPoolExecutor$ScheduledFutureTask.<init>(ScheduledThreadPoolExecutor.java:215)
	at java.base/java.util.concurrent.ScheduledThreadPoolExecutor.schedule(ScheduledThreadPoolExecutor.java:561)
	at com.netflix.discovery.TimedSupervisorTask.run(TimedSupervisorTask.java:99)
	at java.base/java.util.concurrent.Executors$RunnableAdapter.call(Executors.java:539)
	at java.base/java.util.concurrent.FutureTask.run$$$capture(FutureTask.java:264)
	at java.base/java.util.concurrent.FutureTask.run(FutureTask.java)
	at --- Async.Stack.Trace --- (captured by IntelliJ IDEA debugger)
	at java.base/java.util.concurrent.FutureTask.<init>(FutureTask.java:151)
	at java.base/java.util.concurrent.ScheduledThreadPoolExecutor$ScheduledFutureTask.<init>(ScheduledThreadPoolExecutor.java:215)
	at java.base/java.util.concurrent.ScheduledThreadPoolExecutor.schedule(ScheduledThreadPoolExecutor.java:561)
	at com.netflix.discovery.TimedSupervisorTask.run(TimedSupervisorTask.java:99)
	at java.base/java.util.concurrent.Executors$RunnableAdapter.call(Executors.java:539)
	at java.base/java.util.concurrent.FutureTask.run$$$capture(FutureTask.java:264)
	at java.base/java.util.concurrent.FutureTask.run(FutureTask.java)
	at --- Async.Stack.Trace --- (captured by IntelliJ IDEA debugger)
	at java.base/java.util.concurrent.FutureTask.<init>(FutureTask.java:151)
	at java.base/java.util.concurrent.ScheduledThreadPoolExecutor$ScheduledFutureTask.<init>(ScheduledThreadPoolExecutor.java:215)
	at java.base/java.util.concurrent.ScheduledThreadPoolExecutor.schedule(ScheduledThreadPoolExecutor.java:561)
	at com.netflix.discovery.TimedSupervisorTask.run(TimedSupervisorTask.java:99)
	at java.base/java.util.concurrent.Executors$RunnableAdapter.call(Executors.java:539)
	at java.base/java.util.concurrent.FutureTask.run$$$capture(FutureTask.java:264)
	at java.base/java.util.concurrent.FutureTask.run(FutureTask.java)
	at --- Async.Stack.Trace --- (captured by IntelliJ IDEA debugger)
	at java.base/java.util.concurrent.FutureTask.<init>(FutureTask.java:151)
	at java.base/java.util.concurrent.ScheduledThreadPoolExecutor$ScheduledFutureTask.<init>(ScheduledThreadPoolExecutor.java:215)
	at java.base/java.util.concurrent.ScheduledThreadPoolExecutor.schedule(ScheduledThreadPoolExecutor.java:561)
	at com.netflix.discovery.TimedSupervisorTask.run(TimedSupervisorTask.java:99)
	at java.base/java.util.concurrent.Executors$RunnableAdapter.call(Executors.java:539)
	at java.base/java.util.concurrent.FutureTask.run$$$capture(FutureTask.java:264)
	at java.base/java.util.concurrent.FutureTask.run(FutureTask.java)
	at --- Async.Stack.Trace --- (captured by IntelliJ IDEA debugger)
	at java.base/java.util.concurrent.FutureTask.<init>(FutureTask.java:151)
	at java.base/java.util.concurrent.ScheduledThreadPoolExecutor$ScheduledFutureTask.<init>(ScheduledThreadPoolExecutor.java:215)
	at java.base/java.util.concurrent.ScheduledThreadPoolExecutor.schedule(ScheduledThreadPoolExecutor.java:561)
	at com.netflix.discovery.TimedSupervisorTask.run(TimedSupervisorTask.java:99)
	at java.base/java.util.concurrent.Executors$RunnableAdapter.call(Executors.java:539)
	at java.base/java.util.concurrent.FutureTask.run$$$capture(FutureTask.java:264)
	at java.base/java.util.concurrent.FutureTask.run(FutureTask.java)
	at --- Async.Stack.Trace --- (captured by IntelliJ IDEA debugger)
	at java.base/java.util.concurrent.FutureTask.<init>(FutureTask.java:151)
	at java.base/java.util.concurrent.ScheduledThreadPoolExecutor$ScheduledFutureTask.<init>(ScheduledThreadPoolExecutor.java:215)
	at java.base/java.util.concurrent.ScheduledThreadPoolExecutor.schedule(ScheduledThreadPoolExecutor.java:561)
	at com.netflix.discovery.TimedSupervisorTask.run(TimedSupervisorTask.java:99)
	at java.base/java.util.concurrent.Executors$RunnableAdapter.call(Executors.java:539)
	at java.base/java.util.concurrent.FutureTask.run$$$capture(FutureTask.java:264)
	at java.base/java.util.concurrent.FutureTask.run(FutureTask.java)
	at --- Async.Stack.Trace --- (captured by IntelliJ IDEA debugger)
	at java.base/java.util.concurrent.FutureTask.<init>(FutureTask.java:151)
	at java.base/java.util.concurrent.ScheduledThreadPoolExecutor$ScheduledFutureTask.<init>(ScheduledThreadPoolExecutor.java:215)
	at java.base/java.util.concurrent.ScheduledThreadPoolExecutor.schedule(ScheduledThreadPoolExecutor.java:561)
	at com.netflix.discovery.TimedSupervisorTask.run(TimedSupervisorTask.java:99)
	at java.base/java.util.concurrent.Executors$RunnableAdapter.call(Executors.java:539)
	at java.base/java.util.concurrent.FutureTask.run$$$capture(FutureTask.java:264)
	at java.base/java.util.concurrent.FutureTask.run(FutureTask.java)
	at --- Async.Stack.Trace --- (captured by IntelliJ IDEA debugger)
	at java.base/java.util.concurrent.FutureTask.<init>(FutureTask.java:151)
	at java.base/java.util.concurrent.ScheduledThreadPoolExecutor$ScheduledFutureTask.<init>(ScheduledThreadPoolExecutor.java:215)
	at java.base/java.util.concurrent.ScheduledThreadPoolExecutor.schedule(ScheduledThreadPoolExecutor.java:561)
	at com.netflix.discovery.TimedSupervisorTask.run(TimedSupervisorTask.java:99)
	at java.base/java.util.concurrent.Executors$RunnableAdapter.call(Executors.java:539)
	at java.base/java.util.concurrent.FutureTask.run$$$capture(FutureTask.java:264)
	at java.base/java.util.concurrent.FutureTask.run(FutureTask.java)
	at --- Async.Stack.Trace --- (captured by IntelliJ IDEA debugger)
	at java.base/java.util.concurrent.FutureTask.<init>(FutureTask.java:151)
	at java.base/java.util.concurrent.ScheduledThreadPoolExecutor$ScheduledFutureTask.<init>(ScheduledThreadPoolExecutor.java:215)
	at java.base/java.util.concurrent.ScheduledThreadPoolExecutor.schedule(ScheduledThreadPoolExecutor.java:561)
	at com.netflix.discovery.TimedSupervisorTask.run(TimedSupervisorTask.java:99)
	at java.base/java.util.concurrent.Executors$RunnableAdapter.call(Executors.java:539)
	at java.base/java.util.concurrent.FutureTask.run$$$capture(FutureTask.java:264)
	at java.base/java.util.concurrent.FutureTask.run(FutureTask.java)
	at --- Async.Stack.Trace --- (captured by IntelliJ IDEA debugger)
	at java.base/java.util.concurrent.FutureTask.<init>(FutureTask.java:151)
	at java.base/java.util.concurrent.ScheduledThreadPoolExecutor$ScheduledFutureTask.<init>(ScheduledThreadPoolExecutor.java:215)
	at java.base/java.util.concurrent.ScheduledThreadPoolExecutor.schedule(ScheduledThreadPoolExecutor.java:561)
	at com.netflix.discovery.TimedSupervisorTask.run(TimedSupervisorTask.java:99)
	at java.base/java.util.concurrent.Executors$RunnableAdapter.call(Executors.java:539)
	at java.base/java.util.concurrent.FutureTask.run$$$capture(FutureTask.java:264)
	at java.base/java.util.concurrent.FutureTask.run(FutureTask.java)
	at --- Async.Stack.Trace --- (captured by IntelliJ IDEA debugger)
	at java.base/java.util.concurrent.FutureTask.<init>(FutureTask.java:151)
	at java.base/java.util.concurrent.ScheduledThreadPoolExecutor$ScheduledFutureTask.<init>(ScheduledThreadPoolExecutor.java:215)
	at java.base/java.util.concurrent.ScheduledThreadPoolExecutor.schedule(ScheduledThreadPoolExecutor.java:561)
	at com.netflix.discovery.TimedSupervisorTask.run(TimedSupervisorTask.java:99)
	at java.base/java.util.concurrent.Executors$RunnableAdapter.call(Executors.java:539)
	at java.base/java.util.concurrent.FutureTask.run$$$capture(FutureTask.java:264)
	at java.base/java.util.concurrent.FutureTask.run(FutureTask.java)
	at --- Async.Stack.Trace --- (captured by IntelliJ IDEA debugger)
	at java.base/java.util.concurrent.FutureTask.<init>(FutureTask.java:151)
	at java.base/java.util.concurrent.ScheduledThreadPoolExecutor$ScheduledFutureTask.<init>(ScheduledThreadPoolExecutor.java:215)
	at java.base/java.util.concurrent.ScheduledThreadPoolExecutor.schedule(ScheduledThreadPoolExecutor.java:561)
	at com.netflix.discovery.TimedSupervisorTask.run(TimedSupervisorTask.java:99)
	at java.base/java.util.concurrent.Executors$RunnableAdapter.call(Executors.java:539)
	at java.base/java.util.concurrent.FutureTask.run$$$capture(FutureTask.java:264)
	at java.base/java.util.concurrent.FutureTask.run(FutureTask.java)
	at --- Async.Stack.Trace --- (captured by IntelliJ IDEA debugger)
	at java.base/java.util.concurrent.FutureTask.<init>(FutureTask.java:151)
	at java.base/java.util.concurrent.ScheduledThreadPoolExecutor$ScheduledFutureTask.<init>(ScheduledThreadPoolExecutor.java:215)
	at java.base/java.util.concurrent.ScheduledThreadPoolExecutor.schedule(ScheduledThreadPoolExecutor.java:561)
	at com.netflix.discovery.TimedSupervisorTask.run(TimedSupervisorTask.java:99)
	at java.base/java.util.concurrent.Executors$RunnableAdapter.call(Executors.java:539)
	at java.base/java.util.concurrent.FutureTask.run$$$capture(FutureTask.java:264)
	at java.base/java.util.concurrent.FutureTask.run(FutureTask.java)
	at --- Async.Stack.Trace --- (captured by IntelliJ IDEA debugger)
	at java.base/java.util.concurrent.FutureTask.<init>(FutureTask.java:151)
	at java.base/java.util.concurrent.ScheduledThreadPoolExecutor$ScheduledFutureTask.<init>(ScheduledThreadPoolExecutor.java:215)
	at java.base/java.util.concurrent.ScheduledThreadPoolExecutor.schedule(ScheduledThreadPoolExecutor.java:561)
	at com.netflix.discovery.TimedSupervisorTask.run(TimedSupervisorTask.java:99)
	at java.base/java.util.concurrent.Executors$RunnableAdapter.call(Executors.java:539)
	at java.base/java.util.concurrent.FutureTask.run$$$capture(FutureTask.java:264)
	at java.base/java.util.concurrent.FutureTask.run(FutureTask.java)
	at --- Async.Stack.Trace --- (captured by IntelliJ IDEA debugger)
	at java.base/java.util.concurrent.FutureTask.<init>(FutureTask.java:151)
	at java.base/java.util.concurrent.ScheduledThreadPoolExecutor$ScheduledFutureTask.<init>(ScheduledThreadPoolExecutor.java:215)
	at java.base/java.util.concurrent.ScheduledThreadPoolExecutor.schedule(ScheduledThreadPoolExecutor.java:561)
	at com.netflix.discovery.TimedSupervisorTask.run(TimedSupervisorTask.java:99)
	at java.base/java.util.concurrent.Executors$RunnableAdapter.call(Executors.java:539)
	at java.base/java.util.concurrent.FutureTask.run$$$capture(FutureTask.java:264)
	at java.base/java.util.concurrent.FutureTask.run(FutureTask.java)
	at --- Async.Stack.Trace --- (captured by IntelliJ IDEA debugger)
	at java.base/java.util.concurrent.FutureTask.<init>(FutureTask.java:151)
	at java.base/java.util.concurrent.ScheduledThreadPoolExecutor$ScheduledFutureTask.<init>(ScheduledThreadPoolExecutor.java:215)
	at java.base/java.util.concurrent.ScheduledThreadPoolExecutor.schedule(ScheduledThreadPoolExecutor.java:561)
	at com.netflix.discovery.TimedSupervisorTask.run(TimedSupervisorTask.java:99)
	at java.base/java.util.concurrent.Executors$RunnableAdapter.call(Executors.java:539)
	at java.base/java.util.concurrent.FutureTask.run$$$capture(FutureTask.java:264)
	at java.base/java.util.concurrent.FutureTask.run(FutureTask.java)
	at --- Async.Stack.Trace --- (captured by IntelliJ IDEA debugger)
	at java.base/java.util.concurrent.FutureTask.<init>(FutureTask.java:151)
	at java.base/java.util.concurrent.ScheduledThreadPoolExecutor$ScheduledFutureTask.<init>(ScheduledThreadPoolExecutor.java:215)
	at java.base/java.util.concurrent.ScheduledThreadPoolExecutor.schedule(ScheduledThreadPoolExecutor.java:561)
	at com.netflix.discovery.TimedSupervisorTask.run(TimedSupervisorTask.java:99)
	at java.base/java.util.concurrent.Executors$RunnableAdapter.call(Executors.java:539)
	at java.base/java.util.concurrent.FutureTask.run$$$capture(FutureTask.java:264)
	at java.base/java.util.concurrent.FutureTask.run(FutureTask.java)
	at --- Async.Stack.Trace --- (captured by IntelliJ IDEA debugger)
	at java.base/java.util.concurrent.FutureTask.<init>(FutureTask.java:151)
	at java.base/java.util.concurrent.ScheduledThreadPoolExecutor$ScheduledFutureTask.<init>(ScheduledThreadPoolExecutor.java:215)
	at java.base/java.util.concurrent.ScheduledThreadPoolExecutor.schedule(ScheduledThreadPoolExecutor.java:561)
	at com.netflix.discovery.TimedSupervisorTask.run(TimedSupervisorTask.java:99)
	at java.base/java.util.concurrent.Executors$RunnableAdapter.call(Executors.java:539)
	at java.base/java.util.concurrent.FutureTask.run$$$capture(FutureTask.java:264)
	at java.base/java.util.concurrent.FutureTask.run(FutureTask.java)
	at --- Async.Stack.Trace --- (captured by IntelliJ IDEA debugger)
	at java.base/java.util.concurrent.FutureTask.<init>(FutureTask.java:151)
	at java.base/java.util.concurrent.ScheduledThreadPoolExecutor$ScheduledFutureTask.<init>(ScheduledThreadPoolExecutor.java:215)
	at java.base/java.util.concurrent.ScheduledThreadPoolExecutor.schedule(ScheduledThreadPoolExecutor.java:561)
	at com.netflix.discovery.TimedSupervisorTask.run(TimedSupervisorTask.java:99)
	at java.base/java.util.concurrent.Executors$RunnableAdapter.call(Executors.java:539)
	at java.base/java.util.concurrent.FutureTask.run$$$capture(FutureTask.java:264)
	at java.base/java.util.concurrent.FutureTask.run(FutureTask.java)
	at --- Async.Stack.Trace --- (captured by IntelliJ IDEA debugger)
	at java.base/java.util.concurrent.FutureTask.<init>(FutureTask.java:151)
	at java.base/java.util.concurrent.ScheduledThreadPoolExecutor$ScheduledFutureTask.<init>(ScheduledThreadPoolExecutor.java:215)
	at java.base/java.util.concurrent.ScheduledThreadPoolExecutor.schedule(ScheduledThreadPoolExecutor.java:561)
	at com.netflix.discovery.TimedSupervisorTask.run(TimedSupervisorTask.java:99)
	at java.base/java.util.concurrent.Executors$RunnableAdapter.call(Executors.java:539)
	at java.base/java.util.concurrent.FutureTask.run$$$capture(FutureTask.java:264)
	at java.base/java.util.concurrent.FutureTask.run(FutureTask.java)
	at --- Async.Stack.Trace --- (captured by IntelliJ IDEA debugger)
	at java.base/java.util.concurrent.FutureTask.<init>(FutureTask.java:151)
	at java.base/java.util.concurrent.ScheduledThreadPoolExecutor$ScheduledFutureTask.<init>(ScheduledThreadPoolExecutor.java:215)
	at java.base/java.util.concurrent.ScheduledThreadPoolExecutor.schedule(ScheduledThreadPoolExecutor.java:561)
	at com.netflix.discovery.TimedSupervisorTask.run(TimedSupervisorTask.java:99)
	at java.base/java.util.concurrent.Executors$RunnableAdapter.call(Executors.java:539)
	at java.base/java.util.concurrent.FutureTask.run$$$capture(FutureTask.java:264)
	at java.base/java.util.concurrent.FutureTask.run(FutureTask.java)
	at --- Async.Stack.Trace --- (captured by IntelliJ IDEA debugger)
	at java.base/java.util.concurrent.FutureTask.<init>(FutureTask.java:151)
	at java.base/java.util.concurrent.ScheduledThreadPoolExecutor$ScheduledFutureTask.<init>(ScheduledThreadPoolExecutor.java:215)
	at java.base/java.util.concurrent.ScheduledThreadPoolExecutor.schedule(ScheduledThreadPoolExecutor.java:561)
	at com.netflix.discovery.TimedSupervisorTask.run(TimedSupervisorTask.java:99)
	at java.base/java.util.concurrent.Executors$RunnableAdapter.call(Executors.java:539)
	at java.base/java.util.concurrent.FutureTask.run$$$capture(FutureTask.java:264)
	at java.base/java.util.concurrent.FutureTask.run(FutureTask.java)
	at --- Async.Stack.Trace --- (captured by IntelliJ IDEA debugger)
	at java.base/java.util.concurrent.FutureTask.<init>(FutureTask.java:151)
	at java.base/java.util.concurrent.ScheduledThreadPoolExecutor$ScheduledFutureTask.<init>(ScheduledThreadPoolExecutor.java:215)
	at java.base/java.util.concurrent.ScheduledThreadPoolExecutor.schedule(ScheduledThreadPoolExecutor.java:561)
	at com.netflix.discovery.TimedSupervisorTask.run(TimedSupervisorTask.java:99)
	at java.base/java.util.concurrent.Executors$RunnableAdapter.call(Executors.java:539)
	at java.base/java.util.concurrent.FutureTask.run$$$capture(FutureTask.java:264)
	at java.base/java.util.concurrent.FutureTask.run(FutureTask.java)
	at --- Async.Stack.Trace --- (captured by IntelliJ IDEA debugger)
	at java.base/java.util.concurrent.FutureTask.<init>(FutureTask.java:151)
	at java.base/java.util.concurrent.ScheduledThreadPoolExecutor$ScheduledFutureTask.<init>(ScheduledThreadPoolExecutor.java:215)
	at java.base/java.util.concurrent.ScheduledThreadPoolExecutor.schedule(ScheduledThreadPoolExecutor.java:561)
	at com.netflix.discovery.TimedSupervisorTask.run(TimedSupervisorTask.java:99)
	at java.base/java.util.concurrent.Executors$RunnableAdapter.call(Executors.java:539)
	at java.base/java.util.concurrent.FutureTask.run$$$capture(FutureTask.java:264)
	at java.base/java.util.concurrent.FutureTask.run(FutureTask.java)
	at --- Async.Stack.Trace --- (captured by IntelliJ IDEA debugger)
	at java.base/java.util.concurrent.FutureTask.<init>(FutureTask.java:151)
	at java.base/java.util.concurrent.ScheduledThreadPoolExecutor$ScheduledFutureTask.<init>(ScheduledThreadPoolExecutor.java:215)
	at java.base/java.util.concurrent.ScheduledThreadPoolExecutor.schedule(ScheduledThreadPoolExecutor.java:561)
	at com.netflix.discovery.TimedSupervisorTask.run(TimedSupervisorTask.java:99)
	at java.base/java.util.concurrent.Executors$RunnableAdapter.call(Executors.java:539)
	at java.base/java.util.concurrent.FutureTask.run$$$capture(FutureTask.java:264)
	at java.base/java.util.concurrent.FutureTask.run(FutureTask.java)
	at --- Async.Stack.Trace --- (captured by IntelliJ IDEA debugger)
	at java.base/java.util.concurrent.FutureTask.<init>(FutureTask.java:151)
	at java.base/java.util.concurrent.ScheduledThreadPoolExecutor$ScheduledFutureTask.<init>(ScheduledThreadPoolExecutor.java:215)
	at java.base/java.util.concurrent.ScheduledThreadPoolExecutor.schedule(ScheduledThreadPoolExecutor.java:561)
	at com.netflix.discovery.TimedSupervisorTask.run(TimedSupervisorTask.java:99)
	at java.base/java.util.concurrent.Executors$RunnableAdapter.call(Executors.java:539)
	at java.base/java.util.concurrent.FutureTask.run$$$capture(FutureTask.java:264)
	at java.base/java.util.concurrent.FutureTask.run(FutureTask.java)
	at --- Async.Stack.Trace --- (captured by IntelliJ IDEA debugger)
	at java.base/java.util.concurrent.FutureTask.<init>(FutureTask.java:151)
	at java.base/java.util.concurrent.ScheduledThreadPoolExecutor$ScheduledFutureTask.<init>(ScheduledThreadPoolExecutor.java:215)
	at java.base/java.util.concurrent.ScheduledThreadPoolExecutor.schedule(ScheduledThreadPoolExecutor.java:561)
	at com.netflix.discovery.TimedSupervisorTask.run(TimedSupervisorTask.java:99)
	at java.base/java.util.concurrent.Executors$RunnableAdapter.call(Executors.java:539)
	at java.base/java.util.concurrent.FutureTask.run$$$capture(FutureTask.java:264)
	at java.base/java.util.concurrent.FutureTask.run(FutureTask.java)
	at --- Async.Stack.Trace --- (captured by IntelliJ IDEA debugger)
	at java.base/java.util.concurrent.FutureTask.<init>(FutureTask.java:151)
	at java.base/java.util.concurrent.ScheduledThreadPoolExecutor$ScheduledFutureTask.<init>(ScheduledThreadPoolExecutor.java:215)
	at java.base/java.util.concurrent.ScheduledThreadPoolExecutor.schedule(ScheduledThreadPoolExecutor.java:561)
	at com.netflix.discovery.TimedSupervisorTask.run(TimedSupervisorTask.java:99)
	at java.base/java.util.concurrent.Executors$RunnableAdapter.call(Executors.java:539)
	at java.base/java.util.concurrent.FutureTask.run$$$capture(FutureTask.java:264)
	at java.base/java.util.concurrent.FutureTask.run(FutureTask.java)
	at --- Async.Stack.Trace --- (captured by IntelliJ IDEA debugger)
	at java.base/java.util.concurrent.FutureTask.<init>(FutureTask.java:151)
	at java.base/java.util.concurrent.ScheduledThreadPoolExecutor$ScheduledFutureTask.<init>(ScheduledThreadPoolExecutor.java:215)
	at java.base/java.util.concurrent.ScheduledThreadPoolExecutor.schedule(ScheduledThreadPoolExecutor.java:561)
	at com.netflix.discovery.TimedSupervisorTask.run(TimedSupervisorTask.java:99)
	at java.base/java.util.concurrent.Executors$RunnableAdapter.call(Executors.java:539)
	at java.base/java.util.concurrent.FutureTask.run$$$capture(FutureTask.java:264)
	at java.base/java.util.concurrent.FutureTask.run(FutureTask.java)
	at --- Async.Stack.Trace --- (captured by IntelliJ IDEA debugger)
	at java.base/java.util.concurrent.FutureTask.<init>(FutureTask.java:151)
	at java.base/java.util.concurrent.ScheduledThreadPoolExecutor$ScheduledFutureTask.<init>(ScheduledThreadPoolExecutor.java:215)
	at java.base/java.util.concurrent.ScheduledThreadPoolExecutor.schedule(ScheduledThreadPoolExecutor.java:561)
	at com.netflix.discovery.TimedSupervisorTask.run(TimedSupervisorTask.java:99)
	at java.base/java.util.concurrent.Executors$RunnableAdapter.call(Executors.java:539)
	at java.base/java.util.concurrent.FutureTask.run$$$capture(FutureTask.java:264)
	at java.base/java.util.concurrent.FutureTask.run(FutureTask.java)
	at --- Async.Stack.Trace --- (captured by IntelliJ IDEA debugger)
	at java.base/java.util.concurrent.FutureTask.<init>(FutureTask.java:151)
	at java.base/java.util.concurrent.ScheduledThreadPoolExecutor$ScheduledFutureTask.<init>(ScheduledThreadPoolExecutor.java:215)
	at java.base/java.util.concurrent.ScheduledThreadPoolExecutor.schedule(ScheduledThreadPoolExecutor.java:561)
	at com.netflix.discovery.TimedSupervisorTask.run(TimedSupervisorTask.java:99)
	at java.base/java.util.concurrent.Executors$RunnableAdapter.call(Executors.java:539)
	at java.base/java.util.concurrent.FutureTask.run$$$capture(FutureTask.java:264)
	at java.base/java.util.concurrent.FutureTask.run(FutureTask.java)
	at --- Async.Stack.Trace --- (captured by IntelliJ IDEA debugger)
	at java.base/java.util.concurrent.FutureTask.<init>(FutureTask.java:151)
	at java.base/java.util.concurrent.ScheduledThreadPoolExecutor$ScheduledFutureTask.<init>(ScheduledThreadPoolExecutor.java:215)
	at java.base/java.util.concurrent.ScheduledThreadPoolExecutor.schedule(ScheduledThreadPoolExecutor.java:561)
	at com.netflix.discovery.TimedSupervisorTask.run(TimedSupervisorTask.java:99)
	at java.base/java.util.concurrent.Executors$RunnableAdapter.call(Executors.java:539)
	at java.base/java.util.concurrent.FutureTask.run$$$capture(FutureTask.java:264)
	at java.base/java.util.concurrent.FutureTask.run(FutureTask.java)
	at --- Async.Stack.Trace --- (captured by IntelliJ IDEA debugger)
	at java.base/java.util.concurrent.FutureTask.<init>(FutureTask.java:151)
	at java.base/java.util.concurrent.ScheduledThreadPoolExecutor$ScheduledFutureTask.<init>(ScheduledThreadPoolExecutor.java:215)
	at java.base/java.util.concurrent.ScheduledThreadPoolExecutor.schedule(ScheduledThreadPoolExecutor.java:561)
	at com.netflix.discovery.TimedSupervisorTask.run(TimedSupervisorTask.java:99)
	at java.base/java.util.concurrent.Executors$RunnableAdapter.call(Executors.java:539)
	at java.base/java.util.concurrent.FutureTask.run$$$capture(FutureTask.java:264)
	at java.base/java.util.concurrent.FutureTask.run(FutureTask.java)
	at --- Async.Stack.Trace --- (captured by IntelliJ IDEA debugger)
	at java.base/java.util.concurrent.FutureTask.<init>(FutureTask.java:151)
	at java.base/java.util.concurrent.ScheduledThreadPoolExecutor$ScheduledFutureTask.<init>(ScheduledThreadPoolExecutor.java:215)
	at java.base/java.util.concurrent.ScheduledThreadPoolExecutor.schedule(ScheduledThreadPoolExecutor.java:561)
	at com.netflix.discovery.TimedSupervisorTask.run(TimedSupervisorTask.java:99)
	at java.base/java.util.concurrent.Executors$RunnableAdapter.call(Executors.java:539)
	at java.base/java.util.concurrent.FutureTask.run$$$capture(FutureTask.java:264)
	at java.base/java.util.concurrent.FutureTask.run(FutureTask.java)
	at --- Async.Stack.Trace --- (captured by IntelliJ IDEA debugger)
	at java.base/java.util.concurrent.FutureTask.<init>(FutureTask.java:151)
	at java.base/java.util.concurrent.ScheduledThreadPoolExecutor$ScheduledFutureTask.<init>(ScheduledThreadPoolExecutor.java:215)
	at java.base/java.util.concurrent.ScheduledThreadPoolExecutor.schedule(ScheduledThreadPoolExecutor.java:561)
	at com.netflix.discovery.TimedSupervisorTask.run(TimedSupervisorTask.java:99)
	at java.base/java.util.concurrent.Executors$RunnableAdapter.call(Executors.java:539)
	at java.base/java.util.concurrent.FutureTask.run$$$capture(FutureTask.java:264)
	at java.base/java.util.concurrent.FutureTask.run(FutureTask.java)
	at --- Async.Stack.Trace --- (captured by IntelliJ IDEA debugger)
	at java.base/java.util.concurrent.FutureTask.<init>(FutureTask.java:151)
	at java.base/java.util.concurrent.ScheduledThreadPoolExecutor$ScheduledFutureTask.<init>(ScheduledThreadPoolExecutor.java:215)
	at java.base/java.util.concurrent.ScheduledThreadPoolExecutor.schedule(ScheduledThreadPoolExecutor.java:561)
	at com.netflix.discovery.TimedSupervisorTask.run(TimedSupervisorTask.java:99)
	at java.base/java.util.concurrent.Executors$RunnableAdapter.call(Executors.java:539)
	at java.base/java.util.concurrent.FutureTask.run$$$capture(FutureTask.java:264)
	at java.base/java.util.concurrent.FutureTask.run(FutureTask.java)
	at --- Async.Stack.Trace --- (captured by IntelliJ IDEA debugger)
	at java.base/java.util.concurrent.FutureTask.<init>(FutureTask.java:151)
	at java.base/java.util.concurrent.ScheduledThreadPoolExecutor$ScheduledFutureTask.<init>(ScheduledThreadPoolExecutor.java:215)
	at java.base/java.util.concurrent.ScheduledThreadPoolExecutor.schedule(ScheduledThreadPoolExecutor.java:561)
	at com.netflix.discovery.TimedSupervisorTask.run(TimedSupervisorTask.java:99)
	at java.base/java.util.concurrent.Executors$RunnableAdapter.call(Executors.java:539)
	at java.base/java.util.concurrent.FutureTask.run$$$capture(FutureTask.java:264)
	at java.base/java.util.concurrent.FutureTask.run(FutureTask.java)
	at --- Async.Stack.Trace --- (captured by IntelliJ IDEA debugger)
	at java.base/java.util.concurrent.FutureTask.<init>(FutureTask.java:151)
	at java.base/java.util.concurrent.ScheduledThreadPoolExecutor$ScheduledFutureTask.<init>(ScheduledThreadPoolExecutor.java:215)
	at java.base/java.util.concurrent.ScheduledThreadPoolExecutor.schedule(ScheduledThreadPoolExecutor.java:561)
	at com.netflix.discovery.TimedSupervisorTask.run(TimedSupervisorTask.java:99)
	at java.base/java.util.concurrent.Executors$RunnableAdapter.call(Executors.java:539)
	at java.base/java.util.concurrent.FutureTask.run$$$capture(FutureTask.java:264)
	at java.base/java.util.concurrent.FutureTask.run(FutureTask.java)
	at --- Async.Stack.Trace --- (captured by IntelliJ IDEA debugger)
	at java.base/java.util.concurrent.FutureTask.<init>(FutureTask.java:151)
	at java.base/java.util.concurrent.ScheduledThreadPoolExecutor$ScheduledFutureTask.<init>(ScheduledThreadPoolExecutor.java:215)
	at java.base/java.util.concurrent.ScheduledThreadPoolExecutor.schedule(ScheduledThreadPoolExecutor.java:561)
	at com.netflix.discovery.TimedSupervisorTask.run(TimedSupervisorTask.java:99)
	at java.base/java.util.concurrent.Executors$RunnableAdapter.call(Executors.java:539)
	at java.base/java.util.concurrent.FutureTask.run$$$capture(FutureTask.java:264)
	at java.base/java.util.concurrent.FutureTask.run(FutureTask.java)
	at --- Async.Stack.Trace --- (captured by IntelliJ IDEA debugger)
	at java.base/java.util.concurrent.FutureTask.<init>(FutureTask.java:151)
	at java.base/java.util.concurrent.ScheduledThreadPoolExecutor$ScheduledFutureTask.<init>(ScheduledThreadPoolExecutor.java:215)
	at java.base/java.util.concurrent.ScheduledThreadPoolExecutor.schedule(ScheduledThreadPoolExecutor.java:561)
	at com.netflix.discovery.TimedSupervisorTask.run(TimedSupervisorTask.java:99)
	at java.base/java.util.concurrent.Executors$RunnableAdapter.call(Executors.java:539)
	at java.base/java.util.concurrent.FutureTask.run$$$capture(FutureTask.java:264)
	at java.base/java.util.concurrent.FutureTask.run(FutureTask.java)
	at --- Async.Stack.Trace --- (captured by IntelliJ IDEA debugger)
	at java.base/java.util.concurrent.FutureTask.<init>(FutureTask.java:151)
	at java.base/java.util.concurrent.ScheduledThreadPoolExecutor$ScheduledFutureTask.<init>(ScheduledThreadPoolExecutor.java:215)
	at java.base/java.util.concurrent.ScheduledThreadPoolExecutor.schedule(ScheduledThreadPoolExecutor.java:561)
	at com.netflix.discovery.TimedSupervisorTask.run(TimedSupervisorTask.java:99)
	at java.base/java.util.concurrent.Executors$RunnableAdapter.call(Executors.java:539)
	at java.base/java.util.concurrent.FutureTask.run$$$capture(FutureTask.java:264)
	at java.base/java.util.concurrent.FutureTask.run(FutureTask.java)
	at --- Async.Stack.Trace --- (captured by IntelliJ IDEA debugger)
	at java.base/java.util.concurrent.FutureTask.<init>(FutureTask.java:151)
	at java.base/java.util.concurrent.ScheduledThreadPoolExecutor$ScheduledFutureTask.<init>(ScheduledThreadPoolExecutor.java:215)
	at java.base/java.util.concurrent.ScheduledThreadPoolExecutor.schedule(ScheduledThreadPoolExecutor.java:561)
	at com.netflix.discovery.TimedSupervisorTask.run(TimedSupervisorTask.java:99)
	at java.base/java.util.concurrent.Executors$RunnableAdapter.call(Executors.java:539)
	at java.base/java.util.concurrent.FutureTask.run$$$capture(FutureTask.java:264)
	at java.base/java.util.concurrent.FutureTask.run(FutureTask.java)
	at --- Async.Stack.Trace --- (captured by IntelliJ IDEA debugger)
	at java.base/java.util.concurrent.FutureTask.<init>(FutureTask.java:151)
	at java.base/java.util.concurrent.ScheduledThreadPoolExecutor$ScheduledFutureTask.<init>(ScheduledThreadPoolExecutor.java:215)
	at java.base/java.util.concurrent.ScheduledThreadPoolExecutor.schedule(ScheduledThreadPoolExecutor.java:561)
	at com.netflix.discovery.TimedSupervisorTask.run(TimedSupervisorTask.java:99)
	at java.base/java.util.concurrent.Executors$RunnableAdapter.call(Executors.java:539)
	at java.base/java.util.concurrent.FutureTask.run$$$capture(FutureTask.java:264)
	at java.base/java.util.concurrent.FutureTask.run(FutureTask.java)
	at --- Async.Stack.Trace --- (captured by IntelliJ IDEA debugger)
	at java.base/java.util.concurrent.FutureTask.<init>(FutureTask.java:151)
	at java.base/java.util.concurrent.ScheduledThreadPoolExecutor$ScheduledFutureTask.<init>(ScheduledThreadPoolExecutor.java:215)
	at java.base/java.util.concurrent.ScheduledThreadPoolExecutor.schedule(ScheduledThreadPoolExecutor.java:561)
	at com.netflix.discovery.TimedSupervisorTask.run(TimedSupervisorTask.java:99)
	at java.base/java.util.concurrent.Executors$RunnableAdapter.call(Executors.java:539)
	at java.base/java.util.concurrent.FutureTask.run$$$capture(FutureTask.java:264)
	at java.base/java.util.concurrent.FutureTask.run(FutureTask.java)
	at --- Async.Stack.Trace --- (captured by IntelliJ IDEA debugger)
	at java.base/java.util.concurrent.FutureTask.<init>(FutureTask.java:151)
	at java.base/java.util.concurrent.ScheduledThreadPoolExecutor$ScheduledFutureTask.<init>(ScheduledThreadPoolExecutor.java:215)
	at java.base/java.util.concurrent.ScheduledThreadPoolExecutor.schedule(ScheduledThreadPoolExecutor.java:561)
	at com.netflix.discovery.TimedSupervisorTask.run(TimedSupervisorTask.java:99)
	at java.base/java.util.concurrent.Executors$RunnableAdapter.call(Executors.java:539)
	at java.base/java.util.concurrent.FutureTask.run$$$capture(FutureTask.java:264)
	at java.base/java.util.concurrent.FutureTask.run(FutureTask.java)
	at --- Async.Stack.Trace --- (captured by IntelliJ IDEA debugger)
 
2025-04-21 12:09:26-634 [DiscoveryClient-HeartbeatExecutor-%d] INFO  c.n.d.s.t.d.RedirectingEurekaHttpClient - Request execution error. endpoint=DefaultEndpoint{ serviceUrl='http://localhost:8761/eureka/}, exception=I/O error on PUT request for "http://localhost:8761/eureka/apps/SERVICE-CUSTOMER/192.168.1.11:service-customer:8181": Connect to http://localhost:8761 [localhost/127.0.0.1, localhost/0:0:0:0:0:0:0:1] failed: Connection refused: no further information stacktrace=org.springframework.web.client.ResourceAccessException: I/O error on PUT request for "http://localhost:8761/eureka/apps/SERVICE-CUSTOMER/192.168.1.11:service-customer:8181": Connect to http://localhost:8761 [localhost/127.0.0.1, localhost/0:0:0:0:0:0:0:1] failed: Connection refused: no further information
	at org.springframework.web.client.RestTemplate.createResourceAccessException(RestTemplate.java:926)
	at org.springframework.web.client.RestTemplate.doExecute(RestTemplate.java:906)
	at org.springframework.web.client.RestTemplate.execute(RestTemplate.java:841)
	at org.springframework.web.client.RestTemplate.exchange(RestTemplate.java:702)
	at org.springframework.cloud.netflix.eureka.http.RestTemplateEurekaHttpClient.sendHeartBeat(RestTemplateEurekaHttpClient.java:119)
	at com.netflix.discovery.shared.transport.decorator.EurekaHttpClientDecorator$3.execute(EurekaHttpClientDecorator.java:92)
	at com.netflix.discovery.shared.transport.decorator.RedirectingEurekaHttpClient.executeOnNewServer(RedirectingEurekaHttpClient.java:121)
	at com.netflix.discovery.shared.transport.decorator.RedirectingEurekaHttpClient.execute(RedirectingEurekaHttpClient.java:80)
	at com.netflix.discovery.shared.transport.decorator.EurekaHttpClientDecorator.sendHeartBeat(EurekaHttpClientDecorator.java:89)
	at com.netflix.discovery.shared.transport.decorator.EurekaHttpClientDecorator$3.execute(EurekaHttpClientDecorator.java:92)
	at com.netflix.discovery.shared.transport.decorator.RetryableEurekaHttpClient.execute(RetryableEurekaHttpClient.java:120)
	at com.netflix.discovery.shared.transport.decorator.EurekaHttpClientDecorator.sendHeartBeat(EurekaHttpClientDecorator.java:89)
	at com.netflix.discovery.shared.transport.decorator.EurekaHttpClientDecorator$3.execute(EurekaHttpClientDecorator.java:92)
	at com.netflix.discovery.shared.transport.decorator.SessionedEurekaHttpClient.execute(SessionedEurekaHttpClient.java:76)
	at com.netflix.discovery.shared.transport.decorator.EurekaHttpClientDecorator.sendHeartBeat(EurekaHttpClientDecorator.java:89)
	at com.netflix.discovery.DiscoveryClient.renew(DiscoveryClient.java:845)
	at com.netflix.discovery.DiscoveryClient$HeartbeatThread.run(DiscoveryClient.java:1402)
	at java.base/java.util.concurrent.Executors$RunnableAdapter.call(Executors.java:539)
	at java.base/java.util.concurrent.FutureTask.run$$$capture(FutureTask.java:264)
	at java.base/java.util.concurrent.FutureTask.run(FutureTask.java)
	at --- Async.Stack.Trace --- (captured by IntelliJ IDEA debugger)
	at java.base/java.util.concurrent.FutureTask.<init>(FutureTask.java:151)
	at java.base/java.util.concurrent.AbstractExecutorService.newTaskFor(AbstractExecutorService.java:98)
	at java.base/java.util.concurrent.AbstractExecutorService.submit(AbstractExecutorService.java:122)
	at com.netflix.discovery.TimedSupervisorTask.run(TimedSupervisorTask.java:63)
	at java.base/java.util.concurrent.Executors$RunnableAdapter.call(Executors.java:539)
	at java.base/java.util.concurrent.FutureTask.run$$$capture(FutureTask.java:264)
	at java.base/java.util.concurrent.FutureTask.run(FutureTask.java)
	at --- Async.Stack.Trace --- (captured by IntelliJ IDEA debugger)
	at java.base/java.util.concurrent.FutureTask.<init>(FutureTask.java:151)
	at java.base/java.util.concurrent.ScheduledThreadPoolExecutor$ScheduledFutureTask.<init>(ScheduledThreadPoolExecutor.java:215)
	at java.base/java.util.concurrent.ScheduledThreadPoolExecutor.schedule(ScheduledThreadPoolExecutor.java:561)
	at com.netflix.discovery.TimedSupervisorTask.run(TimedSupervisorTask.java:99)
	at java.base/java.util.concurrent.Executors$RunnableAdapter.call(Executors.java:539)
	at java.base/java.util.concurrent.FutureTask.run$$$capture(FutureTask.java:264)
	at java.base/java.util.concurrent.FutureTask.run(FutureTask.java)
	at --- Async.Stack.Trace --- (captured by IntelliJ IDEA debugger)
	at java.base/java.util.concurrent.FutureTask.<init>(FutureTask.java:151)
	at java.base/java.util.concurrent.ScheduledThreadPoolExecutor$ScheduledFutureTask.<init>(ScheduledThreadPoolExecutor.java:215)
	at java.base/java.util.concurrent.ScheduledThreadPoolExecutor.schedule(ScheduledThreadPoolExecutor.java:561)
	at com.netflix.discovery.TimedSupervisorTask.run(TimedSupervisorTask.java:99)
	at java.base/java.util.concurrent.Executors$RunnableAdapter.call(Executors.java:539)
	at java.base/java.util.concurrent.FutureTask.run$$$capture(FutureTask.java:264)
	at java.base/java.util.concurrent.FutureTask.run(FutureTask.java)
	at --- Async.Stack.Trace --- (captured by IntelliJ IDEA debugger)
	at java.base/java.util.concurrent.FutureTask.<init>(FutureTask.java:151)
	at java.base/java.util.concurrent.ScheduledThreadPoolExecutor$ScheduledFutureTask.<init>(ScheduledThreadPoolExecutor.java:215)
	at java.base/java.util.concurrent.ScheduledThreadPoolExecutor.schedule(ScheduledThreadPoolExecutor.java:561)
	at com.netflix.discovery.TimedSupervisorTask.run(TimedSupervisorTask.java:99)
	at java.base/java.util.concurrent.Executors$RunnableAdapter.call(Executors.java:539)
	at java.base/java.util.concurrent.FutureTask.run$$$capture(FutureTask.java:264)
	at java.base/java.util.concurrent.FutureTask.run(FutureTask.java)
	at --- Async.Stack.Trace --- (captured by IntelliJ IDEA debugger)
	at java.base/java.util.concurrent.FutureTask.<init>(FutureTask.java:151)
	at java.base/java.util.concurrent.ScheduledThreadPoolExecutor$ScheduledFutureTask.<init>(ScheduledThreadPoolExecutor.java:215)
	at java.base/java.util.concurrent.ScheduledThreadPoolExecutor.schedule(ScheduledThreadPoolExecutor.java:561)
	at com.netflix.discovery.TimedSupervisorTask.run(TimedSupervisorTask.java:99)
	at java.base/java.util.concurrent.Executors$RunnableAdapter.call(Executors.java:539)
	at java.base/java.util.concurrent.FutureTask.run$$$capture(FutureTask.java:264)
	at java.base/java.util.concurrent.FutureTask.run(FutureTask.java)
	at --- Async.Stack.Trace --- (captured by IntelliJ IDEA debugger)
	at java.base/java.util.concurrent.FutureTask.<init>(FutureTask.java:151)
	at java.base/java.util.concurrent.ScheduledThreadPoolExecutor$ScheduledFutureTask.<init>(ScheduledThreadPoolExecutor.java:215)
	at java.base/java.util.concurrent.ScheduledThreadPoolExecutor.schedule(ScheduledThreadPoolExecutor.java:561)
	at com.netflix.discovery.TimedSupervisorTask.run(TimedSupervisorTask.java:99)
	at java.base/java.util.concurrent.Executors$RunnableAdapter.call(Executors.java:539)
	at java.base/java.util.concurrent.FutureTask.run$$$capture(FutureTask.java:264)
	at java.base/java.util.concurrent.FutureTask.run(FutureTask.java)
	at --- Async.Stack.Trace --- (captured by IntelliJ IDEA debugger)
	at java.base/java.util.concurrent.FutureTask.<init>(FutureTask.java:151)
	at java.base/java.util.concurrent.ScheduledThreadPoolExecutor$ScheduledFutureTask.<init>(ScheduledThreadPoolExecutor.java:215)
	at java.base/java.util.concurrent.ScheduledThreadPoolExecutor.schedule(ScheduledThreadPoolExecutor.java:561)
	at com.netflix.discovery.TimedSupervisorTask.run(TimedSupervisorTask.java:99)
	at java.base/java.util.concurrent.Executors$RunnableAdapter.call(Executors.java:539)
	at java.base/java.util.concurrent.FutureTask.run$$$capture(FutureTask.java:264)
	at java.base/java.util.concurrent.FutureTask.run(FutureTask.java)
	at --- Async.Stack.Trace --- (captured by IntelliJ IDEA debugger)
	at java.base/java.util.concurrent.FutureTask.<init>(FutureTask.java:151)
	at java.base/java.util.concurrent.ScheduledThreadPoolExecutor$ScheduledFutureTask.<init>(ScheduledThreadPoolExecutor.java:215)
	at java.base/java.util.concurrent.ScheduledThreadPoolExecutor.schedule(ScheduledThreadPoolExecutor.java:561)
	at com.netflix.discovery.TimedSupervisorTask.run(TimedSupervisorTask.java:99)
	at java.base/java.util.concurrent.Executors$RunnableAdapter.call(Executors.java:539)
	at java.base/java.util.concurrent.FutureTask.run$$$capture(FutureTask.java:264)
	at java.base/java.util.concurrent.FutureTask.run(FutureTask.java)
	at --- Async.Stack.Trace --- (captured by IntelliJ IDEA debugger)
	at java.base/java.util.concurrent.FutureTask.<init>(FutureTask.java:151)
	at java.base/java.util.concurrent.ScheduledThreadPoolExecutor$ScheduledFutureTask.<init>(ScheduledThreadPoolExecutor.java:215)
	at java.base/java.util.concurrent.ScheduledThreadPoolExecutor.schedule(ScheduledThreadPoolExecutor.java:561)
	at com.netflix.discovery.TimedSupervisorTask.run(TimedSupervisorTask.java:99)
	at java.base/java.util.concurrent.Executors$RunnableAdapter.call(Executors.java:539)
	at java.base/java.util.concurrent.FutureTask.run$$$capture(FutureTask.java:264)
	at java.base/java.util.concurrent.FutureTask.run(FutureTask.java)
	at --- Async.Stack.Trace --- (captured by IntelliJ IDEA debugger)
	at java.base/java.util.concurrent.FutureTask.<init>(FutureTask.java:151)
	at java.base/java.util.concurrent.ScheduledThreadPoolExecutor$ScheduledFutureTask.<init>(ScheduledThreadPoolExecutor.java:215)
	at java.base/java.util.concurrent.ScheduledThreadPoolExecutor.schedule(ScheduledThreadPoolExecutor.java:561)
	at com.netflix.discovery.TimedSupervisorTask.run(TimedSupervisorTask.java:99)
	at java.base/java.util.concurrent.Executors$RunnableAdapter.call(Executors.java:539)
	at java.base/java.util.concurrent.FutureTask.run$$$capture(FutureTask.java:264)
	at java.base/java.util.concurrent.FutureTask.run(FutureTask.java)
	at --- Async.Stack.Trace --- (captured by IntelliJ IDEA debugger)
	at java.base/java.util.concurrent.FutureTask.<init>(FutureTask.java:151)
	at java.base/java.util.concurrent.ScheduledThreadPoolExecutor$ScheduledFutureTask.<init>(ScheduledThreadPoolExecutor.java:215)
	at java.base/java.util.concurrent.ScheduledThreadPoolExecutor.schedule(ScheduledThreadPoolExecutor.java:561)
	at com.netflix.discovery.TimedSupervisorTask.run(TimedSupervisorTask.java:99)
	at java.base/java.util.concurrent.Executors$RunnableAdapter.call(Executors.java:539)
	at java.base/java.util.concurrent.FutureTask.run$$$capture(FutureTask.java:264)
	at java.base/java.util.concurrent.FutureTask.run(FutureTask.java)
	at --- Async.Stack.Trace --- (captured by IntelliJ IDEA debugger)
	at java.base/java.util.concurrent.FutureTask.<init>(FutureTask.java:151)
	at java.base/java.util.concurrent.ScheduledThreadPoolExecutor$ScheduledFutureTask.<init>(ScheduledThreadPoolExecutor.java:215)
	at java.base/java.util.concurrent.ScheduledThreadPoolExecutor.schedule(ScheduledThreadPoolExecutor.java:561)
	at com.netflix.discovery.TimedSupervisorTask.run(TimedSupervisorTask.java:99)
	at java.base/java.util.concurrent.Executors$RunnableAdapter.call(Executors.java:539)
	at java.base/java.util.concurrent.FutureTask.run$$$capture(FutureTask.java:264)
	at java.base/java.util.concurrent.FutureTask.run(FutureTask.java)
	at --- Async.Stack.Trace --- (captured by IntelliJ IDEA debugger)
	at java.base/java.util.concurrent.FutureTask.<init>(FutureTask.java:151)
	at java.base/java.util.concurrent.ScheduledThreadPoolExecutor$ScheduledFutureTask.<init>(ScheduledThreadPoolExecutor.java:215)
	at java.base/java.util.concurrent.ScheduledThreadPoolExecutor.schedule(ScheduledThreadPoolExecutor.java:561)
	at com.netflix.discovery.TimedSupervisorTask.run(TimedSupervisorTask.java:99)
	at java.base/java.util.concurrent.Executors$RunnableAdapter.call(Executors.java:539)
	at java.base/java.util.concurrent.FutureTask.run$$$capture(FutureTask.java:264)
	at java.base/java.util.concurrent.FutureTask.run(FutureTask.java)
	at --- Async.Stack.Trace --- (captured by IntelliJ IDEA debugger)
	at java.base/java.util.concurrent.FutureTask.<init>(FutureTask.java:151)
	at java.base/java.util.concurrent.ScheduledThreadPoolExecutor$ScheduledFutureTask.<init>(ScheduledThreadPoolExecutor.java:215)
	at java.base/java.util.concurrent.ScheduledThreadPoolExecutor.schedule(ScheduledThreadPoolExecutor.java:561)
	at com.netflix.discovery.TimedSupervisorTask.run(TimedSupervisorTask.java:99)
	at java.base/java.util.concurrent.Executors$RunnableAdapter.call(Executors.java:539)
	at java.base/java.util.concurrent.FutureTask.run$$$capture(FutureTask.java:264)
	at java.base/java.util.concurrent.FutureTask.run(FutureTask.java)
	at --- Async.Stack.Trace --- (captured by IntelliJ IDEA debugger)
	at java.base/java.util.concurrent.FutureTask.<init>(FutureTask.java:151)
	at java.base/java.util.concurrent.ScheduledThreadPoolExecutor$ScheduledFutureTask.<init>(ScheduledThreadPoolExecutor.java:215)
	at java.base/java.util.concurrent.ScheduledThreadPoolExecutor.schedule(ScheduledThreadPoolExecutor.java:561)
	at com.netflix.discovery.TimedSupervisorTask.run(TimedSupervisorTask.java:99)
	at java.base/java.util.concurrent.Executors$RunnableAdapter.call(Executors.java:539)
	at java.base/java.util.concurrent.FutureTask.run$$$capture(FutureTask.java:264)
	at java.base/java.util.concurrent.FutureTask.run(FutureTask.java)
	at --- Async.Stack.Trace --- (captured by IntelliJ IDEA debugger)
	at java.base/java.util.concurrent.FutureTask.<init>(FutureTask.java:151)
	at java.base/java.util.concurrent.ScheduledThreadPoolExecutor$ScheduledFutureTask.<init>(ScheduledThreadPoolExecutor.java:215)
	at java.base/java.util.concurrent.ScheduledThreadPoolExecutor.schedule(ScheduledThreadPoolExecutor.java:561)
	at com.netflix.discovery.TimedSupervisorTask.run(TimedSupervisorTask.java:99)
	at java.base/java.util.concurrent.Executors$RunnableAdapter.call(Executors.java:539)
	at java.base/java.util.concurrent.FutureTask.run$$$capture(FutureTask.java:264)
	at java.base/java.util.concurrent.FutureTask.run(FutureTask.java)
	at --- Async.Stack.Trace --- (captured by IntelliJ IDEA debugger)
	at java.base/java.util.concurrent.FutureTask.<init>(FutureTask.java:151)
	at java.base/java.util.concurrent.ScheduledThreadPoolExecutor$ScheduledFutureTask.<init>(ScheduledThreadPoolExecutor.java:215)
	at java.base/java.util.concurrent.ScheduledThreadPoolExecutor.schedule(ScheduledThreadPoolExecutor.java:561)
	at com.netflix.discovery.TimedSupervisorTask.run(TimedSupervisorTask.java:99)
	at java.base/java.util.concurrent.Executors$RunnableAdapter.call(Executors.java:539)
	at java.base/java.util.concurrent.FutureTask.run$$$capture(FutureTask.java:264)
	at java.base/java.util.concurrent.FutureTask.run(FutureTask.java)
	at --- Async.Stack.Trace --- (captured by IntelliJ IDEA debugger)
	at java.base/java.util.concurrent.FutureTask.<init>(FutureTask.java:151)
	at java.base/java.util.concurrent.ScheduledThreadPoolExecutor$ScheduledFutureTask.<init>(ScheduledThreadPoolExecutor.java:215)
	at java.base/java.util.concurrent.ScheduledThreadPoolExecutor.schedule(ScheduledThreadPoolExecutor.java:561)
	at com.netflix.discovery.TimedSupervisorTask.run(TimedSupervisorTask.java:99)
	at java.base/java.util.concurrent.Executors$RunnableAdapter.call(Executors.java:539)
	at java.base/java.util.concurrent.FutureTask.run$$$capture(FutureTask.java:264)
	at java.base/java.util.concurrent.FutureTask.run(FutureTask.java)
	at --- Async.Stack.Trace --- (captured by IntelliJ IDEA debugger)
	at java.base/java.util.concurrent.FutureTask.<init>(FutureTask.java:151)
	at java.base/java.util.concurrent.ScheduledThreadPoolExecutor$ScheduledFutureTask.<init>(ScheduledThreadPoolExecutor.java:215)
	at java.base/java.util.concurrent.ScheduledThreadPoolExecutor.schedule(ScheduledThreadPoolExecutor.java:561)
	at com.netflix.discovery.TimedSupervisorTask.run(TimedSupervisorTask.java:99)
	at java.base/java.util.concurrent.Executors$RunnableAdapter.call(Executors.java:539)
	at java.base/java.util.concurrent.FutureTask.run$$$capture(FutureTask.java:264)
	at java.base/java.util.concurrent.FutureTask.run(FutureTask.java)
	at --- Async.Stack.Trace --- (captured by IntelliJ IDEA debugger)
	at java.base/java.util.concurrent.FutureTask.<init>(FutureTask.java:151)
	at java.base/java.util.concurrent.ScheduledThreadPoolExecutor$ScheduledFutureTask.<init>(ScheduledThreadPoolExecutor.java:215)
	at java.base/java.util.concurrent.ScheduledThreadPoolExecutor.schedule(ScheduledThreadPoolExecutor.java:561)
	at com.netflix.discovery.TimedSupervisorTask.run(TimedSupervisorTask.java:99)
	at java.base/java.util.concurrent.Executors$RunnableAdapter.call(Executors.java:539)
	at java.base/java.util.concurrent.FutureTask.run$$$capture(FutureTask.java:264)
	at java.base/java.util.concurrent.FutureTask.run(FutureTask.java)
	at --- Async.Stack.Trace --- (captured by IntelliJ IDEA debugger)
	at java.base/java.util.concurrent.FutureTask.<init>(FutureTask.java:151)
	at java.base/java.util.concurrent.ScheduledThreadPoolExecutor$ScheduledFutureTask.<init>(ScheduledThreadPoolExecutor.java:215)
	at java.base/java.util.concurrent.ScheduledThreadPoolExecutor.schedule(ScheduledThreadPoolExecutor.java:561)
	at com.netflix.discovery.TimedSupervisorTask.run(TimedSupervisorTask.java:99)
	at java.base/java.util.concurrent.Executors$RunnableAdapter.call(Executors.java:539)
	at java.base/java.util.concurrent.FutureTask.run$$$capture(FutureTask.java:264)
	at java.base/java.util.concurrent.FutureTask.run(FutureTask.java)
	at --- Async.Stack.Trace --- (captured by IntelliJ IDEA debugger)
	at java.base/java.util.concurrent.FutureTask.<init>(FutureTask.java:151)
	at java.base/java.util.concurrent.ScheduledThreadPoolExecutor$ScheduledFutureTask.<init>(ScheduledThreadPoolExecutor.java:215)
	at java.base/java.util.concurrent.ScheduledThreadPoolExecutor.schedule(ScheduledThreadPoolExecutor.java:561)
	at com.netflix.discovery.TimedSupervisorTask.run(TimedSupervisorTask.java:99)
	at java.base/java.util.concurrent.Executors$RunnableAdapter.call(Executors.java:539)
	at java.base/java.util.concurrent.FutureTask.run$$$capture(FutureTask.java:264)
	at java.base/java.util.concurrent.FutureTask.run(FutureTask.java)
	at --- Async.Stack.Trace --- (captured by IntelliJ IDEA debugger)
	at java.base/java.util.concurrent.FutureTask.<init>(FutureTask.java:151)
	at java.base/java.util.concurrent.ScheduledThreadPoolExecutor$ScheduledFutureTask.<init>(ScheduledThreadPoolExecutor.java:215)
	at java.base/java.util.concurrent.ScheduledThreadPoolExecutor.schedule(ScheduledThreadPoolExecutor.java:561)
	at com.netflix.discovery.TimedSupervisorTask.run(TimedSupervisorTask.java:99)
	at java.base/java.util.concurrent.Executors$RunnableAdapter.call(Executors.java:539)
	at java.base/java.util.concurrent.FutureTask.run$$$capture(FutureTask.java:264)
	at java.base/java.util.concurrent.FutureTask.run(FutureTask.java)
	at --- Async.Stack.Trace --- (captured by IntelliJ IDEA debugger)
	at java.base/java.util.concurrent.FutureTask.<init>(FutureTask.java:151)
	at java.base/java.util.concurrent.ScheduledThreadPoolExecutor$ScheduledFutureTask.<init>(ScheduledThreadPoolExecutor.java:215)
	at java.base/java.util.concurrent.ScheduledThreadPoolExecutor.schedule(ScheduledThreadPoolExecutor.java:561)
	at com.netflix.discovery.TimedSupervisorTask.run(TimedSupervisorTask.java:99)
	at java.base/java.util.concurrent.Executors$RunnableAdapter.call(Executors.java:539)
	at java.base/java.util.concurrent.FutureTask.run$$$capture(FutureTask.java:264)
	at java.base/java.util.concurrent.FutureTask.run(FutureTask.java)
	at --- Async.Stack.Trace --- (captured by IntelliJ IDEA debugger)
	at java.base/java.util.concurrent.FutureTask.<init>(FutureTask.java:151)
	at java.base/java.util.concurrent.ScheduledThreadPoolExecutor$ScheduledFutureTask.<init>(ScheduledThreadPoolExecutor.java:215)
	at java.base/java.util.concurrent.ScheduledThreadPoolExecutor.schedule(ScheduledThreadPoolExecutor.java:561)
	at com.netflix.discovery.TimedSupervisorTask.run(TimedSupervisorTask.java:99)
	at java.base/java.util.concurrent.Executors$RunnableAdapter.call(Executors.java:539)
	at java.base/java.util.concurrent.FutureTask.run$$$capture(FutureTask.java:264)
	at java.base/java.util.concurrent.FutureTask.run(FutureTask.java)
	at --- Async.Stack.Trace --- (captured by IntelliJ IDEA debugger)
	at java.base/java.util.concurrent.FutureTask.<init>(FutureTask.java:151)
	at java.base/java.util.concurrent.ScheduledThreadPoolExecutor$ScheduledFutureTask.<init>(ScheduledThreadPoolExecutor.java:215)
	at java.base/java.util.concurrent.ScheduledThreadPoolExecutor.schedule(ScheduledThreadPoolExecutor.java:561)
	at com.netflix.discovery.TimedSupervisorTask.run(TimedSupervisorTask.java:99)
	at java.base/java.util.concurrent.Executors$RunnableAdapter.call(Executors.java:539)
	at java.base/java.util.concurrent.FutureTask.run$$$capture(FutureTask.java:264)
	at java.base/java.util.concurrent.FutureTask.run(FutureTask.java)
	at --- Async.Stack.Trace --- (captured by IntelliJ IDEA debugger)
	at java.base/java.util.concurrent.FutureTask.<init>(FutureTask.java:151)
	at java.base/java.util.concurrent.ScheduledThreadPoolExecutor$ScheduledFutureTask.<init>(ScheduledThreadPoolExecutor.java:215)
	at java.base/java.util.concurrent.ScheduledThreadPoolExecutor.schedule(ScheduledThreadPoolExecutor.java:561)
	at com.netflix.discovery.TimedSupervisorTask.run(TimedSupervisorTask.java:99)
	at java.base/java.util.concurrent.Executors$RunnableAdapter.call(Executors.java:539)
	at java.base/java.util.concurrent.FutureTask.run$$$capture(FutureTask.java:264)
	at java.base/java.util.concurrent.FutureTask.run(FutureTask.java)
	at --- Async.Stack.Trace --- (captured by IntelliJ IDEA debugger)
	at java.base/java.util.concurrent.FutureTask.<init>(FutureTask.java:151)
	at java.base/java.util.concurrent.ScheduledThreadPoolExecutor$ScheduledFutureTask.<init>(ScheduledThreadPoolExecutor.java:215)
	at java.base/java.util.concurrent.ScheduledThreadPoolExecutor.schedule(ScheduledThreadPoolExecutor.java:561)
	at com.netflix.discovery.TimedSupervisorTask.run(TimedSupervisorTask.java:99)
	at java.base/java.util.concurrent.Executors$RunnableAdapter.call(Executors.java:539)
	at java.base/java.util.concurrent.FutureTask.run$$$capture(FutureTask.java:264)
	at java.base/java.util.concurrent.FutureTask.run(FutureTask.java)
	at --- Async.Stack.Trace --- (captured by IntelliJ IDEA debugger)
	at java.base/java.util.concurrent.FutureTask.<init>(FutureTask.java:151)
	at java.base/java.util.concurrent.ScheduledThreadPoolExecutor$ScheduledFutureTask.<init>(ScheduledThreadPoolExecutor.java:215)
	at java.base/java.util.concurrent.ScheduledThreadPoolExecutor.schedule(ScheduledThreadPoolExecutor.java:561)
	at com.netflix.discovery.TimedSupervisorTask.run(TimedSupervisorTask.java:99)
	at java.base/java.util.concurrent.Executors$RunnableAdapter.call(Executors.java:539)
	at java.base/java.util.concurrent.FutureTask.run$$$capture(FutureTask.java:264)
	at java.base/java.util.concurrent.FutureTask.run(FutureTask.java)
	at --- Async.Stack.Trace --- (captured by IntelliJ IDEA debugger)
	at java.base/java.util.concurrent.FutureTask.<init>(FutureTask.java:151)
	at java.base/java.util.concurrent.ScheduledThreadPoolExecutor$ScheduledFutureTask.<init>(ScheduledThreadPoolExecutor.java:215)
	at java.base/java.util.concurrent.ScheduledThreadPoolExecutor.schedule(ScheduledThreadPoolExecutor.java:561)
	at com.netflix.discovery.TimedSupervisorTask.run(TimedSupervisorTask.java:99)
	at java.base/java.util.concurrent.Executors$RunnableAdapter.call(Executors.java:539)
	at java.base/java.util.concurrent.FutureTask.run$$$capture(FutureTask.java:264)
	at java.base/java.util.concurrent.FutureTask.run(FutureTask.java)
	at --- Async.Stack.Trace --- (captured by IntelliJ IDEA debugger)
	at java.base/java.util.concurrent.FutureTask.<init>(FutureTask.java:151)
	at java.base/java.util.concurrent.ScheduledThreadPoolExecutor$ScheduledFutureTask.<init>(ScheduledThreadPoolExecutor.java:215)
	at java.base/java.util.concurrent.ScheduledThreadPoolExecutor.schedule(ScheduledThreadPoolExecutor.java:561)
	at com.netflix.discovery.TimedSupervisorTask.run(TimedSupervisorTask.java:99)
	at java.base/java.util.concurrent.Executors$RunnableAdapter.call(Executors.java:539)
	at java.base/java.util.concurrent.FutureTask.run$$$capture(FutureTask.java:264)
	at java.base/java.util.concurrent.FutureTask.run(FutureTask.java)
	at --- Async.Stack.Trace --- (captured by IntelliJ IDEA debugger)
	at java.base/java.util.concurrent.FutureTask.<init>(FutureTask.java:151)
	at java.base/java.util.concurrent.ScheduledThreadPoolExecutor$ScheduledFutureTask.<init>(ScheduledThreadPoolExecutor.java:215)
	at java.base/java.util.concurrent.ScheduledThreadPoolExecutor.schedule(ScheduledThreadPoolExecutor.java:561)
	at com.netflix.discovery.TimedSupervisorTask.run(TimedSupervisorTask.java:99)
	at java.base/java.util.concurrent.Executors$RunnableAdapter.call(Executors.java:539)
	at java.base/java.util.concurrent.FutureTask.run$$$capture(FutureTask.java:264)
	at java.base/java.util.concurrent.FutureTask.run(FutureTask.java)
	at --- Async.Stack.Trace --- (captured by IntelliJ IDEA debugger)
	at java.base/java.util.concurrent.FutureTask.<init>(FutureTask.java:151)
	at java.base/java.util.concurrent.ScheduledThreadPoolExecutor$ScheduledFutureTask.<init>(ScheduledThreadPoolExecutor.java:215)
	at java.base/java.util.concurrent.ScheduledThreadPoolExecutor.schedule(ScheduledThreadPoolExecutor.java:561)
	at com.netflix.discovery.TimedSupervisorTask.run(TimedSupervisorTask.java:99)
	at java.base/java.util.concurrent.Executors$RunnableAdapter.call(Executors.java:539)
	at java.base/java.util.concurrent.FutureTask.run$$$capture(FutureTask.java:264)
	at java.base/java.util.concurrent.FutureTask.run(FutureTask.java)
	at --- Async.Stack.Trace --- (captured by IntelliJ IDEA debugger)
	at java.base/java.util.concurrent.FutureTask.<init>(FutureTask.java:151)
	at java.base/java.util.concurrent.ScheduledThreadPoolExecutor$ScheduledFutureTask.<init>(ScheduledThreadPoolExecutor.java:215)
	at java.base/java.util.concurrent.ScheduledThreadPoolExecutor.schedule(ScheduledThreadPoolExecutor.java:561)
	at com.netflix.discovery.TimedSupervisorTask.run(TimedSupervisorTask.java:99)
	at java.base/java.util.concurrent.Executors$RunnableAdapter.call(Executors.java:539)
	at java.base/java.util.concurrent.FutureTask.run$$$capture(FutureTask.java:264)
	at java.base/java.util.concurrent.FutureTask.run(FutureTask.java)
	at --- Async.Stack.Trace --- (captured by IntelliJ IDEA debugger)
	at java.base/java.util.concurrent.FutureTask.<init>(FutureTask.java:151)
	at java.base/java.util.concurrent.ScheduledThreadPoolExecutor$ScheduledFutureTask.<init>(ScheduledThreadPoolExecutor.java:215)
	at java.base/java.util.concurrent.ScheduledThreadPoolExecutor.schedule(ScheduledThreadPoolExecutor.java:561)
	at com.netflix.discovery.TimedSupervisorTask.run(TimedSupervisorTask.java:99)
	at java.base/java.util.concurrent.Executors$RunnableAdapter.call(Executors.java:539)
	at java.base/java.util.concurrent.FutureTask.run$$$capture(FutureTask.java:264)
	at java.base/java.util.concurrent.FutureTask.run(FutureTask.java)
	at --- Async.Stack.Trace --- (captured by IntelliJ IDEA debugger)
	at java.base/java.util.concurrent.FutureTask.<init>(FutureTask.java:151)
	at java.base/java.util.concurrent.ScheduledThreadPoolExecutor$ScheduledFutureTask.<init>(ScheduledThreadPoolExecutor.java:215)
	at java.base/java.util.concurrent.ScheduledThreadPoolExecutor.schedule(ScheduledThreadPoolExecutor.java:561)
	at com.netflix.discovery.TimedSupervisorTask.run(TimedSupervisorTask.java:99)
	at java.base/java.util.concurrent.Executors$RunnableAdapter.call(Executors.java:539)
	at java.base/java.util.concurrent.FutureTask.run$$$capture(FutureTask.java:264)
	at java.base/java.util.concurrent.FutureTask.run(FutureTask.java)
	at --- Async.Stack.Trace --- (captured by IntelliJ IDEA debugger)
	at java.base/java.util.concurrent.FutureTask.<init>(FutureTask.java:151)
	at java.base/java.util.concurrent.ScheduledThreadPoolExecutor$ScheduledFutureTask.<init>(ScheduledThreadPoolExecutor.java:215)
	at java.base/java.util.concurrent.ScheduledThreadPoolExecutor.schedule(ScheduledThreadPoolExecutor.java:561)
	at com.netflix.discovery.TimedSupervisorTask.run(TimedSupervisorTask.java:99)
	at java.base/java.util.concurrent.Executors$RunnableAdapter.call(Executors.java:539)
	at java.base/java.util.concurrent.FutureTask.run$$$capture(FutureTask.java:264)
	at java.base/java.util.concurrent.FutureTask.run(FutureTask.java)
	at --- Async.Stack.Trace --- (captured by IntelliJ IDEA debugger)
	at java.base/java.util.concurrent.FutureTask.<init>(FutureTask.java:151)
	at java.base/java.util.concurrent.ScheduledThreadPoolExecutor$ScheduledFutureTask.<init>(ScheduledThreadPoolExecutor.java:215)
	at java.base/java.util.concurrent.ScheduledThreadPoolExecutor.schedule(ScheduledThreadPoolExecutor.java:561)
	at com.netflix.discovery.TimedSupervisorTask.run(TimedSupervisorTask.java:99)
	at java.base/java.util.concurrent.Executors$RunnableAdapter.call(Executors.java:539)
	at java.base/java.util.concurrent.FutureTask.run$$$capture(FutureTask.java:264)
	at java.base/java.util.concurrent.FutureTask.run(FutureTask.java)
	at --- Async.Stack.Trace --- (captured by IntelliJ IDEA debugger)
	at java.base/java.util.concurrent.FutureTask.<init>(FutureTask.java:151)
	at java.base/java.util.concurrent.ScheduledThreadPoolExecutor$ScheduledFutureTask.<init>(ScheduledThreadPoolExecutor.java:215)
	at java.base/java.util.concurrent.ScheduledThreadPoolExecutor.schedule(ScheduledThreadPoolExecutor.java:561)
	at com.netflix.discovery.TimedSupervisorTask.run(TimedSupervisorTask.java:99)
	at java.base/java.util.concurrent.Executors$RunnableAdapter.call(Executors.java:539)
	at java.base/java.util.concurrent.FutureTask.run$$$capture(FutureTask.java:264)
	at java.base/java.util.concurrent.FutureTask.run(FutureTask.java)
	at --- Async.Stack.Trace --- (captured by IntelliJ IDEA debugger)
	at java.base/java.util.concurrent.FutureTask.<init>(FutureTask.java:151)
	at java.base/java.util.concurrent.ScheduledThreadPoolExecutor$ScheduledFutureTask.<init>(ScheduledThreadPoolExecutor.java:215)
	at java.base/java.util.concurrent.ScheduledThreadPoolExecutor.schedule(ScheduledThreadPoolExecutor.java:561)
	at com.netflix.discovery.TimedSupervisorTask.run(TimedSupervisorTask.java:99)
	at java.base/java.util.concurrent.Executors$RunnableAdapter.call(Executors.java:539)
	at java.base/java.util.concurrent.FutureTask.run$$$capture(FutureTask.java:264)
	at java.base/java.util.concurrent.FutureTask.run(FutureTask.java)
	at --- Async.Stack.Trace --- (captured by IntelliJ IDEA debugger)
	at java.base/java.util.concurrent.FutureTask.<init>(FutureTask.java:151)
	at java.base/java.util.concurrent.ScheduledThreadPoolExecutor$ScheduledFutureTask.<init>(ScheduledThreadPoolExecutor.java:215)
	at java.base/java.util.concurrent.ScheduledThreadPoolExecutor.schedule(ScheduledThreadPoolExecutor.java:561)
	at com.netflix.discovery.TimedSupervisorTask.run(TimedSupervisorTask.java:99)
	at java.base/java.util.concurrent.Executors$RunnableAdapter.call(Executors.java:539)
	at java.base/java.util.concurrent.FutureTask.run$$$capture(FutureTask.java:264)
	at java.base/java.util.concurrent.FutureTask.run(FutureTask.java)
	at --- Async.Stack.Trace --- (captured by IntelliJ IDEA debugger)
	at java.base/java.util.concurrent.FutureTask.<init>(FutureTask.java:151)
	at java.base/java.util.concurrent.ScheduledThreadPoolExecutor$ScheduledFutureTask.<init>(ScheduledThreadPoolExecutor.java:215)
	at java.base/java.util.concurrent.ScheduledThreadPoolExecutor.schedule(ScheduledThreadPoolExecutor.java:561)
	at com.netflix.discovery.TimedSupervisorTask.run(TimedSupervisorTask.java:99)
	at java.base/java.util.concurrent.Executors$RunnableAdapter.call(Executors.java:539)
	at java.base/java.util.concurrent.FutureTask.run$$$capture(FutureTask.java:264)
	at java.base/java.util.concurrent.FutureTask.run(FutureTask.java)
	at --- Async.Stack.Trace --- (captured by IntelliJ IDEA debugger)
	at java.base/java.util.concurrent.FutureTask.<init>(FutureTask.java:151)
	at java.base/java.util.concurrent.ScheduledThreadPoolExecutor$ScheduledFutureTask.<init>(ScheduledThreadPoolExecutor.java:215)
	at java.base/java.util.concurrent.ScheduledThreadPoolExecutor.schedule(ScheduledThreadPoolExecutor.java:561)
	at com.netflix.discovery.TimedSupervisorTask.run(TimedSupervisorTask.java:99)
	at java.base/java.util.concurrent.Executors$RunnableAdapter.call(Executors.java:539)
	at java.base/java.util.concurrent.FutureTask.run$$$capture(FutureTask.java:264)
	at java.base/java.util.concurrent.FutureTask.run(FutureTask.java)
	at --- Async.Stack.Trace --- (captured by IntelliJ IDEA debugger)
	at java.base/java.util.concurrent.FutureTask.<init>(FutureTask.java:151)
	at java.base/java.util.concurrent.ScheduledThreadPoolExecutor$ScheduledFutureTask.<init>(ScheduledThreadPoolExecutor.java:215)
	at java.base/java.util.concurrent.ScheduledThreadPoolExecutor.schedule(ScheduledThreadPoolExecutor.java:561)
	at com.netflix.discovery.TimedSupervisorTask.run(TimedSupervisorTask.java:99)
	at java.base/java.util.concurrent.Executors$RunnableAdapter.call(Executors.java:539)
	at java.base/java.util.concurrent.FutureTask.run$$$capture(FutureTask.java:264)
	at java.base/java.util.concurrent.FutureTask.run(FutureTask.java)
	at --- Async.Stack.Trace --- (captured by IntelliJ IDEA debugger)
	at java.base/java.util.concurrent.FutureTask.<init>(FutureTask.java:151)
	at java.base/java.util.concurrent.ScheduledThreadPoolExecutor$ScheduledFutureTask.<init>(ScheduledThreadPoolExecutor.java:215)
	at java.base/java.util.concurrent.ScheduledThreadPoolExecutor.schedule(ScheduledThreadPoolExecutor.java:561)
	at com.netflix.discovery.TimedSupervisorTask.run(TimedSupervisorTask.java:99)
	at java.base/java.util.concurrent.Executors$RunnableAdapter.call(Executors.java:539)
	at java.base/java.util.concurrent.FutureTask.run$$$capture(FutureTask.java:264)
	at java.base/java.util.concurrent.FutureTask.run(FutureTask.java)
	at --- Async.Stack.Trace --- (captured by IntelliJ IDEA debugger)
	at java.base/java.util.concurrent.FutureTask.<init>(FutureTask.java:151)
	at java.base/java.util.concurrent.ScheduledThreadPoolExecutor$ScheduledFutureTask.<init>(ScheduledThreadPoolExecutor.java:215)
	at java.base/java.util.concurrent.ScheduledThreadPoolExecutor.schedule(ScheduledThreadPoolExecutor.java:561)
	at com.netflix.discovery.TimedSupervisorTask.run(TimedSupervisorTask.java:99)
	at java.base/java.util.concurrent.Executors$RunnableAdapter.call(Executors.java:539)
	at java.base/java.util.concurrent.FutureTask.run$$$capture(FutureTask.java:264)
	at java.base/java.util.concurrent.FutureTask.run(FutureTask.java)
	at --- Async.Stack.Trace --- (captured by IntelliJ IDEA debugger)
	at java.base/java.util.concurrent.FutureTask.<init>(FutureTask.java:151)
	at java.base/java.util.concurrent.ScheduledThreadPoolExecutor$ScheduledFutureTask.<init>(ScheduledThreadPoolExecutor.java:215)
	at java.base/java.util.concurrent.ScheduledThreadPoolExecutor.schedule(ScheduledThreadPoolExecutor.java:561)
	at com.netflix.discovery.TimedSupervisorTask.run(TimedSupervisorTask.java:99)
	at java.base/java.util.concurrent.Executors$RunnableAdapter.call(Executors.java:539)
	at java.base/java.util.concurrent.FutureTask.run$$$capture(FutureTask.java:264)
	at java.base/java.util.concurrent.FutureTask.run(FutureTask.java)
	at --- Async.Stack.Trace --- (captured by IntelliJ IDEA debugger)
	at java.base/java.util.concurrent.FutureTask.<init>(FutureTask.java:151)
	at java.base/java.util.concurrent.ScheduledThreadPoolExecutor$ScheduledFutureTask.<init>(ScheduledThreadPoolExecutor.java:215)
	at java.base/java.util.concurrent.ScheduledThreadPoolExecutor.schedule(ScheduledThreadPoolExecutor.java:561)
	at com.netflix.discovery.TimedSupervisorTask.run(TimedSupervisorTask.java:99)
	at java.base/java.util.concurrent.Executors$RunnableAdapter.call(Executors.java:539)
	at java.base/java.util.concurrent.FutureTask.run$$$capture(FutureTask.java:264)
	at java.base/java.util.concurrent.FutureTask.run(FutureTask.java)
	at --- Async.Stack.Trace --- (captured by IntelliJ IDEA debugger)
	at java.base/java.util.concurrent.FutureTask.<init>(FutureTask.java:151)
	at java.base/java.util.concurrent.ScheduledThreadPoolExecutor$ScheduledFutureTask.<init>(ScheduledThreadPoolExecutor.java:215)
	at java.base/java.util.concurrent.ScheduledThreadPoolExecutor.schedule(ScheduledThreadPoolExecutor.java:561)
	at com.netflix.discovery.TimedSupervisorTask.run(TimedSupervisorTask.java:99)
	at java.base/java.util.concurrent.Executors$RunnableAdapter.call(Executors.java:539)
	at java.base/java.util.concurrent.FutureTask.run$$$capture(FutureTask.java:264)
	at java.base/java.util.concurrent.FutureTask.run(FutureTask.java)
	at --- Async.Stack.Trace --- (captured by IntelliJ IDEA debugger)
	at java.base/java.util.concurrent.FutureTask.<init>(FutureTask.java:151)
	at java.base/java.util.concurrent.ScheduledThreadPoolExecutor$ScheduledFutureTask.<init>(ScheduledThreadPoolExecutor.java:215)
	at java.base/java.util.concurrent.ScheduledThreadPoolExecutor.schedule(ScheduledThreadPoolExecutor.java:561)
	at com.netflix.discovery.TimedSupervisorTask.run(TimedSupervisorTask.java:99)
	at java.base/java.util.concurrent.Executors$RunnableAdapter.call(Executors.java:539)
	at java.base/java.util.concurrent.FutureTask.run$$$capture(FutureTask.java:264)
	at java.base/java.util.concurrent.FutureTask.run(FutureTask.java)
	at --- Async.Stack.Trace --- (captured by IntelliJ IDEA debugger)
	at java.base/java.util.concurrent.FutureTask.<init>(FutureTask.java:151)
	at java.base/java.util.concurrent.ScheduledThreadPoolExecutor$ScheduledFutureTask.<init>(ScheduledThreadPoolExecutor.java:215)
	at java.base/java.util.concurrent.ScheduledThreadPoolExecutor.schedule(ScheduledThreadPoolExecutor.java:561)
	at com.netflix.discovery.TimedSupervisorTask.run(TimedSupervisorTask.java:99)
	at java.base/java.util.concurrent.Executors$RunnableAdapter.call(Executors.java:539)
	at java.base/java.util.concurrent.FutureTask.run$$$capture(FutureTask.java:264)
	at java.base/java.util.concurrent.FutureTask.run(FutureTask.java)
	at --- Async.Stack.Trace --- (captured by IntelliJ IDEA debugger)
	at java.base/java.util.concurrent.FutureTask.<init>(FutureTask.java:151)
	at java.base/java.util.concurrent.ScheduledThreadPoolExecutor$ScheduledFutureTask.<init>(ScheduledThreadPoolExecutor.java:215)
	at java.base/java.util.concurrent.ScheduledThreadPoolExecutor.schedule(ScheduledThreadPoolExecutor.java:561)
	at com.netflix.discovery.TimedSupervisorTask.run(TimedSupervisorTask.java:99)
	at java.base/java.util.concurrent.Executors$RunnableAdapter.call(Executors.java:539)
	at java.base/java.util.concurrent.FutureTask.run$$$capture(FutureTask.java:264)
	at java.base/java.util.concurrent.FutureTask.run(FutureTask.java)
	at --- Async.Stack.Trace --- (captured by IntelliJ IDEA debugger)
	at java.base/java.util.concurrent.FutureTask.<init>(FutureTask.java:151)
	at java.base/java.util.concurrent.ScheduledThreadPoolExecutor$ScheduledFutureTask.<init>(ScheduledThreadPoolExecutor.java:215)
	at java.base/java.util.concurrent.ScheduledThreadPoolExecutor.schedule(ScheduledThreadPoolExecutor.java:561)
	at com.netflix.discovery.TimedSupervisorTask.run(TimedSupervisorTask.java:99)
	at java.base/java.util.concurrent.Executors$RunnableAdapter.call(Executors.java:539)
	at java.base/java.util.concurrent.FutureTask.run$$$capture(FutureTask.java:264)
	at java.base/java.util.concurrent.FutureTask.run(FutureTask.java)
	at --- Async.Stack.Trace --- (captured by IntelliJ IDEA debugger)
	at java.base/java.util.concurrent.FutureTask.<init>(FutureTask.java:151)
	at java.base/java.util.concurrent.ScheduledThreadPoolExecutor$ScheduledFutureTask.<init>(ScheduledThreadPoolExecutor.java:215)
	at java.base/java.util.concurrent.ScheduledThreadPoolExecutor.schedule(ScheduledThreadPoolExecutor.java:561)
	at com.netflix.discovery.TimedSupervisorTask.run(TimedSupervisorTask.java:99)
	at java.base/java.util.concurrent.Executors$RunnableAdapter.call(Executors.java:539)
	at java.base/java.util.concurrent.FutureTask.run$$$capture(FutureTask.java:264)
	at java.base/java.util.concurrent.FutureTask.run(FutureTask.java)
	at --- Async.Stack.Trace --- (captured by IntelliJ IDEA debugger)
	at java.base/java.util.concurrent.FutureTask.<init>(FutureTask.java:151)
	at java.base/java.util.concurrent.ScheduledThreadPoolExecutor$ScheduledFutureTask.<init>(ScheduledThreadPoolExecutor.java:215)
	at java.base/java.util.concurrent.ScheduledThreadPoolExecutor.schedule(ScheduledThreadPoolExecutor.java:561)
	at com.netflix.discovery.TimedSupervisorTask.run(TimedSupervisorTask.java:99)
	at java.base/java.util.concurrent.Executors$RunnableAdapter.call(Executors.java:539)
	at java.base/java.util.concurrent.FutureTask.run$$$capture(FutureTask.java:264)
	at java.base/java.util.concurrent.FutureTask.run(FutureTask.java)
	at --- Async.Stack.Trace --- (captured by IntelliJ IDEA debugger)
	at java.base/java.util.concurrent.FutureTask.<init>(FutureTask.java:151)
	at java.base/java.util.concurrent.ScheduledThreadPoolExecutor$ScheduledFutureTask.<init>(ScheduledThreadPoolExecutor.java:215)
	at java.base/java.util.concurrent.ScheduledThreadPoolExecutor.schedule(ScheduledThreadPoolExecutor.java:561)
	at com.netflix.discovery.TimedSupervisorTask.run(TimedSupervisorTask.java:99)
	at java.base/java.util.concurrent.Executors$RunnableAdapter.call(Executors.java:539)
	at java.base/java.util.concurrent.FutureTask.run$$$capture(FutureTask.java:264)
	at java.base/java.util.concurrent.FutureTask.run(FutureTask.java)
	at --- Async.Stack.Trace --- (captured by IntelliJ IDEA debugger)
	at java.base/java.util.concurrent.FutureTask.<init>(FutureTask.java:151)
	at java.base/java.util.concurrent.ScheduledThreadPoolExecutor$ScheduledFutureTask.<init>(ScheduledThreadPoolExecutor.java:215)
	at java.base/java.util.concurrent.ScheduledThreadPoolExecutor.schedule(ScheduledThreadPoolExecutor.java:561)
	at com.netflix.discovery.TimedSupervisorTask.run(TimedSupervisorTask.java:99)
	at java.base/java.util.concurrent.Executors$RunnableAdapter.call(Executors.java:539)
	at java.base/java.util.concurrent.FutureTask.run$$$capture(FutureTask.java:264)
	at java.base/java.util.concurrent.FutureTask.run(FutureTask.java)
	at --- Async.Stack.Trace --- (captured by IntelliJ IDEA debugger)
	at java.base/java.util.concurrent.FutureTask.<init>(FutureTask.java:151)
	at java.base/java.util.concurrent.ScheduledThreadPoolExecutor$ScheduledFutureTask.<init>(ScheduledThreadPoolExecutor.java:215)
	at java.base/java.util.concurrent.ScheduledThreadPoolExecutor.schedule(ScheduledThreadPoolExecutor.java:561)
	at com.netflix.discovery.TimedSupervisorTask.run(TimedSupervisorTask.java:99)
	at java.base/java.util.concurrent.Executors$RunnableAdapter.call(Executors.java:539)
	at java.base/java.util.concurrent.FutureTask.run$$$capture(FutureTask.java:264)
	at java.base/java.util.concurrent.FutureTask.run(FutureTask.java)
	at --- Async.Stack.Trace --- (captured by IntelliJ IDEA debugger)
	at java.base/java.util.concurrent.FutureTask.<init>(FutureTask.java:151)
	at java.base/java.util.concurrent.ScheduledThreadPoolExecutor$ScheduledFutureTask.<init>(ScheduledThreadPoolExecutor.java:215)
	at java.base/java.util.concurrent.ScheduledThreadPoolExecutor.schedule(ScheduledThreadPoolExecutor.java:561)
	at com.netflix.discovery.TimedSupervisorTask.run(TimedSupervisorTask.java:99)
	at java.base/java.util.concurrent.Executors$RunnableAdapter.call(Executors.java:539)
	at java.base/java.util.concurrent.FutureTask.run$$$capture(FutureTask.java:264)
	at java.base/java.util.concurrent.FutureTask.run(FutureTask.java)
	at --- Async.Stack.Trace --- (captured by IntelliJ IDEA debugger)
	at java.base/java.util.concurrent.FutureTask.<init>(FutureTask.java:151)
	at java.base/java.util.concurrent.ScheduledThreadPoolExecutor$ScheduledFutureTask.<init>(ScheduledThreadPoolExecutor.java:215)
	at java.base/java.util.concurrent.ScheduledThreadPoolExecutor.schedule(ScheduledThreadPoolExecutor.java:561)
	at com.netflix.discovery.TimedSupervisorTask.run(TimedSupervisorTask.java:99)
	at java.base/java.util.concurrent.Executors$RunnableAdapter.call(Executors.java:539)
	at java.base/java.util.concurrent.FutureTask.run$$$capture(FutureTask.java:264)
	at java.base/java.util.concurrent.FutureTask.run(FutureTask.java)
	at --- Async.Stack.Trace --- (captured by IntelliJ IDEA debugger)
	at java.base/java.util.concurrent.FutureTask.<init>(FutureTask.java:151)
	at java.base/java.util.concurrent.ScheduledThreadPoolExecutor$ScheduledFutureTask.<init>(ScheduledThreadPoolExecutor.java:215)
	at java.base/java.util.concurrent.ScheduledThreadPoolExecutor.schedule(ScheduledThreadPoolExecutor.java:561)
	at com.netflix.discovery.TimedSupervisorTask.run(TimedSupervisorTask.java:99)
	at java.base/java.util.concurrent.Executors$RunnableAdapter.call(Executors.java:539)
	at java.base/java.util.concurrent.FutureTask.run$$$capture(FutureTask.java:264)
	at java.base/java.util.concurrent.FutureTask.run(FutureTask.java)
	at --- Async.Stack.Trace --- (captured by IntelliJ IDEA debugger)
	at java.base/java.util.concurrent.FutureTask.<init>(FutureTask.java:151)
	at java.base/java.util.concurrent.ScheduledThreadPoolExecutor$ScheduledFutureTask.<init>(ScheduledThreadPoolExecutor.java:215)
	at java.base/java.util.concurrent.ScheduledThreadPoolExecutor.schedule(ScheduledThreadPoolExecutor.java:561)
	at com.netflix.discovery.TimedSupervisorTask.run(TimedSupervisorTask.java:99)
	at java.base/java.util.concurrent.Executors$RunnableAdapter.call(Executors.java:539)
	at java.base/java.util.concurrent.FutureTask.run$$$capture(FutureTask.java:264)
	at java.base/java.util.concurrent.FutureTask.run(FutureTask.java)
	at --- Async.Stack.Trace --- (captured by IntelliJ IDEA debugger)
	at java.base/java.util.concurrent.FutureTask.<init>(FutureTask.java:151)
	at java.base/java.util.concurrent.ScheduledThreadPoolExecutor$ScheduledFutureTask.<init>(ScheduledThreadPoolExecutor.java:215)
	at java.base/java.util.concurrent.ScheduledThreadPoolExecutor.schedule(ScheduledThreadPoolExecutor.java:561)
	at com.netflix.discovery.TimedSupervisorTask.run(TimedSupervisorTask.java:99)
	at java.base/java.util.concurrent.Executors$RunnableAdapter.call(Executors.java:539)
	at java.base/java.util.concurrent.FutureTask.run$$$capture(FutureTask.java:264)
	at java.base/java.util.concurrent.FutureTask.run(FutureTask.java)
	at --- Async.Stack.Trace --- (captured by IntelliJ IDEA debugger)
	at java.base/java.util.concurrent.FutureTask.<init>(FutureTask.java:151)
	at java.base/java.util.concurrent.ScheduledThreadPoolExecutor$ScheduledFutureTask.<init>(ScheduledThreadPoolExecutor.java:215)
	at java.base/java.util.concurrent.ScheduledThreadPoolExecutor.schedule(ScheduledThreadPoolExecutor.java:561)
	at com.netflix.discovery.TimedSupervisorTask.run(TimedSupervisorTask.java:99)
	at java.base/java.util.concurrent.Executors$RunnableAdapter.call(Executors.java:539)
	at java.base/java.util.concurrent.FutureTask.run$$$capture(FutureTask.java:264)
	at java.base/java.util.concurrent.FutureTask.run(FutureTask.java)
	at --- Async.Stack.Trace --- (captured by IntelliJ IDEA debugger)
	at java.base/java.util.concurrent.FutureTask.<init>(FutureTask.java:151)
	at java.base/java.util.concurrent.ScheduledThreadPoolExecutor$ScheduledFutureTask.<init>(ScheduledThreadPoolExecutor.java:215)
	at java.base/java.util.concurrent.ScheduledThreadPoolExecutor.schedule(ScheduledThreadPoolExecutor.java:561)
	at com.netflix.discovery.TimedSupervisorTask.run(TimedSupervisorTask.java:99)
	at java.base/java.util.concurrent.Executors$RunnableAdapter.call(Executors.java:539)
	at java.base/java.util.concurrent.FutureTask.run$$$capture(FutureTask.java:264)
	at java.base/java.util.concurrent.FutureTask.run(FutureTask.java)
	at --- Async.Stack.Trace --- (captured by IntelliJ IDEA debugger)
	at java.base/java.util.concurrent.FutureTask.<init>(FutureTask.java:151)
	at java.base/java.util.concurrent.ScheduledThreadPoolExecutor$ScheduledFutureTask.<init>(ScheduledThreadPoolExecutor.java:215)
	at java.base/java.util.concurrent.ScheduledThreadPoolExecutor.schedule(ScheduledThreadPoolExecutor.java:561)
	at com.netflix.discovery.TimedSupervisorTask.run(TimedSupervisorTask.java:99)
	at java.base/java.util.concurrent.Executors$RunnableAdapter.call(Executors.java:539)
	at java.base/java.util.concurrent.FutureTask.run$$$capture(FutureTask.java:264)
	at java.base/java.util.concurrent.FutureTask.run(FutureTask.java)
	at --- Async.Stack.Trace --- (captured by IntelliJ IDEA debugger)
	at java.base/java.util.concurrent.FutureTask.<init>(FutureTask.java:151)
	at java.base/java.util.concurrent.ScheduledThreadPoolExecutor$ScheduledFutureTask.<init>(ScheduledThreadPoolExecutor.java:215)
	at java.base/java.util.concurrent.ScheduledThreadPoolExecutor.schedule(ScheduledThreadPoolExecutor.java:561)
	at com.netflix.discovery.TimedSupervisorTask.run(TimedSupervisorTask.java:99)
	at java.base/java.util.concurrent.Executors$RunnableAdapter.call(Executors.java:539)
	at java.base/java.util.concurrent.FutureTask.run$$$capture(FutureTask.java:264)
	at java.base/java.util.concurrent.FutureTask.run(FutureTask.java)
	at --- Async.Stack.Trace --- (captured by IntelliJ IDEA debugger)
	at java.base/java.util.concurrent.FutureTask.<init>(FutureTask.java:151)
	at java.base/java.util.concurrent.ScheduledThreadPoolExecutor$ScheduledFutureTask.<init>(ScheduledThreadPoolExecutor.java:215)
	at java.base/java.util.concurrent.ScheduledThreadPoolExecutor.schedule(ScheduledThreadPoolExecutor.java:561)
	at com.netflix.discovery.TimedSupervisorTask.run(TimedSupervisorTask.java:99)
	at java.base/java.util.concurrent.Executors$RunnableAdapter.call(Executors.java:539)
	at java.base/java.util.concurrent.FutureTask.run$$$capture(FutureTask.java:264)
	at java.base/java.util.concurrent.FutureTask.run(FutureTask.java)
	at --- Async.Stack.Trace --- (captured by IntelliJ IDEA debugger)
	at java.base/java.util.concurrent.FutureTask.<init>(FutureTask.java:151)
	at java.base/java.util.concurrent.ScheduledThreadPoolExecutor$ScheduledFutureTask.<init>(ScheduledThreadPoolExecutor.java:215)
	at java.base/java.util.concurrent.ScheduledThreadPoolExecutor.schedule(ScheduledThreadPoolExecutor.java:561)
	at com.netflix.discovery.TimedSupervisorTask.run(TimedSupervisorTask.java:99)
	at java.base/java.util.concurrent.Executors$RunnableAdapter.call(Executors.java:539)
	at java.base/java.util.concurrent.FutureTask.run$$$capture(FutureTask.java:264)
	at java.base/java.util.concurrent.FutureTask.run(FutureTask.java)
	at --- Async.Stack.Trace --- (captured by IntelliJ IDEA debugger)
	at java.base/java.util.concurrent.FutureTask.<init>(FutureTask.java:151)
	at java.base/java.util.concurrent.ScheduledThreadPoolExecutor$ScheduledFutureTask.<init>(ScheduledThreadPoolExecutor.java:215)
	at java.base/java.util.concurrent.ScheduledThreadPoolExecutor.schedule(ScheduledThreadPoolExecutor.java:561)
	at com.netflix.discovery.TimedSupervisorTask.run(TimedSupervisorTask.java:99)
	at java.base/java.util.concurrent.Executors$RunnableAdapter.call(Executors.java:539)
	at java.base/java.util.concurrent.FutureTask.run$$$capture(FutureTask.java:264)
	at java.base/java.util.concurrent.FutureTask.run(FutureTask.java)
	at --- Async.Stack.Trace --- (captured by IntelliJ IDEA debugger)
	at java.base/java.util.concurrent.FutureTask.<init>(FutureTask.java:151)
	at java.base/java.util.concurrent.ScheduledThreadPoolExecutor$ScheduledFutureTask.<init>(ScheduledThreadPoolExecutor.java:215)
	at java.base/java.util.concurrent.ScheduledThreadPoolExecutor.schedule(ScheduledThreadPoolExecutor.java:561)
	at com.netflix.discovery.TimedSupervisorTask.run(TimedSupervisorTask.java:99)
	at java.base/java.util.concurrent.Executors$RunnableAdapter.call(Executors.java:539)
	at java.base/java.util.concurrent.FutureTask.run$$$capture(FutureTask.java:264)
	at java.base/java.util.concurrent.FutureTask.run(FutureTask.java)
	at --- Async.Stack.Trace --- (captured by IntelliJ IDEA debugger)
	at java.base/java.util.concurrent.FutureTask.<init>(FutureTask.java:151)
	at java.base/java.util.concurrent.ScheduledThreadPoolExecutor$ScheduledFutureTask.<init>(ScheduledThreadPoolExecutor.java:215)
	at java.base/java.util.concurrent.ScheduledThreadPoolExecutor.schedule(ScheduledThreadPoolExecutor.java:561)
	at com.netflix.discovery.TimedSupervisorTask.run(TimedSupervisorTask.java:99)
	at java.base/java.util.concurrent.Executors$RunnableAdapter.call(Executors.java:539)
	at java.base/java.util.concurrent.FutureTask.run$$$capture(FutureTask.java:264)
	at java.base/java.util.concurrent.FutureTask.run(FutureTask.java)
	at --- Async.Stack.Trace --- (captured by IntelliJ IDEA debugger)
	at java.base/java.util.concurrent.FutureTask.<init>(FutureTask.java:151)
	at java.base/java.util.concurrent.ScheduledThreadPoolExecutor$ScheduledFutureTask.<init>(ScheduledThreadPoolExecutor.java:215)
	at java.base/java.util.concurrent.ScheduledThreadPoolExecutor.schedule(ScheduledThreadPoolExecutor.java:561)
	at com.netflix.discovery.TimedSupervisorTask.run(TimedSupervisorTask.java:99)
	at java.base/java.util.concurrent.Executors$RunnableAdapter.call(Executors.java:539)
	at java.base/java.util.concurrent.FutureTask.run$$$capture(FutureTask.java:264)
	at java.base/java.util.concurrent.FutureTask.run(FutureTask.java)
	at --- Async.Stack.Trace --- (captured by IntelliJ IDEA debugger)
	at java.base/java.util.concurrent.FutureTask.<init>(FutureTask.java:151)
	at java.base/java.util.concurrent.ScheduledThreadPoolExecutor$ScheduledFutureTask.<init>(ScheduledThreadPoolExecutor.java:215)
	at java.base/java.util.concurrent.ScheduledThreadPoolExecutor.schedule(ScheduledThreadPoolExecutor.java:561)
	at com.netflix.discovery.TimedSupervisorTask.run(TimedSupervisorTask.java:99)
	at java.base/java.util.concurrent.Executors$RunnableAdapter.call(Executors.java:539)
	at java.base/java.util.concurrent.FutureTask.run$$$capture(FutureTask.java:264)
	at java.base/java.util.concurrent.FutureTask.run(FutureTask.java)
	at --- Async.Stack.Trace --- (captured by IntelliJ IDEA debugger)
	at java.base/java.util.concurrent.FutureTask.<init>(FutureTask.java:151)
	at java.base/java.util.concurrent.ScheduledThreadPoolExecutor$ScheduledFutureTask.<init>(ScheduledThreadPoolExecutor.java:215)
	at java.base/java.util.concurrent.ScheduledThreadPoolExecutor.schedule(ScheduledThreadPoolExecutor.java:561)
	at com.netflix.discovery.TimedSupervisorTask.run(TimedSupervisorTask.java:99)
	at java.base/java.util.concurrent.Executors$RunnableAdapter.call(Executors.java:539)
	at java.base/java.util.concurrent.FutureTask.run$$$capture(FutureTask.java:264)
	at java.base/java.util.concurrent.FutureTask.run(FutureTask.java)
	at --- Async.Stack.Trace --- (captured by IntelliJ IDEA debugger)
	at java.base/java.util.concurrent.FutureTask.<init>(FutureTask.java:151)
	at java.base/java.util.concurrent.ScheduledThreadPoolExecutor$ScheduledFutureTask.<init>(ScheduledThreadPoolExecutor.java:215)
	at java.base/java.util.concurrent.ScheduledThreadPoolExecutor.schedule(ScheduledThreadPoolExecutor.java:561)
	at com.netflix.discovery.TimedSupervisorTask.run(TimedSupervisorTask.java:99)
	at java.base/java.util.concurrent.Executors$RunnableAdapter.call(Executors.java:539)
	at java.base/java.util.concurrent.FutureTask.run$$$capture(FutureTask.java:264)
	at java.base/java.util.concurrent.FutureTask.run(FutureTask.java)
	at --- Async.Stack.Trace --- (captured by IntelliJ IDEA debugger)
	at java.base/java.util.concurrent.FutureTask.<init>(FutureTask.java:151)
	at java.base/java.util.concurrent.ScheduledThreadPoolExecutor$ScheduledFutureTask.<init>(ScheduledThreadPoolExecutor.java:215)
	at java.base/java.util.concurrent.ScheduledThreadPoolExecutor.schedule(ScheduledThreadPoolExecutor.java:561)
	at com.netflix.discovery.TimedSupervisorTask.run(TimedSupervisorTask.java:99)
	at java.base/java.util.concurrent.Executors$RunnableAdapter.call(Executors.java:539)
	at java.base/java.util.concurrent.FutureTask.run$$$capture(FutureTask.java:264)
	at java.base/java.util.concurrent.FutureTask.run(FutureTask.java)
	at --- Async.Stack.Trace --- (captured by IntelliJ IDEA debugger)
	at java.base/java.util.concurrent.FutureTask.<init>(FutureTask.java:151)
	at java.base/java.util.concurrent.ScheduledThreadPoolExecutor$ScheduledFutureTask.<init>(ScheduledThreadPoolExecutor.java:215)
	at java.base/java.util.concurrent.ScheduledThreadPoolExecutor.schedule(ScheduledThreadPoolExecutor.java:561)
	at com.netflix.discovery.TimedSupervisorTask.run(TimedSupervisorTask.java:99)
	at java.base/java.util.concurrent.Executors$RunnableAdapter.call(Executors.java:539)
	at java.base/java.util.concurrent.FutureTask.run$$$capture(FutureTask.java:264)
	at java.base/java.util.concurrent.FutureTask.run(FutureTask.java)
	at --- Async.Stack.Trace --- (captured by IntelliJ IDEA debugger)
	at java.base/java.util.concurrent.FutureTask.<init>(FutureTask.java:151)
	at java.base/java.util.concurrent.ScheduledThreadPoolExecutor$ScheduledFutureTask.<init>(ScheduledThreadPoolExecutor.java:215)
	at java.base/java.util.concurrent.ScheduledThreadPoolExecutor.schedule(ScheduledThreadPoolExecutor.java:561)
	at com.netflix.discovery.TimedSupervisorTask.run(TimedSupervisorTask.java:99)
	at java.base/java.util.concurrent.Executors$RunnableAdapter.call(Executors.java:539)
	at java.base/java.util.concurrent.FutureTask.run$$$capture(FutureTask.java:264)
	at java.base/java.util.concurrent.FutureTask.run(FutureTask.java)
	at --- Async.Stack.Trace --- (captured by IntelliJ IDEA debugger)
	at java.base/java.util.concurrent.FutureTask.<init>(FutureTask.java:151)
	at java.base/java.util.concurrent.ScheduledThreadPoolExecutor$ScheduledFutureTask.<init>(ScheduledThreadPoolExecutor.java:215)
	at java.base/java.util.concurrent.ScheduledThreadPoolExecutor.schedule(ScheduledThreadPoolExecutor.java:561)
	at com.netflix.discovery.TimedSupervisorTask.run(TimedSupervisorTask.java:99)
	at java.base/java.util.concurrent.Executors$RunnableAdapter.call(Executors.java:539)
	at java.base/java.util.concurrent.FutureTask.run$$$capture(FutureTask.java:264)
	at java.base/java.util.concurrent.FutureTask.run(FutureTask.java)
	at --- Async.Stack.Trace --- (captured by IntelliJ IDEA debugger)
	at java.base/java.util.concurrent.FutureTask.<init>(FutureTask.java:151)
	at java.base/java.util.concurrent.ScheduledThreadPoolExecutor$ScheduledFutureTask.<init>(ScheduledThreadPoolExecutor.java:215)
	at java.base/java.util.concurrent.ScheduledThreadPoolExecutor.schedule(ScheduledThreadPoolExecutor.java:561)
	at com.netflix.discovery.TimedSupervisorTask.run(TimedSupervisorTask.java:99)
	at java.base/java.util.concurrent.Executors$RunnableAdapter.call(Executors.java:539)
	at java.base/java.util.concurrent.FutureTask.run$$$capture(FutureTask.java:264)
	at java.base/java.util.concurrent.FutureTask.run(FutureTask.java)
	at --- Async.Stack.Trace --- (captured by IntelliJ IDEA debugger)
	at java.base/java.util.concurrent.FutureTask.<init>(FutureTask.java:151)
	at java.base/java.util.concurrent.ScheduledThreadPoolExecutor$ScheduledFutureTask.<init>(ScheduledThreadPoolExecutor.java:215)
	at java.base/java.util.concurrent.ScheduledThreadPoolExecutor.schedule(ScheduledThreadPoolExecutor.java:561)
	at com.netflix.discovery.TimedSupervisorTask.run(TimedSupervisorTask.java:99)
	at java.base/java.util.concurrent.Executors$RunnableAdapter.call(Executors.java:539)
	at java.base/java.util.concurrent.FutureTask.run$$$capture(FutureTask.java:264)
	at java.base/java.util.concurrent.FutureTask.run(FutureTask.java)
	at --- Async.Stack.Trace --- (captured by IntelliJ IDEA debugger)
	at java.base/java.util.concurrent.FutureTask.<init>(FutureTask.java:151)
	at java.base/java.util.concurrent.ScheduledThreadPoolExecutor$ScheduledFutureTask.<init>(ScheduledThreadPoolExecutor.java:215)
	at java.base/java.util.concurrent.ScheduledThreadPoolExecutor.schedule(ScheduledThreadPoolExecutor.java:561)
	at com.netflix.discovery.TimedSupervisorTask.run(TimedSupervisorTask.java:99)
	at java.base/java.util.concurrent.Executors$RunnableAdapter.call(Executors.java:539)
	at java.base/java.util.concurrent.FutureTask.run$$$capture(FutureTask.java:264)
	at java.base/java.util.concurrent.FutureTask.run(FutureTask.java)
	at --- Async.Stack.Trace --- (captured by IntelliJ IDEA debugger)
	at java.base/java.util.concurrent.FutureTask.<init>(FutureTask.java:151)
	at java.base/java.util.concurrent.ScheduledThreadPoolExecutor$ScheduledFutureTask.<init>(ScheduledThreadPoolExecutor.java:215)
	at java.base/java.util.concurrent.ScheduledThreadPoolExecutor.schedule(ScheduledThreadPoolExecutor.java:561)
	at com.netflix.discovery.TimedSupervisorTask.run(TimedSupervisorTask.java:99)
	at java.base/java.util.concurrent.Executors$RunnableAdapter.call(Executors.java:539)
	at java.base/java.util.concurrent.FutureTask.run$$$capture(FutureTask.java:264)
	at java.base/java.util.concurrent.FutureTask.run(FutureTask.java)
	at --- Async.Stack.Trace --- (captured by IntelliJ IDEA debugger)
	at java.base/java.util.concurrent.FutureTask.<init>(FutureTask.java:151)
	at java.base/java.util.concurrent.ScheduledThreadPoolExecutor$ScheduledFutureTask.<init>(ScheduledThreadPoolExecutor.java:215)
	at java.base/java.util.concurrent.ScheduledThreadPoolExecutor.schedule(ScheduledThreadPoolExecutor.java:561)
	at com.netflix.discovery.TimedSupervisorTask.run(TimedSupervisorTask.java:99)
	at java.base/java.util.concurrent.Executors$RunnableAdapter.call(Executors.java:539)
	at java.base/java.util.concurrent.FutureTask.run$$$capture(FutureTask.java:264)
	at java.base/java.util.concurrent.FutureTask.run(FutureTask.java)
	at --- Async.Stack.Trace --- (captured by IntelliJ IDEA debugger)
	at java.base/java.util.concurrent.FutureTask.<init>(FutureTask.java:151)
	at java.base/java.util.concurrent.ScheduledThreadPoolExecutor$ScheduledFutureTask.<init>(ScheduledThreadPoolExecutor.java:215)
	at java.base/java.util.concurrent.ScheduledThreadPoolExecutor.schedule(ScheduledThreadPoolExecutor.java:561)
	at com.netflix.discovery.TimedSupervisorTask.run(TimedSupervisorTask.java:99)
	at java.base/java.util.concurrent.Executors$RunnableAdapter.call(Executors.java:539)
	at java.base/java.util.concurrent.FutureTask.run$$$capture(FutureTask.java:264)
	at java.base/java.util.concurrent.FutureTask.run(FutureTask.java)
	at --- Async.Stack.Trace --- (captured by IntelliJ IDEA debugger)
	at java.base/java.util.concurrent.FutureTask.<init>(FutureTask.java:151)
	at java.base/java.util.concurrent.ScheduledThreadPoolExecutor$ScheduledFutureTask.<init>(ScheduledThreadPoolExecutor.java:215)
	at java.base/java.util.concurrent.ScheduledThreadPoolExecutor.schedule(ScheduledThreadPoolExecutor.java:561)
	at com.netflix.discovery.TimedSupervisorTask.run(TimedSupervisorTask.java:99)
	at java.base/java.util.concurrent.Executors$RunnableAdapter.call(Executors.java:539)
	at java.base/java.util.concurrent.FutureTask.run$$$capture(FutureTask.java:264)
	at java.base/java.util.concurrent.FutureTask.run(FutureTask.java)
	at --- Async.Stack.Trace --- (captured by IntelliJ IDEA debugger)
	at java.base/java.util.concurrent.FutureTask.<init>(FutureTask.java:151)
	at java.base/java.util.concurrent.ScheduledThreadPoolExecutor$ScheduledFutureTask.<init>(ScheduledThreadPoolExecutor.java:215)
	at java.base/java.util.concurrent.ScheduledThreadPoolExecutor.schedule(ScheduledThreadPoolExecutor.java:561)
	at com.netflix.discovery.TimedSupervisorTask.run(TimedSupervisorTask.java:99)
	at java.base/java.util.concurrent.Executors$RunnableAdapter.call(Executors.java:539)
	at java.base/java.util.concurrent.FutureTask.run$$$capture(FutureTask.java:264)
	at java.base/java.util.concurrent.FutureTask.run(FutureTask.java)
	at --- Async.Stack.Trace --- (captured by IntelliJ IDEA debugger)
	at java.base/java.util.concurrent.FutureTask.<init>(FutureTask.java:151)
	at java.base/java.util.concurrent.ScheduledThreadPoolExecutor$ScheduledFutureTask.<init>(ScheduledThreadPoolExecutor.java:215)
	at java.base/java.util.concurrent.ScheduledThreadPoolExecutor.schedule(ScheduledThreadPoolExecutor.java:561)
	at com.netflix.discovery.TimedSupervisorTask.run(TimedSupervisorTask.java:99)
	at java.base/java.util.concurrent.Executors$RunnableAdapter.call(Executors.java:539)
	at java.base/java.util.concurrent.FutureTask.run$$$capture(FutureTask.java:264)
	at java.base/java.util.concurrent.FutureTask.run(FutureTask.java)
	at --- Async.Stack.Trace --- (captured by IntelliJ IDEA debugger)
	at java.base/java.util.concurrent.FutureTask.<init>(FutureTask.java:151)
	at java.base/java.util.concurrent.ScheduledThreadPoolExecutor$ScheduledFutureTask.<init>(ScheduledThreadPoolExecutor.java:215)
	at java.base/java.util.concurrent.ScheduledThreadPoolExecutor.schedule(ScheduledThreadPoolExecutor.java:561)
	at com.netflix.discovery.TimedSupervisorTask.run(TimedSupervisorTask.java:99)
	at java.base/java.util.concurrent.Executors$RunnableAdapter.call(Executors.java:539)
	at java.base/java.util.concurrent.FutureTask.run$$$capture(FutureTask.java:264)
	at java.base/java.util.concurrent.FutureTask.run(FutureTask.java)
	at --- Async.Stack.Trace --- (captured by IntelliJ IDEA debugger)
	at java.base/java.util.concurrent.FutureTask.<init>(FutureTask.java:151)
	at java.base/java.util.concurrent.ScheduledThreadPoolExecutor$ScheduledFutureTask.<init>(ScheduledThreadPoolExecutor.java:215)
	at java.base/java.util.concurrent.ScheduledThreadPoolExecutor.schedule(ScheduledThreadPoolExecutor.java:561)
	at com.netflix.discovery.TimedSupervisorTask.run(TimedSupervisorTask.java:99)
	at java.base/java.util.concurrent.Executors$RunnableAdapter.call(Executors.java:539)
	at java.base/java.util.concurrent.FutureTask.run$$$capture(FutureTask.java:264)
	at java.base/java.util.concurrent.FutureTask.run(FutureTask.java)
	at --- Async.Stack.Trace --- (captured by IntelliJ IDEA debugger)
	at java.base/java.util.concurrent.FutureTask.<init>(FutureTask.java:151)
	at java.base/java.util.concurrent.ScheduledThreadPoolExecutor$ScheduledFutureTask.<init>(ScheduledThreadPoolExecutor.java:215)
	at java.base/java.util.concurrent.ScheduledThreadPoolExecutor.schedule(ScheduledThreadPoolExecutor.java:561)
	at com.netflix.discovery.TimedSupervisorTask.run(TimedSupervisorTask.java:99)
	at java.base/java.util.concurrent.Executors$RunnableAdapter.call(Executors.java:539)
	at java.base/java.util.concurrent.FutureTask.run$$$capture(FutureTask.java:264)
	at java.base/java.util.concurrent.FutureTask.run(FutureTask.java)
	at --- Async.Stack.Trace --- (captured by IntelliJ IDEA debugger)
	at java.base/java.util.concurrent.FutureTask.<init>(FutureTask.java:151)
	at java.base/java.util.concurrent.ScheduledThreadPoolExecutor$ScheduledFutureTask.<init>(ScheduledThreadPoolExecutor.java:215)
	at java.base/java.util.concurrent.ScheduledThreadPoolExecutor.schedule(ScheduledThreadPoolExecutor.java:561)
	at com.netflix.discovery.TimedSupervisorTask.run(TimedSupervisorTask.java:99)
	at java.base/java.util.concurrent.Executors$RunnableAdapter.call(Executors.java:539)
	at java.base/java.util.concurrent.FutureTask.run$$$capture(FutureTask.java:264)
	at java.base/java.util.concurrent.FutureTask.run(FutureTask.java)
	at --- Async.Stack.Trace --- (captured by IntelliJ IDEA debugger)
	at java.base/java.util.concurrent.FutureTask.<init>(FutureTask.java:151)
	at java.base/java.util.concurrent.ScheduledThreadPoolExecutor$ScheduledFutureTask.<init>(ScheduledThreadPoolExecutor.java:215)
	at java.base/java.util.concurrent.ScheduledThreadPoolExecutor.schedule(ScheduledThreadPoolExecutor.java:561)
	at com.netflix.discovery.TimedSupervisorTask.run(TimedSupervisorTask.java:99)
	at java.base/java.util.concurrent.Executors$RunnableAdapter.call(Executors.java:539)
	at java.base/java.util.concurrent.FutureTask.run$$$capture(FutureTask.java:264)
	at java.base/java.util.concurrent.FutureTask.run(FutureTask.java)
	at --- Async.Stack.Trace --- (captured by IntelliJ IDEA debugger)
	at java.base/java.util.concurrent.FutureTask.<init>(FutureTask.java:151)
	at java.base/java.util.concurrent.ScheduledThreadPoolExecutor$ScheduledFutureTask.<init>(ScheduledThreadPoolExecutor.java:215)
	at java.base/java.util.concurrent.ScheduledThreadPoolExecutor.schedule(ScheduledThreadPoolExecutor.java:561)
	at com.netflix.discovery.TimedSupervisorTask.run(TimedSupervisorTask.java:99)
	at java.base/java.util.concurrent.Executors$RunnableAdapter.call(Executors.java:539)
	at java.base/java.util.concurrent.FutureTask.run$$$capture(FutureTask.java:264)
	at java.base/java.util.concurrent.FutureTask.run(FutureTask.java)
	at --- Async.Stack.Trace --- (captured by IntelliJ IDEA debugger)
	at java.base/java.util.concurrent.FutureTask.<init>(FutureTask.java:151)
	at java.base/java.util.concurrent.ScheduledThreadPoolExecutor$ScheduledFutureTask.<init>(ScheduledThreadPoolExecutor.java:215)
	at java.base/java.util.concurrent.ScheduledThreadPoolExecutor.schedule(ScheduledThreadPoolExecutor.java:561)
	at com.netflix.discovery.TimedSupervisorTask.run(TimedSupervisorTask.java:99)
	at java.base/java.util.concurrent.Executors$RunnableAdapter.call(Executors.java:539)
	at java.base/java.util.concurrent.FutureTask.run$$$capture(FutureTask.java:264)
	at java.base/java.util.concurrent.FutureTask.run(FutureTask.java)
	at --- Async.Stack.Trace --- (captured by IntelliJ IDEA debugger)
	at java.base/java.util.concurrent.FutureTask.<init>(FutureTask.java:151)
	at java.base/java.util.concurrent.ScheduledThreadPoolExecutor$ScheduledFutureTask.<init>(ScheduledThreadPoolExecutor.java:215)
	at java.base/java.util.concurrent.ScheduledThreadPoolExecutor.schedule(ScheduledThreadPoolExecutor.java:561)
	at com.netflix.discovery.TimedSupervisorTask.run(TimedSupervisorTask.java:99)
	at java.base/java.util.concurrent.Executors$RunnableAdapter.call(Executors.java:539)
	at java.base/java.util.concurrent.FutureTask.run$$$capture(FutureTask.java:264)
	at java.base/java.util.concurrent.FutureTask.run(FutureTask.java)
	at --- Async.Stack.Trace --- (captured by IntelliJ IDEA debugger)
	at java.base/java.util.concurrent.FutureTask.<init>(FutureTask.java:151)
	at java.base/java.util.concurrent.ScheduledThreadPoolExecutor$ScheduledFutureTask.<init>(ScheduledThreadPoolExecutor.java:215)
	at java.base/java.util.concurrent.ScheduledThreadPoolExecutor.schedule(ScheduledThreadPoolExecutor.java:561)
	at com.netflix.discovery.TimedSupervisorTask.run(TimedSupervisorTask.java:99)
	at java.base/java.util.concurrent.Executors$RunnableAdapter.call(Executors.java:539)
	at java.base/java.util.concurrent.FutureTask.run$$$capture(FutureTask.java:264)
	at java.base/java.util.concurrent.FutureTask.run(FutureTask.java)
	at --- Async.Stack.Trace --- (captured by IntelliJ IDEA debugger)
	at java.base/java.util.concurrent.FutureTask.<init>(FutureTask.java:151)
	at java.base/java.util.concurrent.ScheduledThreadPoolExecutor$ScheduledFutureTask.<init>(ScheduledThreadPoolExecutor.java:215)
	at java.base/java.util.concurrent.ScheduledThreadPoolExecutor.schedule(ScheduledThreadPoolExecutor.java:561)
	at com.netflix.discovery.TimedSupervisorTask.run(TimedSupervisorTask.java:99)
	at java.base/java.util.concurrent.Executors$RunnableAdapter.call(Executors.java:539)
	at java.base/java.util.concurrent.FutureTask.run$$$capture(FutureTask.java:264)
	at java.base/java.util.concurrent.FutureTask.run(FutureTask.java)
	at --- Async.Stack.Trace --- (captured by IntelliJ IDEA debugger)
	at java.base/java.util.concurrent.FutureTask.<init>(FutureTask.java:151)
	at java.base/java.util.concurrent.ScheduledThreadPoolExecutor$ScheduledFutureTask.<init>(ScheduledThreadPoolExecutor.java:215)
	at java.base/java.util.concurrent.ScheduledThreadPoolExecutor.schedule(ScheduledThreadPoolExecutor.java:561)
	at com.netflix.discovery.TimedSupervisorTask.run(TimedSupervisorTask.java:99)
	at java.base/java.util.concurrent.Executors$RunnableAdapter.call(Executors.java:539)
	at java.base/java.util.concurrent.FutureTask.run$$$capture(FutureTask.java:264)
	at java.base/java.util.concurrent.FutureTask.run(FutureTask.java)
	at --- Async.Stack.Trace --- (captured by IntelliJ IDEA debugger)
	at java.base/java.util.concurrent.FutureTask.<init>(FutureTask.java:151)
	at java.base/java.util.concurrent.ScheduledThreadPoolExecutor$ScheduledFutureTask.<init>(ScheduledThreadPoolExecutor.java:215)
	at java.base/java.util.concurrent.ScheduledThreadPoolExecutor.schedule(ScheduledThreadPoolExecutor.java:561)
	at com.netflix.discovery.TimedSupervisorTask.run(TimedSupervisorTask.java:99)
	at java.base/java.util.concurrent.Executors$RunnableAdapter.call(Executors.java:539)
	at java.base/java.util.concurrent.FutureTask.run$$$capture(FutureTask.java:264)
	at java.base/java.util.concurrent.FutureTask.run(FutureTask.java)
	at --- Async.Stack.Trace --- (captured by IntelliJ IDEA debugger)
	at java.base/java.util.concurrent.FutureTask.<init>(FutureTask.java:151)
	at java.base/java.util.concurrent.ScheduledThreadPoolExecutor$ScheduledFutureTask.<init>(ScheduledThreadPoolExecutor.java:215)
	at java.base/java.util.concurrent.ScheduledThreadPoolExecutor.schedule(ScheduledThreadPoolExecutor.java:561)
	at com.netflix.discovery.TimedSupervisorTask.run(TimedSupervisorTask.java:99)
	at java.base/java.util.concurrent.Executors$RunnableAdapter.call(Executors.java:539)
	at java.base/java.util.concurrent.FutureTask.run$$$capture(FutureTask.java:264)
	at java.base/java.util.concurrent.FutureTask.run(FutureTask.java)
	at --- Async.Stack.Trace --- (captured by IntelliJ IDEA debugger)
	at java.base/java.util.concurrent.FutureTask.<init>(FutureTask.java:151)
	at java.base/java.util.concurrent.ScheduledThreadPoolExecutor$ScheduledFutureTask.<init>(ScheduledThreadPoolExecutor.java:215)
	at java.base/java.util.concurrent.ScheduledThreadPoolExecutor.schedule(ScheduledThreadPoolExecutor.java:561)
	at com.netflix.discovery.TimedSupervisorTask.run(TimedSupervisorTask.java:99)
	at java.base/java.util.concurrent.Executors$RunnableAdapter.call(Executors.java:539)
	at java.base/java.util.concurrent.FutureTask.run$$$capture(FutureTask.java:264)
	at java.base/java.util.concurrent.FutureTask.run(FutureTask.java)
	at --- Async.Stack.Trace --- (captured by IntelliJ IDEA debugger)
	at java.base/java.util.concurrent.FutureTask.<init>(FutureTask.java:151)
	at java.base/java.util.concurrent.ScheduledThreadPoolExecutor$ScheduledFutureTask.<init>(ScheduledThreadPoolExecutor.java:215)
	at java.base/java.util.concurrent.ScheduledThreadPoolExecutor.schedule(ScheduledThreadPoolExecutor.java:561)
	at com.netflix.discovery.TimedSupervisorTask.run(TimedSupervisorTask.java:99)
	at java.base/java.util.concurrent.Executors$RunnableAdapter.call(Executors.java:539)
	at java.base/java.util.concurrent.FutureTask.run$$$capture(FutureTask.java:264)
	at java.base/java.util.concurrent.FutureTask.run(FutureTask.java)
	at --- Async.Stack.Trace --- (captured by IntelliJ IDEA debugger)
	at java.base/java.util.concurrent.FutureTask.<init>(FutureTask.java:151)
	at java.base/java.util.concurrent.ScheduledThreadPoolExecutor$ScheduledFutureTask.<init>(ScheduledThreadPoolExecutor.java:215)
	at java.base/java.util.concurrent.ScheduledThreadPoolExecutor.schedule(ScheduledThreadPoolExecutor.java:561)
	at com.netflix.discovery.TimedSupervisorTask.run(TimedSupervisorTask.java:99)
	at java.base/java.util.concurrent.Executors$RunnableAdapter.call(Executors.java:539)
	at java.base/java.util.concurrent.FutureTask.run$$$capture(FutureTask.java:264)
	at java.base/java.util.concurrent.FutureTask.run(FutureTask.java)
	at --- Async.Stack.Trace --- (captured by IntelliJ IDEA debugger)
	at java.base/java.util.concurrent.FutureTask.<init>(FutureTask.java:151)
	at java.base/java.util.concurrent.ScheduledThreadPoolExecutor$ScheduledFutureTask.<init>(ScheduledThreadPoolExecutor.java:215)
	at java.base/java.util.concurrent.ScheduledThreadPoolExecutor.schedule(ScheduledThreadPoolExecutor.java:561)
	at com.netflix.discovery.TimedSupervisorTask.run(TimedSupervisorTask.java:99)
	at java.base/java.util.concurrent.Executors$RunnableAdapter.call(Executors.java:539)
	at java.base/java.util.concurrent.FutureTask.run$$$capture(FutureTask.java:264)
	at java.base/java.util.concurrent.FutureTask.run(FutureTask.java)
	at --- Async.Stack.Trace --- (captured by IntelliJ IDEA debugger)
	at java.base/java.util.concurrent.FutureTask.<init>(FutureTask.java:151)
	at java.base/java.util.concurrent.ScheduledThreadPoolExecutor$ScheduledFutureTask.<init>(ScheduledThreadPoolExecutor.java:215)
	at java.base/java.util.concurrent.ScheduledThreadPoolExecutor.schedule(ScheduledThreadPoolExecutor.java:561)
	at com.netflix.discovery.TimedSupervisorTask.run(TimedSupervisorTask.java:99)
	at java.base/java.util.concurrent.Executors$RunnableAdapter.call(Executors.java:539)
	at java.base/java.util.concurrent.FutureTask.run$$$capture(FutureTask.java:264)
	at java.base/java.util.concurrent.FutureTask.run(FutureTask.java)
	at --- Async.Stack.Trace --- (captured by IntelliJ IDEA debugger)
	at java.base/java.util.concurrent.FutureTask.<init>(FutureTask.java:151)
	at java.base/java.util.concurrent.ScheduledThreadPoolExecutor$ScheduledFutureTask.<init>(ScheduledThreadPoolExecutor.java:215)
	at java.base/java.util.concurrent.ScheduledThreadPoolExecutor.schedule(ScheduledThreadPoolExecutor.java:561)
	at com.netflix.discovery.TimedSupervisorTask.run(TimedSupervisorTask.java:99)
	at java.base/java.util.concurrent.Executors$RunnableAdapter.call(Executors.java:539)
	at java.base/java.util.concurrent.FutureTask.run$$$capture(FutureTask.java:264)
	at java.base/java.util.concurrent.FutureTask.run(FutureTask.java)
	at --- Async.Stack.Trace --- (captured by IntelliJ IDEA debugger)
	at java.base/java.util.concurrent.FutureTask.<init>(FutureTask.java:151)
	at java.base/java.util.concurrent.ScheduledThreadPoolExecutor$ScheduledFutureTask.<init>(ScheduledThreadPoolExecutor.java:215)
	at java.base/java.util.concurrent.ScheduledThreadPoolExecutor.schedule(ScheduledThreadPoolExecutor.java:561)
	at com.netflix.discovery.TimedSupervisorTask.run(TimedSupervisorTask.java:99)
	at java.base/java.util.concurrent.Executors$RunnableAdapter.call(Executors.java:539)
	at java.base/java.util.concurrent.FutureTask.run$$$capture(FutureTask.java:264)
	at java.base/java.util.concurrent.FutureTask.run(FutureTask.java)
	at --- Async.Stack.Trace --- (captured by IntelliJ IDEA debugger)
	at java.base/java.util.concurrent.FutureTask.<init>(FutureTask.java:151)
	at java.base/java.util.concurrent.ScheduledThreadPoolExecutor$ScheduledFutureTask.<init>(ScheduledThreadPoolExecutor.java:215)
	at java.base/java.util.concurrent.ScheduledThreadPoolExecutor.schedule(ScheduledThreadPoolExecutor.java:561)
	at com.netflix.discovery.TimedSupervisorTask.run(TimedSupervisorTask.java:99)
	at java.base/java.util.concurrent.Executors$RunnableAdapter.call(Executors.java:539)
	at java.base/java.util.concurrent.FutureTask.run$$$capture(FutureTask.java:264)
	at java.base/java.util.concurrent.FutureTask.run(FutureTask.java)
	at --- Async.Stack.Trace --- (captured by IntelliJ IDEA debugger)
	at java.base/java.util.concurrent.FutureTask.<init>(FutureTask.java:151)
	at java.base/java.util.concurrent.ScheduledThreadPoolExecutor$ScheduledFutureTask.<init>(ScheduledThreadPoolExecutor.java:215)
	at java.base/java.util.concurrent.ScheduledThreadPoolExecutor.schedule(ScheduledThreadPoolExecutor.java:561)
	at com.netflix.discovery.TimedSupervisorTask.run(TimedSupervisorTask.java:99)
	at java.base/java.util.concurrent.Executors$RunnableAdapter.call(Executors.java:539)
	at java.base/java.util.concurrent.FutureTask.run$$$capture(FutureTask.java:264)
	at java.base/java.util.concurrent.FutureTask.run(FutureTask.java)
	at --- Async.Stack.Trace --- (captured by IntelliJ IDEA debugger)
	at java.base/java.util.concurrent.FutureTask.<init>(FutureTask.java:151)
	at java.base/java.util.concurrent.ScheduledThreadPoolExecutor$ScheduledFutureTask.<init>(ScheduledThreadPoolExecutor.java:215)
	at java.base/java.util.concurrent.ScheduledThreadPoolExecutor.schedule(ScheduledThreadPoolExecutor.java:561)
	at com.netflix.discovery.TimedSupervisorTask.run(TimedSupervisorTask.java:99)
	at java.base/java.util.concurrent.Executors$RunnableAdapter.call(Executors.java:539)
	at java.base/java.util.concurrent.FutureTask.run$$$capture(FutureTask.java:264)
	at java.base/java.util.concurrent.FutureTask.run(FutureTask.java)
	at --- Async.Stack.Trace --- (captured by IntelliJ IDEA debugger)
	at java.base/java.util.concurrent.FutureTask.<init>(FutureTask.java:151)
	at java.base/java.util.concurrent.ScheduledThreadPoolExecutor$ScheduledFutureTask.<init>(ScheduledThreadPoolExecutor.java:215)
	at java.base/java.util.concurrent.ScheduledThreadPoolExecutor.schedule(ScheduledThreadPoolExecutor.java:561)
	at com.netflix.discovery.TimedSupervisorTask.run(TimedSupervisorTask.java:99)
	at java.base/java.util.concurrent.Executors$RunnableAdapter.call(Executors.java:539)
	at java.base/java.util.concurrent.FutureTask.run$$$capture(FutureTask.java:264)
	at java.base/java.util.concurrent.FutureTask.run(FutureTask.java)
	at --- Async.Stack.Trace --- (captured by IntelliJ IDEA debugger)
	at java.base/java.util.concurrent.FutureTask.<init>(FutureTask.java:151)
	at java.base/java.util.concurrent.ScheduledThreadPoolExecutor$ScheduledFutureTask.<init>(ScheduledThreadPoolExecutor.java:215)
	at java.base/java.util.concurrent.ScheduledThreadPoolExecutor.schedule(ScheduledThreadPoolExecutor.java:561)
	at com.netflix.discovery.TimedSupervisorTask.run(TimedSupervisorTask.java:99)
	at java.base/java.util.concurrent.Executors$RunnableAdapter.call(Executors.java:539)
	at java.base/java.util.concurrent.FutureTask.run$$$capture(FutureTask.java:264)
	at java.base/java.util.concurrent.FutureTask.run(FutureTask.java)
	at --- Async.Stack.Trace --- (captured by IntelliJ IDEA debugger)
	at java.base/java.util.concurrent.FutureTask.<init>(FutureTask.java:151)
	at java.base/java.util.concurrent.ScheduledThreadPoolExecutor$ScheduledFutureTask.<init>(ScheduledThreadPoolExecutor.java:215)
	at java.base/java.util.concurrent.ScheduledThreadPoolExecutor.schedule(ScheduledThreadPoolExecutor.java:561)
	at com.netflix.discovery.TimedSupervisorTask.run(TimedSupervisorTask.java:99)
	at java.base/java.util.concurrent.Executors$RunnableAdapter.call(Executors.java:539)
	at java.base/java.util.concurrent.FutureTask.run$$$capture(FutureTask.java:264)
	at java.base/java.util.concurrent.FutureTask.run(FutureTask.java)
	at --- Async.Stack.Trace --- (captured by IntelliJ IDEA debugger)
	at java.base/java.util.concurrent.FutureTask.<init>(FutureTask.java:151)
	at java.base/java.util.concurrent.ScheduledThreadPoolExecutor$ScheduledFutureTask.<init>(ScheduledThreadPoolExecutor.java:215)
	at java.base/java.util.concurrent.ScheduledThreadPoolExecutor.schedule(ScheduledThreadPoolExecutor.java:561)
	at com.netflix.discovery.TimedSupervisorTask.run(TimedSupervisorTask.java:99)
	at java.base/java.util.concurrent.Executors$RunnableAdapter.call(Executors.java:539)
	at java.base/java.util.concurrent.FutureTask.run$$$capture(FutureTask.java:264)
	at java.base/java.util.concurrent.FutureTask.run(FutureTask.java)
	at --- Async.Stack.Trace --- (captured by IntelliJ IDEA debugger)
	at java.base/java.util.concurrent.FutureTask.<init>(FutureTask.java:151)
	at java.base/java.util.concurrent.ScheduledThreadPoolExecutor$ScheduledFutureTask.<init>(ScheduledThreadPoolExecutor.java:215)
	at java.base/java.util.concurrent.ScheduledThreadPoolExecutor.schedule(ScheduledThreadPoolExecutor.java:561)
	at com.netflix.discovery.TimedSupervisorTask.run(TimedSupervisorTask.java:99)
	at java.base/java.util.concurrent.Executors$RunnableAdapter.call(Executors.java:539)
	at java.base/java.util.concurrent.FutureTask.run$$$capture(FutureTask.java:264)
	at java.base/java.util.concurrent.FutureTask.run(FutureTask.java)
	at --- Async.Stack.Trace --- (captured by IntelliJ IDEA debugger)
	at java.base/java.util.concurrent.FutureTask.<init>(FutureTask.java:151)
	at java.base/java.util.concurrent.ScheduledThreadPoolExecutor$ScheduledFutureTask.<init>(ScheduledThreadPoolExecutor.java:215)
	at java.base/java.util.concurrent.ScheduledThreadPoolExecutor.schedule(ScheduledThreadPoolExecutor.java:561)
	at com.netflix.discovery.TimedSupervisorTask.run(TimedSupervisorTask.java:99)
	at java.base/java.util.concurrent.Executors$RunnableAdapter.call(Executors.java:539)
	at java.base/java.util.concurrent.FutureTask.run$$$capture(FutureTask.java:264)
	at java.base/java.util.concurrent.FutureTask.run(FutureTask.java)
	at --- Async.Stack.Trace --- (captured by IntelliJ IDEA debugger)
	at java.base/java.util.concurrent.FutureTask.<init>(FutureTask.java:151)
	at java.base/java.util.concurrent.ScheduledThreadPoolExecutor$ScheduledFutureTask.<init>(ScheduledThreadPoolExecutor.java:215)
	at java.base/java.util.concurrent.ScheduledThreadPoolExecutor.schedule(ScheduledThreadPoolExecutor.java:561)
	at com.netflix.discovery.TimedSupervisorTask.run(TimedSupervisorTask.java:99)
	at java.base/java.util.concurrent.Executors$RunnableAdapter.call(Executors.java:539)
	at java.base/java.util.concurrent.FutureTask.run$$$capture(FutureTask.java:264)
	at java.base/java.util.concurrent.FutureTask.run(FutureTask.java)
	at --- Async.Stack.Trace --- (captured by IntelliJ IDEA debugger)
	at java.base/java.util.concurrent.FutureTask.<init>(FutureTask.java:151)
	at java.base/java.util.concurrent.ScheduledThreadPoolExecutor$ScheduledFutureTask.<init>(ScheduledThreadPoolExecutor.java:215)
	at java.base/java.util.concurrent.ScheduledThreadPoolExecutor.schedule(ScheduledThreadPoolExecutor.java:561)
	at com.netflix.discovery.TimedSupervisorTask.run(TimedSupervisorTask.java:99)
	at java.base/java.util.concurrent.Executors$RunnableAdapter.call(Executors.java:539)
	at java.base/java.util.concurrent.FutureTask.run$$$capture(FutureTask.java:264)
	at java.base/java.util.concurrent.FutureTask.run(FutureTask.java)
	at --- Async.Stack.Trace --- (captured by IntelliJ IDEA debugger)
	at java.base/java.util.concurrent.FutureTask.<init>(FutureTask.java:151)
	at java.base/java.util.concurrent.ScheduledThreadPoolExecutor$ScheduledFutureTask.<init>(ScheduledThreadPoolExecutor.java:215)
	at java.base/java.util.concurrent.ScheduledThreadPoolExecutor.schedule(ScheduledThreadPoolExecutor.java:561)
	at com.netflix.discovery.TimedSupervisorTask.run(TimedSupervisorTask.java:99)
	at java.base/java.util.concurrent.Executors$RunnableAdapter.call(Executors.java:539)
	at java.base/java.util.concurrent.FutureTask.run$$$capture(FutureTask.java:264)
	at java.base/java.util.concurrent.FutureTask.run(FutureTask.java)
	at --- Async.Stack.Trace --- (captured by IntelliJ IDEA debugger)
	at java.base/java.util.concurrent.FutureTask.<init>(FutureTask.java:151)
	at java.base/java.util.concurrent.ScheduledThreadPoolExecutor$ScheduledFutureTask.<init>(ScheduledThreadPoolExecutor.java:215)
	at java.base/java.util.concurrent.ScheduledThreadPoolExecutor.schedule(ScheduledThreadPoolExecutor.java:561)
	at com.netflix.discovery.TimedSupervisorTask.run(TimedSupervisorTask.java:99)
	at java.base/java.util.concurrent.Executors$RunnableAdapter.call(Executors.java:539)
	at java.base/java.util.concurrent.FutureTask.run$$$capture(FutureTask.java:264)
	at java.base/java.util.concurrent.FutureTask.run(FutureTask.java)
	at --- Async.Stack.Trace --- (captured by IntelliJ IDEA debugger)
	at java.base/java.util.concurrent.FutureTask.<init>(FutureTask.java:151)
	at java.base/java.util.concurrent.ScheduledThreadPoolExecutor$ScheduledFutureTask.<init>(ScheduledThreadPoolExecutor.java:215)
	at java.base/java.util.concurrent.ScheduledThreadPoolExecutor.schedule(ScheduledThreadPoolExecutor.java:561)
	at com.netflix.discovery.TimedSupervisorTask.run(TimedSupervisorTask.java:99)
	at java.base/java.util.concurrent.Executors$RunnableAdapter.call(Executors.java:539)
	at java.base/java.util.concurrent.FutureTask.run$$$capture(FutureTask.java:264)
	at java.base/java.util.concurrent.FutureTask.run(FutureTask.java)
	at --- Async.Stack.Trace --- (captured by IntelliJ IDEA debugger)
	at java.base/java.util.concurrent.FutureTask.<init>(FutureTask.java:151)
	at java.base/java.util.concurrent.ScheduledThreadPoolExecutor$ScheduledFutureTask.<init>(ScheduledThreadPoolExecutor.java:215)
	at java.base/java.util.concurrent.ScheduledThreadPoolExecutor.schedule(ScheduledThreadPoolExecutor.java:561)
	at com.netflix.discovery.TimedSupervisorTask.run(TimedSupervisorTask.java:99)
	at java.base/java.util.concurrent.Executors$RunnableAdapter.call(Executors.java:539)
	at java.base/java.util.concurrent.FutureTask.run$$$capture(FutureTask.java:264)
	at java.base/java.util.concurrent.FutureTask.run(FutureTask.java)
	at --- Async.Stack.Trace --- (captured by IntelliJ IDEA debugger)
	at java.base/java.util.concurrent.FutureTask.<init>(FutureTask.java:151)
	at java.base/java.util.concurrent.ScheduledThreadPoolExecutor$ScheduledFutureTask.<init>(ScheduledThreadPoolExecutor.java:215)
	at java.base/java.util.concurrent.ScheduledThreadPoolExecutor.schedule(ScheduledThreadPoolExecutor.java:561)
	at com.netflix.discovery.TimedSupervisorTask.run(TimedSupervisorTask.java:99)
	at java.base/java.util.concurrent.Executors$RunnableAdapter.call(Executors.java:539)
	at java.base/java.util.concurrent.FutureTask.run$$$capture(FutureTask.java:264)
	at java.base/java.util.concurrent.FutureTask.run(FutureTask.java)
	at --- Async.Stack.Trace --- (captured by IntelliJ IDEA debugger)
	at java.base/java.util.concurrent.FutureTask.<init>(FutureTask.java:151)
	at java.base/java.util.concurrent.ScheduledThreadPoolExecutor$ScheduledFutureTask.<init>(ScheduledThreadPoolExecutor.java:215)
	at java.base/java.util.concurrent.ScheduledThreadPoolExecutor.schedule(ScheduledThreadPoolExecutor.java:561)
	at com.netflix.discovery.TimedSupervisorTask.run(TimedSupervisorTask.java:99)
	at java.base/java.util.concurrent.Executors$RunnableAdapter.call(Executors.java:539)
	at java.base/java.util.concurrent.FutureTask.run$$$capture(FutureTask.java:264)
	at java.base/java.util.concurrent.FutureTask.run(FutureTask.java)
	at --- Async.Stack.Trace --- (captured by IntelliJ IDEA debugger)
	at java.base/java.util.concurrent.FutureTask.<init>(FutureTask.java:151)
	at java.base/java.util.concurrent.ScheduledThreadPoolExecutor$ScheduledFutureTask.<init>(ScheduledThreadPoolExecutor.java:215)
	at java.base/java.util.concurrent.ScheduledThreadPoolExecutor.schedule(ScheduledThreadPoolExecutor.java:561)
	at com.netflix.discovery.TimedSupervisorTask.run(TimedSupervisorTask.java:99)
	at java.base/java.util.concurrent.Executors$RunnableAdapter.call(Executors.java:539)
	at java.base/java.util.concurrent.FutureTask.run$$$capture(FutureTask.java:264)
	at java.base/java.util.concurrent.FutureTask.run(FutureTask.java)
	at --- Async.Stack.Trace --- (captured by IntelliJ IDEA debugger)
	at java.base/java.util.concurrent.FutureTask.<init>(FutureTask.java:151)
	at java.base/java.util.concurrent.ScheduledThreadPoolExecutor$ScheduledFutureTask.<init>(ScheduledThreadPoolExecutor.java:215)
	at java.base/java.util.concurrent.ScheduledThreadPoolExecutor.schedule(ScheduledThreadPoolExecutor.java:561)
	at com.netflix.discovery.TimedSupervisorTask.run(TimedSupervisorTask.java:99)
	at java.base/java.util.concurrent.Executors$RunnableAdapter.call(Executors.java:539)
	at java.base/java.util.concurrent.FutureTask.run$$$capture(FutureTask.java:264)
	at java.base/java.util.concurrent.FutureTask.run(FutureTask.java)
	at --- Async.Stack.Trace --- (captured by IntelliJ IDEA debugger)
	at java.base/java.util.concurrent.FutureTask.<init>(FutureTask.java:151)
	at java.base/java.util.concurrent.ScheduledThreadPoolExecutor$ScheduledFutureTask.<init>(ScheduledThreadPoolExecutor.java:215)
	at java.base/java.util.concurrent.ScheduledThreadPoolExecutor.schedule(ScheduledThreadPoolExecutor.java:561)
	at com.netflix.discovery.TimedSupervisorTask.run(TimedSupervisorTask.java:99)
	at java.base/java.util.concurrent.Executors$RunnableAdapter.call(Executors.java:539)
	at java.base/java.util.concurrent.FutureTask.run$$$capture(FutureTask.java:264)
	at java.base/java.util.concurrent.FutureTask.run(FutureTask.java)
	at --- Async.Stack.Trace --- (captured by IntelliJ IDEA debugger)
	at java.base/java.util.concurrent.FutureTask.<init>(FutureTask.java:151)
	at java.base/java.util.concurrent.ScheduledThreadPoolExecutor$ScheduledFutureTask.<init>(ScheduledThreadPoolExecutor.java:215)
	at java.base/java.util.concurrent.ScheduledThreadPoolExecutor.schedule(ScheduledThreadPoolExecutor.java:561)
	at com.netflix.discovery.TimedSupervisorTask.run(TimedSupervisorTask.java:99)
	at java.base/java.util.concurrent.Executors$RunnableAdapter.call(Executors.java:539)
	at java.base/java.util.concurrent.FutureTask.run$$$capture(FutureTask.java:264)
	at java.base/java.util.concurrent.FutureTask.run(FutureTask.java)
	at --- Async.Stack.Trace --- (captured by IntelliJ IDEA debugger)
	at java.base/java.util.concurrent.FutureTask.<init>(FutureTask.java:151)
	at java.base/java.util.concurrent.ScheduledThreadPoolExecutor$ScheduledFutureTask.<init>(ScheduledThreadPoolExecutor.java:215)
	at java.base/java.util.concurrent.ScheduledThreadPoolExecutor.schedule(ScheduledThreadPoolExecutor.java:561)
	at com.netflix.discovery.TimedSupervisorTask.run(TimedSupervisorTask.java:99)
	at java.base/java.util.concurrent.Executors$RunnableAdapter.call(Executors.java:539)
	at java.base/java.util.concurrent.FutureTask.run$$$capture(FutureTask.java:264)
	at java.base/java.util.concurrent.FutureTask.run(FutureTask.java)
	at --- Async.Stack.Trace --- (captured by IntelliJ IDEA debugger)
	at java.base/java.util.concurrent.FutureTask.<init>(FutureTask.java:151)
	at java.base/java.util.concurrent.ScheduledThreadPoolExecutor$ScheduledFutureTask.<init>(ScheduledThreadPoolExecutor.java:215)
	at java.base/java.util.concurrent.ScheduledThreadPoolExecutor.schedule(ScheduledThreadPoolExecutor.java:561)
	at com.netflix.discovery.TimedSupervisorTask.run(TimedSupervisorTask.java:99)
	at java.base/java.util.concurrent.Executors$RunnableAdapter.call(Executors.java:539)
	at java.base/java.util.concurrent.FutureTask.run$$$capture(FutureTask.java:264)
	at java.base/java.util.concurrent.FutureTask.run(FutureTask.java)
	at --- Async.Stack.Trace --- (captured by IntelliJ IDEA debugger)
	at java.base/java.util.concurrent.FutureTask.<init>(FutureTask.java:151)
	at java.base/java.util.concurrent.ScheduledThreadPoolExecutor$ScheduledFutureTask.<init>(ScheduledThreadPoolExecutor.java:215)
	at java.base/java.util.concurrent.ScheduledThreadPoolExecutor.schedule(ScheduledThreadPoolExecutor.java:561)
	at com.netflix.discovery.TimedSupervisorTask.run(TimedSupervisorTask.java:99)
	at java.base/java.util.concurrent.Executors$RunnableAdapter.call(Executors.java:539)
	at java.base/java.util.concurrent.FutureTask.run$$$capture(FutureTask.java:264)
	at java.base/java.util.concurrent.FutureTask.run(FutureTask.java)
	at --- Async.Stack.Trace --- (captured by IntelliJ IDEA debugger)
	at java.base/java.util.concurrent.FutureTask.<init>(FutureTask.java:151)
	at java.base/java.util.concurrent.ScheduledThreadPoolExecutor$ScheduledFutureTask.<init>(ScheduledThreadPoolExecutor.java:215)
	at java.base/java.util.concurrent.ScheduledThreadPoolExecutor.schedule(ScheduledThreadPoolExecutor.java:561)
	at com.netflix.discovery.TimedSupervisorTask.run(TimedSupervisorTask.java:99)
	at java.base/java.util.concurrent.Executors$RunnableAdapter.call(Executors.java:539)
	at java.base/java.util.concurrent.FutureTask.run$$$capture(FutureTask.java:264)
	at java.base/java.util.concurrent.FutureTask.run(FutureTask.java)
	at --- Async.Stack.Trace --- (captured by IntelliJ IDEA debugger)
	at java.base/java.util.concurrent.FutureTask.<init>(FutureTask.java:151)
	at java.base/java.util.concurrent.ScheduledThreadPoolExecutor$ScheduledFutureTask.<init>(ScheduledThreadPoolExecutor.java:215)
	at java.base/java.util.concurrent.ScheduledThreadPoolExecutor.schedule(ScheduledThreadPoolExecutor.java:561)
	at com.netflix.discovery.TimedSupervisorTask.run(TimedSupervisorTask.java:99)
	at java.base/java.util.concurrent.Executors$RunnableAdapter.call(Executors.java:539)
	at java.base/java.util.concurrent.FutureTask.run$$$capture(FutureTask.java:264)
	at java.base/java.util.concurrent.FutureTask.run(FutureTask.java)
	at --- Async.Stack.Trace --- (captured by IntelliJ IDEA debugger)
	at java.base/java.util.concurrent.FutureTask.<init>(FutureTask.java:151)
	at java.base/java.util.concurrent.ScheduledThreadPoolExecutor$ScheduledFutureTask.<init>(ScheduledThreadPoolExecutor.java:215)
	at java.base/java.util.concurrent.ScheduledThreadPoolExecutor.schedule(ScheduledThreadPoolExecutor.java:561)
	at com.netflix.discovery.TimedSupervisorTask.run(TimedSupervisorTask.java:99)
	at java.base/java.util.concurrent.Executors$RunnableAdapter.call(Executors.java:539)
	at java.base/java.util.concurrent.FutureTask.run$$$capture(FutureTask.java:264)
	at java.base/java.util.concurrent.FutureTask.run(FutureTask.java)
	at --- Async.Stack.Trace --- (captured by IntelliJ IDEA debugger)
	at java.base/java.util.concurrent.FutureTask.<init>(FutureTask.java:151)
	at java.base/java.util.concurrent.ScheduledThreadPoolExecutor$ScheduledFutureTask.<init>(ScheduledThreadPoolExecutor.java:215)
	at java.base/java.util.concurrent.ScheduledThreadPoolExecutor.schedule(ScheduledThreadPoolExecutor.java:561)
	at com.netflix.discovery.TimedSupervisorTask.run(TimedSupervisorTask.java:99)
	at java.base/java.util.concurrent.Executors$RunnableAdapter.call(Executors.java:539)
	at java.base/java.util.concurrent.FutureTask.run$$$capture(FutureTask.java:264)
	at java.base/java.util.concurrent.FutureTask.run(FutureTask.java)
	at --- Async.Stack.Trace --- (captured by IntelliJ IDEA debugger)
	at java.base/java.util.concurrent.FutureTask.<init>(FutureTask.java:151)
	at java.base/java.util.concurrent.ScheduledThreadPoolExecutor$ScheduledFutureTask.<init>(ScheduledThreadPoolExecutor.java:215)
	at java.base/java.util.concurrent.ScheduledThreadPoolExecutor.schedule(ScheduledThreadPoolExecutor.java:561)
	at com.netflix.discovery.TimedSupervisorTask.run(TimedSupervisorTask.java:99)
	at java.base/java.util.concurrent.Executors$RunnableAdapter.call(Executors.java:539)
	at java.base/java.util.concurrent.FutureTask.run$$$capture(FutureTask.java:264)
	at java.base/java.util.concurrent.FutureTask.run(FutureTask.java)
	at --- Async.Stack.Trace --- (captured by IntelliJ IDEA debugger)
	at java.base/java.util.concurrent.FutureTask.<init>(FutureTask.java:151)
	at java.base/java.util.concurrent.ScheduledThreadPoolExecutor$ScheduledFutureTask.<init>(ScheduledThreadPoolExecutor.java:215)
	at java.base/java.util.concurrent.ScheduledThreadPoolExecutor.schedule(ScheduledThreadPoolExecutor.java:561)
	at com.netflix.discovery.TimedSupervisorTask.run(TimedSupervisorTask.java:99)
	at java.base/java.util.concurrent.Executors$RunnableAdapter.call(Executors.java:539)
	at java.base/java.util.concurrent.FutureTask.run$$$capture(FutureTask.java:264)
	at java.base/java.util.concurrent.FutureTask.run(FutureTask.java)
	at --- Async.Stack.Trace --- (captured by IntelliJ IDEA debugger)
	at java.base/java.util.concurrent.FutureTask.<init>(FutureTask.java:151)
	at java.base/java.util.concurrent.ScheduledThreadPoolExecutor$ScheduledFutureTask.<init>(ScheduledThreadPoolExecutor.java:215)
	at java.base/java.util.concurrent.ScheduledThreadPoolExecutor.schedule(ScheduledThreadPoolExecutor.java:561)
	at com.netflix.discovery.TimedSupervisorTask.run(TimedSupervisorTask.java:99)
	at java.base/java.util.concurrent.Executors$RunnableAdapter.call(Executors.java:539)
	at java.base/java.util.concurrent.FutureTask.run$$$capture(FutureTask.java:264)
	at java.base/java.util.concurrent.FutureTask.run(FutureTask.java)
	at --- Async.Stack.Trace --- (captured by IntelliJ IDEA debugger)
	at java.base/java.util.concurrent.FutureTask.<init>(FutureTask.java:151)
	at java.base/java.util.concurrent.ScheduledThreadPoolExecutor$ScheduledFutureTask.<init>(ScheduledThreadPoolExecutor.java:215)
	at java.base/java.util.concurrent.ScheduledThreadPoolExecutor.schedule(ScheduledThreadPoolExecutor.java:561)
	at com.netflix.discovery.TimedSupervisorTask.run(TimedSupervisorTask.java:99)
	at java.base/java.util.concurrent.Executors$RunnableAdapter.call(Executors.java:539)
	at java.base/java.util.concurrent.FutureTask.run$$$capture(FutureTask.java:264)
	at java.base/java.util.concurrent.FutureTask.run(FutureTask.java)
	at --- Async.Stack.Trace --- (captured by IntelliJ IDEA debugger)
	at java.base/java.util.concurrent.FutureTask.<init>(FutureTask.java:151)
	at java.base/java.util.concurrent.ScheduledThreadPoolExecutor$ScheduledFutureTask.<init>(ScheduledThreadPoolExecutor.java:215)
	at java.base/java.util.concurrent.ScheduledThreadPoolExecutor.schedule(ScheduledThreadPoolExecutor.java:561)
	at com.netflix.discovery.TimedSupervisorTask.run(TimedSupervisorTask.java:99)
	at java.base/java.util.concurrent.Executors$RunnableAdapter.call(Executors.java:539)
	at java.base/java.util.concurrent.FutureTask.run$$$capture(FutureTask.java:264)
	at java.base/java.util.concurrent.FutureTask.run(FutureTask.java)
	at --- Async.Stack.Trace --- (captured by IntelliJ IDEA debugger)
Caused by: org.apache.hc.client5.http.HttpHostConnectException: Connect to http://localhost:8761 [localhost/127.0.0.1, localhost/0:0:0:0:0:0:0:1] failed: Connection refused: no further information
	at java.base/sun.nio.ch.Net.pollConnect(Native Method)
	at java.base/sun.nio.ch.Net.pollConnectNow(Net.java:672)
	at java.base/sun.nio.ch.NioSocketImpl.timedFinishConnect(NioSocketImpl.java:547)
	at java.base/sun.nio.ch.NioSocketImpl.connect(NioSocketImpl.java:602)
	at java.base/java.net.SocksSocketImpl.connect(SocksSocketImpl.java:327)
	at java.base/java.net.Socket.connect(Socket.java:633)
	at org.apache.hc.client5.http.impl.io.DefaultHttpClientConnectionOperator.connect(DefaultHttpClientConnectionOperator.java:216)
	at org.apache.hc.client5.http.impl.io.PoolingHttpClientConnectionManager.connect(PoolingHttpClientConnectionManager.java:490)
	at org.apache.hc.client5.http.impl.classic.InternalExecRuntime.connectEndpoint(InternalExecRuntime.java:164)
	at org.apache.hc.client5.http.impl.classic.InternalExecRuntime.connectEndpoint(InternalExecRuntime.java:174)
	at org.apache.hc.client5.http.impl.classic.ConnectExec.execute(ConnectExec.java:144)
	at org.apache.hc.client5.http.impl.classic.ExecChainElement.execute(ExecChainElement.java:51)
	at org.apache.hc.client5.http.impl.classic.ProtocolExec.execute(ProtocolExec.java:192)
	at org.apache.hc.client5.http.impl.classic.ExecChainElement.execute(ExecChainElement.java:51)
	at org.apache.hc.client5.http.impl.classic.ContentCompressionExec.execute(ContentCompressionExec.java:150)
	at org.apache.hc.client5.http.impl.classic.ExecChainElement.execute(ExecChainElement.java:51)
	at org.apache.hc.client5.http.impl.classic.HttpRequestRetryExec.execute(HttpRequestRetryExec.java:113)
	at org.apache.hc.client5.http.impl.classic.ExecChainElement.execute(ExecChainElement.java:51)
	at org.apache.hc.client5.http.impl.classic.RedirectExec.execute(RedirectExec.java:110)
	at org.apache.hc.client5.http.impl.classic.ExecChainElement.execute(ExecChainElement.java:51)
	at org.apache.hc.client5.http.impl.classic.InternalHttpClient.doExecute(InternalHttpClient.java:174)
	at org.apache.hc.client5.http.impl.classic.CloseableHttpClient.execute(CloseableHttpClient.java:87)
	at org.apache.hc.client5.http.impl.classic.CloseableHttpClient.execute(CloseableHttpClient.java:55)
	at org.apache.hc.client5.http.classic.HttpClient.executeOpen(HttpClient.java:183)
	at org.springframework.http.client.HttpComponentsClientHttpRequest.executeInternal(HttpComponentsClientHttpRequest.java:99)
	at org.springframework.http.client.AbstractStreamingClientHttpRequest.executeInternal(AbstractStreamingClientHttpRequest.java:71)
	at org.springframework.http.client.AbstractClientHttpRequest.execute(AbstractClientHttpRequest.java:81)
	at org.springframework.http.client.InterceptingClientHttpRequest$InterceptingRequestExecution.execute(InterceptingClientHttpRequest.java:117)
	at org.springframework.cloud.netflix.eureka.http.RestTemplateTransportClientFactory.lambda$restTemplate$2(RestTemplateTransportClientFactory.java:145)
	at org.springframework.http.client.InterceptingClientHttpRequest$InterceptingRequestExecution.execute(InterceptingClientHttpRequest.java:88)
	at org.springframework.http.client.InterceptingClientHttpRequest.executeInternal(InterceptingClientHttpRequest.java:72)
	at org.springframework.http.client.AbstractBufferingClientHttpRequest.executeInternal(AbstractBufferingClientHttpRequest.java:48)
	at org.springframework.http.client.AbstractClientHttpRequest.execute(AbstractClientHttpRequest.java:81)
	at org.springframework.web.client.RestTemplate.doExecute(RestTemplate.java:900)
	... 1155 more
 
2025-04-21 12:09:26-642 [DiscoveryClient-HeartbeatExecutor-%d] WARN  c.n.d.s.t.d.RetryableEurekaHttpClient - Request execution failed with message: I/O error on PUT request for "http://localhost:8761/eureka/apps/SERVICE-CUSTOMER/192.168.1.11:service-customer:8181": Connect to http://localhost:8761 [localhost/127.0.0.1, localhost/0:0:0:0:0:0:0:1] failed: Connection refused: no further information 
2025-04-21 12:09:26-642 [DiscoveryClient-HeartbeatExecutor-%d] ERROR c.netflix.discovery.DiscoveryClient - DiscoveryClient_SERVICE-CUSTOMER/192.168.1.11:service-customer:8181 - was unable to send heartbeat! 
com.netflix.discovery.shared.transport.TransportException: Cannot execute request on any known server
	at com.netflix.discovery.shared.transport.decorator.RetryableEurekaHttpClient.execute(RetryableEurekaHttpClient.java:112)
	at com.netflix.discovery.shared.transport.decorator.EurekaHttpClientDecorator.sendHeartBeat(EurekaHttpClientDecorator.java:89)
	at com.netflix.discovery.shared.transport.decorator.EurekaHttpClientDecorator$3.execute(EurekaHttpClientDecorator.java:92)
	at com.netflix.discovery.shared.transport.decorator.SessionedEurekaHttpClient.execute(SessionedEurekaHttpClient.java:76)
	at com.netflix.discovery.shared.transport.decorator.EurekaHttpClientDecorator.sendHeartBeat(EurekaHttpClientDecorator.java:89)
	at com.netflix.discovery.DiscoveryClient.renew(DiscoveryClient.java:845)
	at com.netflix.discovery.DiscoveryClient$HeartbeatThread.run(DiscoveryClient.java:1402)
	at java.base/java.util.concurrent.Executors$RunnableAdapter.call(Executors.java:539)
	at java.base/java.util.concurrent.FutureTask.run$$$capture(FutureTask.java:264)
	at java.base/java.util.concurrent.FutureTask.run(FutureTask.java)
	at java.base/java.util.concurrent.ThreadPoolExecutor.runWorker(ThreadPoolExecutor.java:1136)
	at java.base/java.util.concurrent.ThreadPoolExecutor$Worker.run(ThreadPoolExecutor.java:635)
	at java.base/java.lang.Thread.run(Thread.java:842)
2025-04-21 12:09:57-170 [DiscoveryClient-HeartbeatExecutor-%d] INFO  c.netflix.discovery.DiscoveryClient - DiscoveryClient_SERVICE-CUSTOMER/192.168.1.11:service-customer:8181 - Re-registering apps/SERVICE-CUSTOMER 
2025-04-21 12:09:57-171 [DiscoveryClient-HeartbeatExecutor-%d] INFO  c.netflix.discovery.DiscoveryClient - DiscoveryClient_SERVICE-CUSTOMER/192.168.1.11:service-customer:8181: registering service... 
2025-04-21 12:09:57-355 [DiscoveryClient-HeartbeatExecutor-%d] INFO  c.netflix.discovery.DiscoveryClient - DiscoveryClient_SERVICE-CUSTOMER/192.168.1.11:service-customer:8181 - registration status: 204 
2025-04-21 12:10:26-982 [DiscoveryClient-CacheRefreshExecutor-%d] INFO  c.netflix.discovery.DiscoveryClient - Disable delta property : false 
2025-04-21 12:10:26-982 [DiscoveryClient-CacheRefreshExecutor-%d] INFO  c.netflix.discovery.DiscoveryClient - Single vip registry refresh property : null 
2025-04-21 12:10:26-982 [DiscoveryClient-CacheRefreshExecutor-%d] INFO  c.netflix.discovery.DiscoveryClient - Force full registry fetch : false 
2025-04-21 12:10:26-983 [DiscoveryClient-CacheRefreshExecutor-%d] INFO  c.netflix.discovery.DiscoveryClient - Application is null : false 
2025-04-21 12:10:26-984 [DiscoveryClient-CacheRefreshExecutor-%d] INFO  c.netflix.discovery.DiscoveryClient - Registered Applications size is zero : true 
2025-04-21 12:10:26-984 [DiscoveryClient-CacheRefreshExecutor-%d] INFO  c.netflix.discovery.DiscoveryClient - Application version is -1: false 
2025-04-21 12:10:26-984 [DiscoveryClient-CacheRefreshExecutor-%d] INFO  c.netflix.discovery.DiscoveryClient - Getting all instance registry info from the eureka server 
2025-04-21 12:10:27-005 [DiscoveryClient-CacheRefreshExecutor-%d] INFO  c.netflix.discovery.DiscoveryClient - The response status is 200 
2025-04-21 12:14:23-364 [AsyncResolver-bootstrap-executor-%d] INFO  c.n.d.s.r.aws.ConfigClusterResolver - Resolving eureka endpoints via configuration 
2025-04-21 12:19:23-374 [AsyncResolver-bootstrap-executor-%d] INFO  c.n.d.s.r.aws.ConfigClusterResolver - Resolving eureka endpoints via configuration 
2025-04-21 12:24:23-389 [AsyncResolver-bootstrap-executor-%d] INFO  c.n.d.s.r.aws.ConfigClusterResolver - Resolving eureka endpoints via configuration 
2025-04-21 12:29:23-414 [AsyncResolver-bootstrap-executor-%d] INFO  c.n.d.s.r.aws.ConfigClusterResolver - Resolving eureka endpoints via configuration 
2025-04-21 12:34:23-423 [AsyncResolver-bootstrap-executor-%d] INFO  c.n.d.s.r.aws.ConfigClusterResolver - Resolving eureka endpoints via configuration 
2025-04-21 12:39:23-435 [AsyncResolver-bootstrap-executor-%d] INFO  c.n.d.s.r.aws.ConfigClusterResolver - Resolving eureka endpoints via configuration 
2025-04-21 12:44:23-450 [AsyncResolver-bootstrap-executor-%d] INFO  c.n.d.s.r.aws.ConfigClusterResolver - Resolving eureka endpoints via configuration 
2025-04-21 12:49:23-538 [AsyncResolver-bootstrap-executor-%d] INFO  c.n.d.s.r.aws.ConfigClusterResolver - Resolving eureka endpoints via configuration 
2025-04-21 12:54:23-548 [AsyncResolver-bootstrap-executor-%d] INFO  c.n.d.s.r.aws.ConfigClusterResolver - Resolving eureka endpoints via configuration 
2025-04-21 12:59:23-552 [AsyncResolver-bootstrap-executor-%d] INFO  c.n.d.s.r.aws.ConfigClusterResolver - Resolving eureka endpoints via configuration 
2025-04-21 13:04:23-555 [AsyncResolver-bootstrap-executor-%d] INFO  c.n.d.s.r.aws.ConfigClusterResolver - Resolving eureka endpoints via configuration 
2025-04-21 13:09:23-561 [AsyncResolver-bootstrap-executor-%d] INFO  c.n.d.s.r.aws.ConfigClusterResolver - Resolving eureka endpoints via configuration 
2025-04-21 13:14:23-577 [AsyncResolver-bootstrap-executor-%d] INFO  c.n.d.s.r.aws.ConfigClusterResolver - Resolving eureka endpoints via configuration 
2025-04-21 13:19:23-587 [AsyncResolver-bootstrap-executor-%d] INFO  c.n.d.s.r.aws.ConfigClusterResolver - Resolving eureka endpoints via configuration 
2025-04-21 13:24:23-594 [AsyncResolver-bootstrap-executor-%d] INFO  c.n.d.s.r.aws.ConfigClusterResolver - Resolving eureka endpoints via configuration 
2025-04-21 13:29:23-606 [AsyncResolver-bootstrap-executor-%d] INFO  c.n.d.s.r.aws.ConfigClusterResolver - Resolving eureka endpoints via configuration 
2025-04-21 13:34:23-611 [AsyncResolver-bootstrap-executor-%d] INFO  c.n.d.s.r.aws.ConfigClusterResolver - Resolving eureka endpoints via configuration 
2025-04-21 13:39:23-616 [AsyncResolver-bootstrap-executor-%d] INFO  c.n.d.s.r.aws.ConfigClusterResolver - Resolving eureka endpoints via configuration 
2025-04-21 14:11:37-472 [AsyncResolver-bootstrap-executor-%d] INFO  c.n.d.s.r.aws.ConfigClusterResolver - Resolving eureka endpoints via configuration 
2025-04-21 14:16:37-474 [AsyncResolver-bootstrap-executor-%d] INFO  c.n.d.s.r.aws.ConfigClusterResolver - Resolving eureka endpoints via configuration 
2025-04-21 14:21:37-478 [AsyncResolver-bootstrap-executor-%d] INFO  c.n.d.s.r.aws.ConfigClusterResolver - Resolving eureka endpoints via configuration 
2025-04-21 14:26:37-488 [AsyncResolver-bootstrap-executor-%d] INFO  c.n.d.s.r.aws.ConfigClusterResolver - Resolving eureka endpoints via configuration 
2025-04-21 14:31:37-494 [AsyncResolver-bootstrap-executor-%d] INFO  c.n.d.s.r.aws.ConfigClusterResolver - Resolving eureka endpoints via configuration 
2025-04-21 14:36:37-507 [AsyncResolver-bootstrap-executor-%d] INFO  c.n.d.s.r.aws.ConfigClusterResolver - Resolving eureka endpoints via configuration 
2025-04-21 14:41:37-513 [AsyncResolver-bootstrap-executor-%d] INFO  c.n.d.s.r.aws.ConfigClusterResolver - Resolving eureka endpoints via configuration 
2025-04-21 14:46:37-520 [AsyncResolver-bootstrap-executor-%d] INFO  c.n.d.s.r.aws.ConfigClusterResolver - Resolving eureka endpoints via configuration 
2025-04-21 14:51:37-533 [AsyncResolver-bootstrap-executor-%d] INFO  c.n.d.s.r.aws.ConfigClusterResolver - Resolving eureka endpoints via configuration 
2025-04-21 14:56:37-536 [AsyncResolver-bootstrap-executor-%d] INFO  c.n.d.s.r.aws.ConfigClusterResolver - Resolving eureka endpoints via configuration 
2025-04-21 15:01:37-545 [AsyncResolver-bootstrap-executor-%d] INFO  c.n.d.s.r.aws.ConfigClusterResolver - Resolving eureka endpoints via configuration 
2025-04-21 15:06:37-562 [AsyncResolver-bootstrap-executor-%d] INFO  c.n.d.s.r.aws.ConfigClusterResolver - Resolving eureka endpoints via configuration 
2025-04-21 15:11:37-565 [AsyncResolver-bootstrap-executor-%d] INFO  c.n.d.s.r.aws.ConfigClusterResolver - Resolving eureka endpoints via configuration 
2025-04-21 15:16:37-572 [AsyncResolver-bootstrap-executor-%d] INFO  c.n.d.s.r.aws.ConfigClusterResolver - Resolving eureka endpoints via configuration 
2025-04-21 15:21:37-574 [AsyncResolver-bootstrap-executor-%d] INFO  c.n.d.s.r.aws.ConfigClusterResolver - Resolving eureka endpoints via configuration 
2025-04-21 15:26:37-585 [AsyncResolver-bootstrap-executor-%d] INFO  c.n.d.s.r.aws.ConfigClusterResolver - Resolving eureka endpoints via configuration 
2025-04-21 15:31:37-599 [AsyncResolver-bootstrap-executor-%d] INFO  c.n.d.s.r.aws.ConfigClusterResolver - Resolving eureka endpoints via configuration 
2025-04-21 15:36:37-610 [AsyncResolver-bootstrap-executor-%d] INFO  c.n.d.s.r.aws.ConfigClusterResolver - Resolving eureka endpoints via configuration 
2025-04-21 15:41:37-625 [AsyncResolver-bootstrap-executor-%d] INFO  c.n.d.s.r.aws.ConfigClusterResolver - Resolving eureka endpoints via configuration 
2025-04-21 15:46:37-644 [AsyncResolver-bootstrap-executor-%d] INFO  c.n.d.s.r.aws.ConfigClusterResolver - Resolving eureka endpoints via configuration 
2025-04-21 15:51:37-658 [AsyncResolver-bootstrap-executor-%d] INFO  c.n.d.s.r.aws.ConfigClusterResolver - Resolving eureka endpoints via configuration 
2025-04-21 15:56:37-676 [AsyncResolver-bootstrap-executor-%d] INFO  c.n.d.s.r.aws.ConfigClusterResolver - Resolving eureka endpoints via configuration 
2025-04-21 16:01:37-682 [AsyncResolver-bootstrap-executor-%d] INFO  c.n.d.s.r.aws.ConfigClusterResolver - Resolving eureka endpoints via configuration 
2025-04-21 16:06:37-693 [AsyncResolver-bootstrap-executor-%d] INFO  c.n.d.s.r.aws.ConfigClusterResolver - Resolving eureka endpoints via configuration 
2025-04-21 16:11:37-710 [AsyncResolver-bootstrap-executor-%d] INFO  c.n.d.s.r.aws.ConfigClusterResolver - Resolving eureka endpoints via configuration 
2025-04-21 16:16:37-730 [AsyncResolver-bootstrap-executor-%d] INFO  c.n.d.s.r.aws.ConfigClusterResolver - Resolving eureka endpoints via configuration 
2025-04-21 16:21:37-743 [AsyncResolver-bootstrap-executor-%d] INFO  c.n.d.s.r.aws.ConfigClusterResolver - Resolving eureka endpoints via configuration 
2025-04-21 16:26:37-756 [AsyncResolver-bootstrap-executor-%d] INFO  c.n.d.s.r.aws.ConfigClusterResolver - Resolving eureka endpoints via configuration 
2025-04-21 16:31:37-758 [AsyncResolver-bootstrap-executor-%d] INFO  c.n.d.s.r.aws.ConfigClusterResolver - Resolving eureka endpoints via configuration 
2025-04-21 16:36:37-774 [AsyncResolver-bootstrap-executor-%d] INFO  c.n.d.s.r.aws.ConfigClusterResolver - Resolving eureka endpoints via configuration 
2025-04-21 16:41:37-786 [AsyncResolver-bootstrap-executor-%d] INFO  c.n.d.s.r.aws.ConfigClusterResolver - Resolving eureka endpoints via configuration 
2025-04-21 16:46:37-798 [AsyncResolver-bootstrap-executor-%d] INFO  c.n.d.s.r.aws.ConfigClusterResolver - Resolving eureka endpoints via configuration 
2025-04-21 16:51:37-814 [AsyncResolver-bootstrap-executor-%d] INFO  c.n.d.s.r.aws.ConfigClusterResolver - Resolving eureka endpoints via configuration 
2025-04-21 16:56:37-826 [AsyncResolver-bootstrap-executor-%d] INFO  c.n.d.s.r.aws.ConfigClusterResolver - Resolving eureka endpoints via configuration 
2025-04-21 17:00:33-405 [SpringApplicationShutdownHook] INFO  o.s.c.n.e.s.EurekaServiceRegistry - Unregistering application SERVICE-CUSTOMER with eureka with status DOWN 
2025-04-21 17:00:33-407 [SpringApplicationShutdownHook] INFO  c.netflix.discovery.DiscoveryClient - Saw local status change event StatusChangeEvent [timestamp=1745272833407, current=DOWN, previous=UP] 
2025-04-21 17:00:33-408 [DiscoveryClient-InstanceInfoReplicator-%d] INFO  c.netflix.discovery.DiscoveryClient - DiscoveryClient_SERVICE-CUSTOMER/192.168.1.11:service-customer:8181: registering service... 
2025-04-21 17:00:33-451 [DiscoveryClient-InstanceInfoReplicator-%d] INFO  c.n.d.s.t.d.RedirectingEurekaHttpClient - Request execution error. endpoint=DefaultEndpoint{ serviceUrl='http://localhost:8761/eureka/} exception=I/O error on POST request for "http://localhost:8761/eureka/apps/SERVICE-CUSTOMER": Connect to http://localhost:8761 [localhost/127.0.0.1, localhost/0:0:0:0:0:0:0:1] failed: Connection refused: no further information stacktrace=org.springframework.web.client.ResourceAccessException: I/O error on POST request for "http://localhost:8761/eureka/apps/SERVICE-CUSTOMER": Connect to http://localhost:8761 [localhost/127.0.0.1, localhost/0:0:0:0:0:0:0:1] failed: Connection refused: no further information
	at org.springframework.web.client.RestTemplate.createResourceAccessException(RestTemplate.java:926)
	at org.springframework.web.client.RestTemplate.doExecute(RestTemplate.java:906)
	at org.springframework.web.client.RestTemplate.execute(RestTemplate.java:841)
	at org.springframework.web.client.RestTemplate.exchange(RestTemplate.java:702)
	at org.springframework.cloud.netflix.eureka.http.RestTemplateEurekaHttpClient.register(RestTemplateEurekaHttpClient.java:87)
	at com.netflix.discovery.shared.transport.decorator.EurekaHttpClientDecorator$1.execute(EurekaHttpClientDecorator.java:59)
	at com.netflix.discovery.shared.transport.decorator.RedirectingEurekaHttpClient.execute(RedirectingEurekaHttpClient.java:91)
	at com.netflix.discovery.shared.transport.decorator.EurekaHttpClientDecorator.register(EurekaHttpClientDecorator.java:56)
	at com.netflix.discovery.shared.transport.decorator.EurekaHttpClientDecorator$1.execute(EurekaHttpClientDecorator.java:59)
	at com.netflix.discovery.shared.transport.decorator.RetryableEurekaHttpClient.execute(RetryableEurekaHttpClient.java:120)
	at com.netflix.discovery.shared.transport.decorator.EurekaHttpClientDecorator.register(EurekaHttpClientDecorator.java:56)
	at com.netflix.discovery.shared.transport.decorator.EurekaHttpClientDecorator$1.execute(EurekaHttpClientDecorator.java:59)
	at com.netflix.discovery.shared.transport.decorator.SessionedEurekaHttpClient.execute(SessionedEurekaHttpClient.java:76)
	at com.netflix.discovery.shared.transport.decorator.EurekaHttpClientDecorator.register(EurekaHttpClientDecorator.java:56)
	at com.netflix.discovery.DiscoveryClient.register(DiscoveryClient.java:828)
	at com.netflix.discovery.InstanceInfoReplicator.run(InstanceInfoReplicator.java:125)
	at com.netflix.discovery.InstanceInfoReplicator$2.run(InstanceInfoReplicator.java:105)
	at java.base/java.util.concurrent.Executors$RunnableAdapter.call(Executors.java:539)
	at java.base/java.util.concurrent.FutureTask.run$$$capture(FutureTask.java:264)
	at java.base/java.util.concurrent.FutureTask.run(FutureTask.java)
	at --- Async.Stack.Trace --- (captured by IntelliJ IDEA debugger)
	at java.base/java.util.concurrent.FutureTask.<init>(FutureTask.java:151)
	at java.base/java.util.concurrent.ScheduledThreadPoolExecutor$ScheduledFutureTask.<init>(ScheduledThreadPoolExecutor.java:215)
	at java.base/java.util.concurrent.ScheduledThreadPoolExecutor.schedule(ScheduledThreadPoolExecutor.java:561)
	at java.base/java.util.concurrent.ScheduledThreadPoolExecutor.submit(ScheduledThreadPoolExecutor.java:715)
	at com.netflix.discovery.InstanceInfoReplicator.onDemandUpdate(InstanceInfoReplicator.java:94)
	at com.netflix.discovery.DiscoveryClient$6.notify(DiscoveryClient.java:1298)
	at com.netflix.appinfo.ApplicationInfoManager.setInstanceStatus(ApplicationInfoManager.java:176)
	at java.base/jdk.internal.reflect.NativeMethodAccessorImpl.invoke0(Native Method)
	at java.base/jdk.internal.reflect.NativeMethodAccessorImpl.invoke(NativeMethodAccessorImpl.java:77)
	at java.base/jdk.internal.reflect.DelegatingMethodAccessorImpl.invoke(DelegatingMethodAccessorImpl.java:43)
	at java.base/java.lang.reflect.Method.invoke(Method.java:568)
	at org.springframework.util.ReflectionUtils.invokeMethod(ReflectionUtils.java:281)
	at org.springframework.cloud.context.scope.GenericScope$LockedScopedProxyFactoryBean.invoke(GenericScope.java:482)
	at org.springframework.aop.framework.ReflectiveMethodInvocation.proceed(ReflectiveMethodInvocation.java:184)
	at org.springframework.aop.framework.CglibAopProxy$DynamicAdvisedInterceptor.intercept(CglibAopProxy.java:727)
	at com.netflix.appinfo.ApplicationInfoManager$$SpringCGLIB$$0.setInstanceStatus(<generated>)
	at org.springframework.cloud.netflix.eureka.serviceregistry.EurekaServiceRegistry.deregister(EurekaServiceRegistry.java:95)
	at org.springframework.cloud.netflix.eureka.serviceregistry.EurekaAutoServiceRegistration.stop(EurekaAutoServiceRegistration.java:98)
	at org.springframework.cloud.netflix.eureka.serviceregistry.EurekaAutoServiceRegistration.onApplicationEvent(EurekaAutoServiceRegistration.java:159)
	at org.springframework.cloud.netflix.eureka.serviceregistry.EurekaAutoServiceRegistration.onApplicationEvent(EurekaAutoServiceRegistration.java:140)
	at org.springframework.context.event.SimpleApplicationEventMulticaster.doInvokeListener(SimpleApplicationEventMulticaster.java:185)
	at org.springframework.context.event.SimpleApplicationEventMulticaster.invokeListener(SimpleApplicationEventMulticaster.java:178)
	at org.springframework.context.event.SimpleApplicationEventMulticaster.multicastEvent(SimpleApplicationEventMulticaster.java:156)
	at org.springframework.context.support.AbstractApplicationContext.publishEvent(AbstractApplicationContext.java:454)
	at org.springframework.context.support.AbstractApplicationContext.publishEvent(AbstractApplicationContext.java:387)
	at org.springframework.context.support.AbstractApplicationContext.doClose(AbstractApplicationContext.java:1163)
	at org.springframework.boot.web.reactive.context.ReactiveWebServerApplicationContext.doClose(ReactiveWebServerApplicationContext.java:155)
	at org.springframework.context.support.AbstractApplicationContext.close(AbstractApplicationContext.java:1126)
	at org.springframework.boot.SpringApplicationShutdownHook.closeAndWait(SpringApplicationShutdownHook.java:147)
	at java.base/java.lang.Iterable.forEach(Iterable.java:75)
	at org.springframework.boot.SpringApplicationShutdownHook.run(SpringApplicationShutdownHook.java:116)
	at java.base/java.lang.Thread.run(Thread.java:842)
Caused by: org.apache.hc.client5.http.HttpHostConnectException: Connect to http://localhost:8761 [localhost/127.0.0.1, localhost/0:0:0:0:0:0:0:1] failed: Connection refused: no further information
	at java.base/sun.nio.ch.Net.pollConnect(Native Method)
	at java.base/sun.nio.ch.Net.pollConnectNow(Net.java:672)
	at java.base/sun.nio.ch.NioSocketImpl.timedFinishConnect(NioSocketImpl.java:547)
	at java.base/sun.nio.ch.NioSocketImpl.connect(NioSocketImpl.java:602)
	at java.base/java.net.SocksSocketImpl.connect(SocksSocketImpl.java:327)
	at java.base/java.net.Socket.connect(Socket.java:633)
	at org.apache.hc.client5.http.impl.io.DefaultHttpClientConnectionOperator.connect(DefaultHttpClientConnectionOperator.java:216)
	at org.apache.hc.client5.http.impl.io.PoolingHttpClientConnectionManager.connect(PoolingHttpClientConnectionManager.java:490)
	at org.apache.hc.client5.http.impl.classic.InternalExecRuntime.connectEndpoint(InternalExecRuntime.java:164)
	at org.apache.hc.client5.http.impl.classic.InternalExecRuntime.connectEndpoint(InternalExecRuntime.java:174)
	at org.apache.hc.client5.http.impl.classic.ConnectExec.execute(ConnectExec.java:144)
	at org.apache.hc.client5.http.impl.classic.ExecChainElement.execute(ExecChainElement.java:51)
	at org.apache.hc.client5.http.impl.classic.ProtocolExec.execute(ProtocolExec.java:192)
	at org.apache.hc.client5.http.impl.classic.ExecChainElement.execute(ExecChainElement.java:51)
	at org.apache.hc.client5.http.impl.classic.ContentCompressionExec.execute(ContentCompressionExec.java:150)
	at org.apache.hc.client5.http.impl.classic.ExecChainElement.execute(ExecChainElement.java:51)
	at org.apache.hc.client5.http.impl.classic.HttpRequestRetryExec.execute(HttpRequestRetryExec.java:113)
	at org.apache.hc.client5.http.impl.classic.ExecChainElement.execute(ExecChainElement.java:51)
	at org.apache.hc.client5.http.impl.classic.RedirectExec.execute(RedirectExec.java:110)
	at org.apache.hc.client5.http.impl.classic.ExecChainElement.execute(ExecChainElement.java:51)
	at org.apache.hc.client5.http.impl.classic.InternalHttpClient.doExecute(InternalHttpClient.java:174)
	at org.apache.hc.client5.http.impl.classic.CloseableHttpClient.execute(CloseableHttpClient.java:87)
	at org.apache.hc.client5.http.impl.classic.CloseableHttpClient.execute(CloseableHttpClient.java:55)
	at org.apache.hc.client5.http.classic.HttpClient.executeOpen(HttpClient.java:183)
	at org.springframework.http.client.HttpComponentsClientHttpRequest.executeInternal(HttpComponentsClientHttpRequest.java:99)
	at org.springframework.http.client.AbstractStreamingClientHttpRequest.executeInternal(AbstractStreamingClientHttpRequest.java:71)
	at org.springframework.http.client.AbstractClientHttpRequest.execute(AbstractClientHttpRequest.java:81)
	at org.springframework.http.client.InterceptingClientHttpRequest$InterceptingRequestExecution.execute(InterceptingClientHttpRequest.java:117)
	at org.springframework.cloud.netflix.eureka.http.RestTemplateTransportClientFactory.lambda$restTemplate$2(RestTemplateTransportClientFactory.java:145)
	at org.springframework.http.client.InterceptingClientHttpRequest$InterceptingRequestExecution.execute(InterceptingClientHttpRequest.java:88)
	at org.springframework.http.client.InterceptingClientHttpRequest.executeInternal(InterceptingClientHttpRequest.java:72)
	at org.springframework.http.client.AbstractBufferingClientHttpRequest.executeInternal(AbstractBufferingClientHttpRequest.java:48)
	at org.springframework.http.client.AbstractClientHttpRequest.execute(AbstractClientHttpRequest.java:81)
	at org.springframework.web.client.RestTemplate.doExecute(RestTemplate.java:900)
	... 51 more
 
2025-04-21 17:00:33-452 [DiscoveryClient-InstanceInfoReplicator-%d] WARN  c.n.d.s.t.d.RetryableEurekaHttpClient - Request execution failed with message: I/O error on POST request for "http://localhost:8761/eureka/apps/SERVICE-CUSTOMER": Connect to http://localhost:8761 [localhost/127.0.0.1, localhost/0:0:0:0:0:0:0:1] failed: Connection refused: no further information 
2025-04-21 17:00:33-461 [DiscoveryClient-InstanceInfoReplicator-%d] INFO  c.n.d.s.t.d.RedirectingEurekaHttpClient - Request execution error. endpoint=DefaultEndpoint{ serviceUrl='http://localhost:8761/eureka/}, exception=I/O error on POST request for "http://localhost:8761/eureka/apps/SERVICE-CUSTOMER": Connect to http://localhost:8761 [localhost/127.0.0.1, localhost/0:0:0:0:0:0:0:1] failed: Connection refused: no further information stacktrace=org.springframework.web.client.ResourceAccessException: I/O error on POST request for "http://localhost:8761/eureka/apps/SERVICE-CUSTOMER": Connect to http://localhost:8761 [localhost/127.0.0.1, localhost/0:0:0:0:0:0:0:1] failed: Connection refused: no further information
	at org.springframework.web.client.RestTemplate.createResourceAccessException(RestTemplate.java:926)
	at org.springframework.web.client.RestTemplate.doExecute(RestTemplate.java:906)
	at org.springframework.web.client.RestTemplate.execute(RestTemplate.java:841)
	at org.springframework.web.client.RestTemplate.exchange(RestTemplate.java:702)
	at org.springframework.cloud.netflix.eureka.http.RestTemplateEurekaHttpClient.register(RestTemplateEurekaHttpClient.java:87)
	at com.netflix.discovery.shared.transport.decorator.EurekaHttpClientDecorator$1.execute(EurekaHttpClientDecorator.java:59)
	at com.netflix.discovery.shared.transport.decorator.RedirectingEurekaHttpClient.executeOnNewServer(RedirectingEurekaHttpClient.java:121)
	at com.netflix.discovery.shared.transport.decorator.RedirectingEurekaHttpClient.execute(RedirectingEurekaHttpClient.java:80)
	at com.netflix.discovery.shared.transport.decorator.EurekaHttpClientDecorator.register(EurekaHttpClientDecorator.java:56)
	at com.netflix.discovery.shared.transport.decorator.EurekaHttpClientDecorator$1.execute(EurekaHttpClientDecorator.java:59)
	at com.netflix.discovery.shared.transport.decorator.RetryableEurekaHttpClient.execute(RetryableEurekaHttpClient.java:120)
	at com.netflix.discovery.shared.transport.decorator.EurekaHttpClientDecorator.register(EurekaHttpClientDecorator.java:56)
	at com.netflix.discovery.shared.transport.decorator.EurekaHttpClientDecorator$1.execute(EurekaHttpClientDecorator.java:59)
	at com.netflix.discovery.shared.transport.decorator.SessionedEurekaHttpClient.execute(SessionedEurekaHttpClient.java:76)
	at com.netflix.discovery.shared.transport.decorator.EurekaHttpClientDecorator.register(EurekaHttpClientDecorator.java:56)
	at com.netflix.discovery.DiscoveryClient.register(DiscoveryClient.java:828)
	at com.netflix.discovery.InstanceInfoReplicator.run(InstanceInfoReplicator.java:125)
	at com.netflix.discovery.InstanceInfoReplicator$2.run(InstanceInfoReplicator.java:105)
	at java.base/java.util.concurrent.Executors$RunnableAdapter.call(Executors.java:539)
	at java.base/java.util.concurrent.FutureTask.run$$$capture(FutureTask.java:264)
	at java.base/java.util.concurrent.FutureTask.run(FutureTask.java)
	at --- Async.Stack.Trace --- (captured by IntelliJ IDEA debugger)
	at java.base/java.util.concurrent.FutureTask.<init>(FutureTask.java:151)
	at java.base/java.util.concurrent.ScheduledThreadPoolExecutor$ScheduledFutureTask.<init>(ScheduledThreadPoolExecutor.java:215)
	at java.base/java.util.concurrent.ScheduledThreadPoolExecutor.schedule(ScheduledThreadPoolExecutor.java:561)
	at java.base/java.util.concurrent.ScheduledThreadPoolExecutor.submit(ScheduledThreadPoolExecutor.java:715)
	at com.netflix.discovery.InstanceInfoReplicator.onDemandUpdate(InstanceInfoReplicator.java:94)
	at com.netflix.discovery.DiscoveryClient$6.notify(DiscoveryClient.java:1298)
	at com.netflix.appinfo.ApplicationInfoManager.setInstanceStatus(ApplicationInfoManager.java:176)
	at java.base/jdk.internal.reflect.NativeMethodAccessorImpl.invoke0(Native Method)
	at java.base/jdk.internal.reflect.NativeMethodAccessorImpl.invoke(NativeMethodAccessorImpl.java:77)
	at java.base/jdk.internal.reflect.DelegatingMethodAccessorImpl.invoke(DelegatingMethodAccessorImpl.java:43)
	at java.base/java.lang.reflect.Method.invoke(Method.java:568)
	at org.springframework.util.ReflectionUtils.invokeMethod(ReflectionUtils.java:281)
	at org.springframework.cloud.context.scope.GenericScope$LockedScopedProxyFactoryBean.invoke(GenericScope.java:482)
	at org.springframework.aop.framework.ReflectiveMethodInvocation.proceed(ReflectiveMethodInvocation.java:184)
	at org.springframework.aop.framework.CglibAopProxy$DynamicAdvisedInterceptor.intercept(CglibAopProxy.java:727)
	at com.netflix.appinfo.ApplicationInfoManager$$SpringCGLIB$$0.setInstanceStatus(<generated>)
	at org.springframework.cloud.netflix.eureka.serviceregistry.EurekaServiceRegistry.deregister(EurekaServiceRegistry.java:95)
	at org.springframework.cloud.netflix.eureka.serviceregistry.EurekaAutoServiceRegistration.stop(EurekaAutoServiceRegistration.java:98)
	at org.springframework.cloud.netflix.eureka.serviceregistry.EurekaAutoServiceRegistration.onApplicationEvent(EurekaAutoServiceRegistration.java:159)
	at org.springframework.cloud.netflix.eureka.serviceregistry.EurekaAutoServiceRegistration.onApplicationEvent(EurekaAutoServiceRegistration.java:140)
	at org.springframework.context.event.SimpleApplicationEventMulticaster.doInvokeListener(SimpleApplicationEventMulticaster.java:185)
	at org.springframework.context.event.SimpleApplicationEventMulticaster.invokeListener(SimpleApplicationEventMulticaster.java:178)
	at org.springframework.context.event.SimpleApplicationEventMulticaster.multicastEvent(SimpleApplicationEventMulticaster.java:156)
	at org.springframework.context.support.AbstractApplicationContext.publishEvent(AbstractApplicationContext.java:454)
	at org.springframework.context.support.AbstractApplicationContext.publishEvent(AbstractApplicationContext.java:387)
	at org.springframework.context.support.AbstractApplicationContext.doClose(AbstractApplicationContext.java:1163)
	at org.springframework.boot.web.reactive.context.ReactiveWebServerApplicationContext.doClose(ReactiveWebServerApplicationContext.java:155)
	at org.springframework.context.support.AbstractApplicationContext.close(AbstractApplicationContext.java:1126)
	at org.springframework.boot.SpringApplicationShutdownHook.closeAndWait(SpringApplicationShutdownHook.java:147)
	at java.base/java.lang.Iterable.forEach(Iterable.java:75)
	at org.springframework.boot.SpringApplicationShutdownHook.run(SpringApplicationShutdownHook.java:116)
	at java.base/java.lang.Thread.run(Thread.java:842)
Caused by: org.apache.hc.client5.http.HttpHostConnectException: Connect to http://localhost:8761 [localhost/127.0.0.1, localhost/0:0:0:0:0:0:0:1] failed: Connection refused: no further information
	at java.base/sun.nio.ch.Net.pollConnect(Native Method)
	at java.base/sun.nio.ch.Net.pollConnectNow(Net.java:672)
	at java.base/sun.nio.ch.NioSocketImpl.timedFinishConnect(NioSocketImpl.java:547)
	at java.base/sun.nio.ch.NioSocketImpl.connect(NioSocketImpl.java:602)
	at java.base/java.net.SocksSocketImpl.connect(SocksSocketImpl.java:327)
	at java.base/java.net.Socket.connect(Socket.java:633)
	at org.apache.hc.client5.http.impl.io.DefaultHttpClientConnectionOperator.connect(DefaultHttpClientConnectionOperator.java:216)
	at org.apache.hc.client5.http.impl.io.PoolingHttpClientConnectionManager.connect(PoolingHttpClientConnectionManager.java:490)
	at org.apache.hc.client5.http.impl.classic.InternalExecRuntime.connectEndpoint(InternalExecRuntime.java:164)
	at org.apache.hc.client5.http.impl.classic.InternalExecRuntime.connectEndpoint(InternalExecRuntime.java:174)
	at org.apache.hc.client5.http.impl.classic.ConnectExec.execute(ConnectExec.java:144)
	at org.apache.hc.client5.http.impl.classic.ExecChainElement.execute(ExecChainElement.java:51)
	at org.apache.hc.client5.http.impl.classic.ProtocolExec.execute(ProtocolExec.java:192)
	at org.apache.hc.client5.http.impl.classic.ExecChainElement.execute(ExecChainElement.java:51)
	at org.apache.hc.client5.http.impl.classic.ContentCompressionExec.execute(ContentCompressionExec.java:150)
	at org.apache.hc.client5.http.impl.classic.ExecChainElement.execute(ExecChainElement.java:51)
	at org.apache.hc.client5.http.impl.classic.HttpRequestRetryExec.execute(HttpRequestRetryExec.java:113)
	at org.apache.hc.client5.http.impl.classic.ExecChainElement.execute(ExecChainElement.java:51)
	at org.apache.hc.client5.http.impl.classic.RedirectExec.execute(RedirectExec.java:110)
	at org.apache.hc.client5.http.impl.classic.ExecChainElement.execute(ExecChainElement.java:51)
	at org.apache.hc.client5.http.impl.classic.InternalHttpClient.doExecute(InternalHttpClient.java:174)
	at org.apache.hc.client5.http.impl.classic.CloseableHttpClient.execute(CloseableHttpClient.java:87)
	at org.apache.hc.client5.http.impl.classic.CloseableHttpClient.execute(CloseableHttpClient.java:55)
	at org.apache.hc.client5.http.classic.HttpClient.executeOpen(HttpClient.java:183)
	at org.springframework.http.client.HttpComponentsClientHttpRequest.executeInternal(HttpComponentsClientHttpRequest.java:99)
	at org.springframework.http.client.AbstractStreamingClientHttpRequest.executeInternal(AbstractStreamingClientHttpRequest.java:71)
	at org.springframework.http.client.AbstractClientHttpRequest.execute(AbstractClientHttpRequest.java:81)
	at org.springframework.http.client.InterceptingClientHttpRequest$InterceptingRequestExecution.execute(InterceptingClientHttpRequest.java:117)
	at org.springframework.cloud.netflix.eureka.http.RestTemplateTransportClientFactory.lambda$restTemplate$2(RestTemplateTransportClientFactory.java:145)
	at org.springframework.http.client.InterceptingClientHttpRequest$InterceptingRequestExecution.execute(InterceptingClientHttpRequest.java:88)
	at org.springframework.http.client.InterceptingClientHttpRequest.executeInternal(InterceptingClientHttpRequest.java:72)
	at org.springframework.http.client.AbstractBufferingClientHttpRequest.executeInternal(AbstractBufferingClientHttpRequest.java:48)
	at org.springframework.http.client.AbstractClientHttpRequest.execute(AbstractClientHttpRequest.java:81)
	at org.springframework.web.client.RestTemplate.doExecute(RestTemplate.java:900)
	... 52 more
 
2025-04-21 17:00:33-462 [DiscoveryClient-InstanceInfoReplicator-%d] WARN  c.n.d.s.t.d.RetryableEurekaHttpClient - Request execution failed with message: I/O error on POST request for "http://localhost:8761/eureka/apps/SERVICE-CUSTOMER": Connect to http://localhost:8761 [localhost/127.0.0.1, localhost/0:0:0:0:0:0:0:1] failed: Connection refused: no further information 
2025-04-21 17:00:33-463 [DiscoveryClient-InstanceInfoReplicator-%d] WARN  c.netflix.discovery.DiscoveryClient - DiscoveryClient_SERVICE-CUSTOMER/192.168.1.11:service-customer:8181 - registration failed Cannot execute request on any known server 
com.netflix.discovery.shared.transport.TransportException: Cannot execute request on any known server
	at com.netflix.discovery.shared.transport.decorator.RetryableEurekaHttpClient.execute(RetryableEurekaHttpClient.java:112)
	at com.netflix.discovery.shared.transport.decorator.EurekaHttpClientDecorator.register(EurekaHttpClientDecorator.java:56)
	at com.netflix.discovery.shared.transport.decorator.EurekaHttpClientDecorator$1.execute(EurekaHttpClientDecorator.java:59)
	at com.netflix.discovery.shared.transport.decorator.SessionedEurekaHttpClient.execute(SessionedEurekaHttpClient.java:76)
	at com.netflix.discovery.shared.transport.decorator.EurekaHttpClientDecorator.register(EurekaHttpClientDecorator.java:56)
	at com.netflix.discovery.DiscoveryClient.register(DiscoveryClient.java:828)
	at com.netflix.discovery.InstanceInfoReplicator.run(InstanceInfoReplicator.java:125)
	at com.netflix.discovery.InstanceInfoReplicator$2.run(InstanceInfoReplicator.java:105)
	at java.base/java.util.concurrent.Executors$RunnableAdapter.call(Executors.java:539)
	at java.base/java.util.concurrent.FutureTask.run$$$capture(FutureTask.java:264)
	at java.base/java.util.concurrent.FutureTask.run(FutureTask.java)
	at java.base/java.util.concurrent.ScheduledThreadPoolExecutor$ScheduledFutureTask.run(ScheduledThreadPoolExecutor.java:304)
	at java.base/java.util.concurrent.ThreadPoolExecutor.runWorker(ThreadPoolExecutor.java:1136)
	at java.base/java.util.concurrent.ThreadPoolExecutor$Worker.run(ThreadPoolExecutor.java:635)
	at java.base/java.lang.Thread.run(Thread.java:842)
2025-04-21 17:00:33-464 [DiscoveryClient-InstanceInfoReplicator-%d] WARN  c.n.discovery.InstanceInfoReplicator - There was a problem with the instance info replicator 
com.netflix.discovery.shared.transport.TransportException: Cannot execute request on any known server
	at com.netflix.discovery.shared.transport.decorator.RetryableEurekaHttpClient.execute(RetryableEurekaHttpClient.java:112)
	at com.netflix.discovery.shared.transport.decorator.EurekaHttpClientDecorator.register(EurekaHttpClientDecorator.java:56)
	at com.netflix.discovery.shared.transport.decorator.EurekaHttpClientDecorator$1.execute(EurekaHttpClientDecorator.java:59)
	at com.netflix.discovery.shared.transport.decorator.SessionedEurekaHttpClient.execute(SessionedEurekaHttpClient.java:76)
	at com.netflix.discovery.shared.transport.decorator.EurekaHttpClientDecorator.register(EurekaHttpClientDecorator.java:56)
	at com.netflix.discovery.DiscoveryClient.register(DiscoveryClient.java:828)
	at com.netflix.discovery.InstanceInfoReplicator.run(InstanceInfoReplicator.java:125)
	at com.netflix.discovery.InstanceInfoReplicator$2.run(InstanceInfoReplicator.java:105)
	at java.base/java.util.concurrent.Executors$RunnableAdapter.call(Executors.java:539)
	at java.base/java.util.concurrent.FutureTask.run$$$capture(FutureTask.java:264)
	at java.base/java.util.concurrent.FutureTask.run(FutureTask.java)
	at java.base/java.util.concurrent.ScheduledThreadPoolExecutor$ScheduledFutureTask.run(ScheduledThreadPoolExecutor.java:304)
	at java.base/java.util.concurrent.ThreadPoolExecutor.runWorker(ThreadPoolExecutor.java:1136)
	at java.base/java.util.concurrent.ThreadPoolExecutor$Worker.run(ThreadPoolExecutor.java:635)
	at java.base/java.lang.Thread.run(Thread.java:842)
2025-04-21 17:00:33-496 [SpringApplicationShutdownHook] INFO  o.s.b.w.e.netty.GracefulShutdown - Commencing graceful shutdown. Waiting for active requests to complete 
2025-04-21 17:00:33-560 [netty-shutdown] INFO  o.s.b.w.e.netty.GracefulShutdown - Graceful shutdown complete 
2025-04-21 17:00:37-908 [SpringApplicationShutdownHook] INFO  c.netflix.discovery.DiscoveryClient - Shutting down DiscoveryClient ... 
2025-04-21 17:00:40-912 [SpringApplicationShutdownHook] INFO  c.netflix.discovery.DiscoveryClient - Unregistering ... 
2025-04-21 17:00:40-961 [SpringApplicationShutdownHook] INFO  c.n.d.s.t.d.RedirectingEurekaHttpClient - Request execution error. endpoint=DefaultEndpoint{ serviceUrl='http://localhost:8761/eureka/}, exception=I/O error on DELETE request for "http://localhost:8761/eureka/apps/SERVICE-CUSTOMER/192.168.1.11:service-customer:8181": Connect to http://localhost:8761 [localhost/127.0.0.1, localhost/0:0:0:0:0:0:0:1] failed: Connection refused: no further information stacktrace=org.springframework.web.client.ResourceAccessException: I/O error on DELETE request for "http://localhost:8761/eureka/apps/SERVICE-CUSTOMER/192.168.1.11:service-customer:8181": Connect to http://localhost:8761 [localhost/127.0.0.1, localhost/0:0:0:0:0:0:0:1] failed: Connection refused: no further information
	at org.springframework.web.client.RestTemplate.createResourceAccessException(RestTemplate.java:926)
	at org.springframework.web.client.RestTemplate.doExecute(RestTemplate.java:906)
	at org.springframework.web.client.RestTemplate.execute(RestTemplate.java:841)
	at org.springframework.web.client.RestTemplate.exchange(RestTemplate.java:702)
	at org.springframework.cloud.netflix.eureka.http.RestTemplateEurekaHttpClient.cancel(RestTemplateEurekaHttpClient.java:100)
	at com.netflix.discovery.shared.transport.decorator.EurekaHttpClientDecorator$2.execute(EurekaHttpClientDecorator.java:74)
	at com.netflix.discovery.shared.transport.decorator.RedirectingEurekaHttpClient.executeOnNewServer(RedirectingEurekaHttpClient.java:121)
	at com.netflix.discovery.shared.transport.decorator.RedirectingEurekaHttpClient.execute(RedirectingEurekaHttpClient.java:80)
	at com.netflix.discovery.shared.transport.decorator.EurekaHttpClientDecorator.cancel(EurekaHttpClientDecorator.java:71)
	at com.netflix.discovery.shared.transport.decorator.EurekaHttpClientDecorator$2.execute(EurekaHttpClientDecorator.java:74)
	at com.netflix.discovery.shared.transport.decorator.RetryableEurekaHttpClient.execute(RetryableEurekaHttpClient.java:120)
	at com.netflix.discovery.shared.transport.decorator.EurekaHttpClientDecorator.cancel(EurekaHttpClientDecorator.java:71)
	at com.netflix.discovery.shared.transport.decorator.EurekaHttpClientDecorator$2.execute(EurekaHttpClientDecorator.java:74)
	at com.netflix.discovery.shared.transport.decorator.SessionedEurekaHttpClient.execute(SessionedEurekaHttpClient.java:76)
	at com.netflix.discovery.shared.transport.decorator.EurekaHttpClientDecorator.cancel(EurekaHttpClientDecorator.java:71)
	at com.netflix.discovery.DiscoveryClient.unregister(DiscoveryClient.java:919)
	at com.netflix.discovery.DiscoveryClient.shutdown(DiscoveryClient.java:900)
	at java.base/jdk.internal.reflect.NativeMethodAccessorImpl.invoke0(Native Method)
	at java.base/jdk.internal.reflect.NativeMethodAccessorImpl.invoke(NativeMethodAccessorImpl.java:77)
	at java.base/jdk.internal.reflect.DelegatingMethodAccessorImpl.invoke(DelegatingMethodAccessorImpl.java:43)
	at java.base/java.lang.reflect.Method.invoke(Method.java:568)
	at org.springframework.beans.factory.annotation.InitDestroyAnnotationBeanPostProcessor$LifecycleMethod.invoke(InitDestroyAnnotationBeanPostProcessor.java:457)
	at org.springframework.beans.factory.annotation.InitDestroyAnnotationBeanPostProcessor$LifecycleMetadata.invokeDestroyMethods(InitDestroyAnnotationBeanPostProcessor.java:415)
	at org.springframework.beans.factory.annotation.InitDestroyAnnotationBeanPostProcessor.postProcessBeforeDestruction(InitDestroyAnnotationBeanPostProcessor.java:239)
	at org.springframework.beans.factory.support.DisposableBeanAdapter.destroy(DisposableBeanAdapter.java:202)
	at org.springframework.beans.factory.support.DisposableBeanAdapter.run(DisposableBeanAdapter.java:195)
	at org.springframework.cloud.context.scope.GenericScope$BeanLifecycleWrapper.destroy(GenericScope.java:389)
	at org.springframework.cloud.context.scope.GenericScope.destroy(GenericScope.java:136)
	at org.springframework.beans.factory.support.DisposableBeanAdapter.destroy(DisposableBeanAdapter.java:211)
	at org.springframework.beans.factory.support.DefaultSingletonBeanRegistry.destroyBean(DefaultSingletonBeanRegistry.java:745)
	at org.springframework.beans.factory.support.DefaultSingletonBeanRegistry.destroySingleton(DefaultSingletonBeanRegistry.java:702)
	at org.springframework.beans.factory.support.DefaultListableBeanFactory.destroySingleton(DefaultListableBeanFactory.java:1401)
	at org.springframework.beans.factory.support.DefaultSingletonBeanRegistry.destroySingletons(DefaultSingletonBeanRegistry.java:661)
	at org.springframework.beans.factory.support.DefaultListableBeanFactory.destroySingletons(DefaultListableBeanFactory.java:1394)
	at org.springframework.context.support.AbstractApplicationContext.destroyBeans(AbstractApplicationContext.java:1219)
	at org.springframework.context.support.AbstractApplicationContext.doClose(AbstractApplicationContext.java:1180)
	at org.springframework.boot.web.reactive.context.ReactiveWebServerApplicationContext.doClose(ReactiveWebServerApplicationContext.java:155)
	at org.springframework.context.support.AbstractApplicationContext.close(AbstractApplicationContext.java:1126)
	at org.springframework.boot.SpringApplicationShutdownHook.closeAndWait(SpringApplicationShutdownHook.java:147)
	at java.base/java.lang.Iterable.forEach(Iterable.java:75)
	at org.springframework.boot.SpringApplicationShutdownHook.run(SpringApplicationShutdownHook.java:116)
	at java.base/java.lang.Thread.run(Thread.java:842)
Caused by: org.apache.hc.client5.http.HttpHostConnectException: Connect to http://localhost:8761 [localhost/127.0.0.1, localhost/0:0:0:0:0:0:0:1] failed: Connection refused: no further information
	at java.base/sun.nio.ch.Net.pollConnect(Native Method)
	at java.base/sun.nio.ch.Net.pollConnectNow(Net.java:672)
	at java.base/sun.nio.ch.NioSocketImpl.timedFinishConnect(NioSocketImpl.java:547)
	at java.base/sun.nio.ch.NioSocketImpl.connect(NioSocketImpl.java:602)
	at java.base/java.net.SocksSocketImpl.connect(SocksSocketImpl.java:327)
	at java.base/java.net.Socket.connect(Socket.java:633)
	at org.apache.hc.client5.http.impl.io.DefaultHttpClientConnectionOperator.connect(DefaultHttpClientConnectionOperator.java:216)
	at org.apache.hc.client5.http.impl.io.PoolingHttpClientConnectionManager.connect(PoolingHttpClientConnectionManager.java:490)
	at org.apache.hc.client5.http.impl.classic.InternalExecRuntime.connectEndpoint(InternalExecRuntime.java:164)
	at org.apache.hc.client5.http.impl.classic.InternalExecRuntime.connectEndpoint(InternalExecRuntime.java:174)
	at org.apache.hc.client5.http.impl.classic.ConnectExec.execute(ConnectExec.java:144)
	at org.apache.hc.client5.http.impl.classic.ExecChainElement.execute(ExecChainElement.java:51)
	at org.apache.hc.client5.http.impl.classic.ProtocolExec.execute(ProtocolExec.java:192)
	at org.apache.hc.client5.http.impl.classic.ExecChainElement.execute(ExecChainElement.java:51)
	at org.apache.hc.client5.http.impl.classic.ContentCompressionExec.execute(ContentCompressionExec.java:150)
	at org.apache.hc.client5.http.impl.classic.ExecChainElement.execute(ExecChainElement.java:51)
	at org.apache.hc.client5.http.impl.classic.HttpRequestRetryExec.execute(HttpRequestRetryExec.java:113)
	at org.apache.hc.client5.http.impl.classic.ExecChainElement.execute(ExecChainElement.java:51)
	at org.apache.hc.client5.http.impl.classic.RedirectExec.execute(RedirectExec.java:110)
	at org.apache.hc.client5.http.impl.classic.ExecChainElement.execute(ExecChainElement.java:51)
	at org.apache.hc.client5.http.impl.classic.InternalHttpClient.doExecute(InternalHttpClient.java:174)
	at org.apache.hc.client5.http.impl.classic.CloseableHttpClient.execute(CloseableHttpClient.java:87)
	at org.apache.hc.client5.http.impl.classic.CloseableHttpClient.execute(CloseableHttpClient.java:55)
	at org.apache.hc.client5.http.classic.HttpClient.executeOpen(HttpClient.java:183)
	at org.springframework.http.client.HttpComponentsClientHttpRequest.executeInternal(HttpComponentsClientHttpRequest.java:99)
	at org.springframework.http.client.AbstractStreamingClientHttpRequest.executeInternal(AbstractStreamingClientHttpRequest.java:71)
	at org.springframework.http.client.AbstractClientHttpRequest.execute(AbstractClientHttpRequest.java:81)
	at org.springframework.http.client.InterceptingClientHttpRequest$InterceptingRequestExecution.execute(InterceptingClientHttpRequest.java:117)
	at org.springframework.cloud.netflix.eureka.http.RestTemplateTransportClientFactory.lambda$restTemplate$2(RestTemplateTransportClientFactory.java:145)
	at org.springframework.http.client.InterceptingClientHttpRequest$InterceptingRequestExecution.execute(InterceptingClientHttpRequest.java:88)
	at org.springframework.http.client.InterceptingClientHttpRequest.executeInternal(InterceptingClientHttpRequest.java:72)
	at org.springframework.http.client.AbstractBufferingClientHttpRequest.executeInternal(AbstractBufferingClientHttpRequest.java:48)
	at org.springframework.http.client.AbstractClientHttpRequest.execute(AbstractClientHttpRequest.java:81)
	at org.springframework.web.client.RestTemplate.doExecute(RestTemplate.java:900)
	... 40 more
 
2025-04-21 17:00:40-961 [SpringApplicationShutdownHook] WARN  c.n.d.s.t.d.RetryableEurekaHttpClient - Request execution failed with message: I/O error on DELETE request for "http://localhost:8761/eureka/apps/SERVICE-CUSTOMER/192.168.1.11:service-customer:8181": Connect to http://localhost:8761 [localhost/127.0.0.1, localhost/0:0:0:0:0:0:0:1] failed: Connection refused: no further information 
2025-04-21 17:00:40-961 [SpringApplicationShutdownHook] ERROR c.netflix.discovery.DiscoveryClient - DiscoveryClient_SERVICE-CUSTOMER/192.168.1.11:service-customer:8181 - de-registration failedCannot execute request on any known server 
com.netflix.discovery.shared.transport.TransportException: Cannot execute request on any known server
	at com.netflix.discovery.shared.transport.decorator.RetryableEurekaHttpClient.execute(RetryableEurekaHttpClient.java:112)
	at com.netflix.discovery.shared.transport.decorator.EurekaHttpClientDecorator.cancel(EurekaHttpClientDecorator.java:71)
	at com.netflix.discovery.shared.transport.decorator.EurekaHttpClientDecorator$2.execute(EurekaHttpClientDecorator.java:74)
	at com.netflix.discovery.shared.transport.decorator.SessionedEurekaHttpClient.execute(SessionedEurekaHttpClient.java:76)
	at com.netflix.discovery.shared.transport.decorator.EurekaHttpClientDecorator.cancel(EurekaHttpClientDecorator.java:71)
	at com.netflix.discovery.DiscoveryClient.unregister(DiscoveryClient.java:919)
	at com.netflix.discovery.DiscoveryClient.shutdown(DiscoveryClient.java:900)
	at java.base/jdk.internal.reflect.NativeMethodAccessorImpl.invoke0(Native Method)
	at java.base/jdk.internal.reflect.NativeMethodAccessorImpl.invoke(NativeMethodAccessorImpl.java:77)
	at java.base/jdk.internal.reflect.DelegatingMethodAccessorImpl.invoke(DelegatingMethodAccessorImpl.java:43)
	at java.base/java.lang.reflect.Method.invoke(Method.java:568)
	at org.springframework.beans.factory.annotation.InitDestroyAnnotationBeanPostProcessor$LifecycleMethod.invoke(InitDestroyAnnotationBeanPostProcessor.java:457)
	at org.springframework.beans.factory.annotation.InitDestroyAnnotationBeanPostProcessor$LifecycleMetadata.invokeDestroyMethods(InitDestroyAnnotationBeanPostProcessor.java:415)
	at org.springframework.beans.factory.annotation.InitDestroyAnnotationBeanPostProcessor.postProcessBeforeDestruction(InitDestroyAnnotationBeanPostProcessor.java:239)
	at org.springframework.beans.factory.support.DisposableBeanAdapter.destroy(DisposableBeanAdapter.java:202)
	at org.springframework.beans.factory.support.DisposableBeanAdapter.run(DisposableBeanAdapter.java:195)
	at org.springframework.cloud.context.scope.GenericScope$BeanLifecycleWrapper.destroy(GenericScope.java:389)
	at org.springframework.cloud.context.scope.GenericScope.destroy(GenericScope.java:136)
	at org.springframework.beans.factory.support.DisposableBeanAdapter.destroy(DisposableBeanAdapter.java:211)
	at org.springframework.beans.factory.support.DefaultSingletonBeanRegistry.destroyBean(DefaultSingletonBeanRegistry.java:745)
	at org.springframework.beans.factory.support.DefaultSingletonBeanRegistry.destroySingleton(DefaultSingletonBeanRegistry.java:702)
	at org.springframework.beans.factory.support.DefaultListableBeanFactory.destroySingleton(DefaultListableBeanFactory.java:1401)
	at org.springframework.beans.factory.support.DefaultSingletonBeanRegistry.destroySingletons(DefaultSingletonBeanRegistry.java:661)
	at org.springframework.beans.factory.support.DefaultListableBeanFactory.destroySingletons(DefaultListableBeanFactory.java:1394)
	at org.springframework.context.support.AbstractApplicationContext.destroyBeans(AbstractApplicationContext.java:1219)
	at org.springframework.context.support.AbstractApplicationContext.doClose(AbstractApplicationContext.java:1180)
	at org.springframework.boot.web.reactive.context.ReactiveWebServerApplicationContext.doClose(ReactiveWebServerApplicationContext.java:155)
	at org.springframework.context.support.AbstractApplicationContext.close(AbstractApplicationContext.java:1126)
	at org.springframework.boot.SpringApplicationShutdownHook.closeAndWait(SpringApplicationShutdownHook.java:147)
	at java.base/java.lang.Iterable.forEach(Iterable.java:75)
	at org.springframework.boot.SpringApplicationShutdownHook.run(SpringApplicationShutdownHook.java:116)
	at java.base/java.lang.Thread.run(Thread.java:842)
2025-04-21 17:00:40-963 [SpringApplicationShutdownHook] INFO  c.netflix.discovery.DiscoveryClient - Completed shut down of DiscoveryClient 
